timestamp,sensor,variable,value
1779906785819,imu,accel_x,1.85
1779906785819,imu,accel_y,1.22
1779906785819,imu,accel_z,9.84
1779906785819,imu,gyro_x,-0.36
1779906785819,imu,gyro_y,0.26
1779906785819,imu,gyro_z,-0.43
1779906785819,imu,mag_x,3.3000000000000003
1779906785819,imu,mag_y,-28.6
1779906785819,imu,mag_z,14.200000000000001
1779906785918,baro,presion,1012.0
1779906785918,baro,temp,19.72
1779906785918,baro,alt,499.3
1779906786019,gps,lat,-33.299706
1779906786019,gps,lon,-70.599595
1779906786019,gps,alt,502.0
1779906786821,imu,accel_x,1.3800000000000001
1779906786821,imu,accel_y,-1.5
1779906786821,imu,accel_z,9.84
1779906786821,imu,gyro_x,-0.28
1779906786821,imu,gyro_y,0.0
1779906786821,imu,gyro_z,0.32
1779906786821,imu,mag_x,13.100000000000001
1779906786821,imu,mag_y,-5.4
1779906786821,imu,mag_z,-14.600000000000001
1779906786921,baro,presion,1012.5
1779906786921,baro,temp,20.32
1779906786921,baro,alt,500.8
1779906787022,gps,lat,-33.299669
1779906787022,gps,lon,-70.600003
1779906787022,gps,alt,497.0
1779906787824,imu,accel_x,-1.23
1779906787824,imu,accel_y,-0.32
1779906787824,imu,accel_z,9.77
1779906787824,imu,gyro_x,0.48
1779906787824,imu,gyro_y,0.02
1779906787824,imu,gyro_z,-0.38
1779906787824,imu,mag_x,-14.4
1779906787824,imu,mag_y,-27.3
1779906787824,imu,mag_z,19.5
1779906787923,baro,presion,1013.3
1779906787923,baro,temp,19.71
1779906787923,baro,alt,500.1
1779906788024,gps,lat,-33.299401
1779906788024,gps,lon,-70.600394
1779906788024,gps,alt,498.0
1779906788827,imu,accel_x,-1.76
1779906788827,imu,accel_y,-1.49
1779906788827,imu,accel_z,9.81
1779906788827,imu,gyro_x,-0.08
1779906788827,imu,gyro_y,-0.21
1779906788827,imu,gyro_z,0.49
1779906788827,imu,mag_x,-8.4
1779906788827,imu,mag_y,16.400000000000002
1779906788827,imu,mag_z,-25.5
1779906788926,baro,presion,1013.9
1779906788926,baro,temp,19.75
1779906788926,baro,alt,500.3
1779906789027,gps,lat,-33.299796
1779906789027,gps,lon,-70.599061
1779906789027,gps,alt,501.0
1779906789830,imu,accel_x,-0.07
1779906789830,imu,accel_y,0.67
1779906789830,imu,accel_z,9.870000000000001
1779906789830,imu,gyro_x,-0.45
1779906789830,imu,gyro_y,0.49
1779906789830,imu,gyro_z,0.37
1779906789830,imu,mag_x,-5.2
1779906789830,imu,mag_y,1.3
1779906789830,imu,mag_z,-1.7000000000000002
1779906789929,baro,presion,1012.4
1779906789929,baro,temp,19.71
1779906789929,baro,alt,500.7
1779906790030,gps,lat,-33.299597
1779906790030,gps,lon,-70.60059
1779906790030,gps,alt,503.0
1779906790832,imu,accel_x,0.53
1779906790832,imu,accel_y,1.49
1779906790832,imu,accel_z,9.76
1779906790832,imu,gyro_x,-0.37
1779906790832,imu,gyro_y,-0.05
1779906790832,imu,gyro_z,0.03
1779906790832,imu,mag_x,19.1
1779906790832,imu,mag_y,-3.4000000000000004
1779906790832,imu,mag_z,-5.6000000000000005
1779906790932,baro,presion,1013.0
1779906790932,baro,temp,20.33
1779906790932,baro,alt,500.7
1779906791032,gps,lat,-33.30069
1779906791032,gps,lon,-70.600533
1779906791032,gps,alt,497.0
1779906791835,imu,accel_x,-0.42
1779906791835,imu,accel_y,-1.68
1779906791835,imu,accel_z,9.72
1779906791835,imu,gyro_x,0.09
1779906791835,imu,gyro_y,0.14
1779906791835,imu,gyro_z,0.32
1779906791835,imu,mag_x,9.1
1779906791835,imu,mag_y,28.1
1779906791835,imu,mag_z,5.6000000000000005
1779906791934,baro,presion,1013.7
1779906791934,baro,temp,20.37
1779906791934,baro,alt,500.1
1779906792035,gps,lat,-33.299805
1779906792035,gps,lon,-70.600667
1779906792035,gps,alt,497.0
1779906792838,imu,accel_x,-1.3
1779906792838,imu,accel_y,1.8
1779906792838,imu,accel_z,9.8
1779906792838,imu,gyro_x,-0.01
1779906792838,imu,gyro_y,0.48
1779906792838,imu,gyro_z,0.47000000000000003
1779906792838,imu,mag_x,22.5
1779906792838,imu,mag_y,3.1
1779906792838,imu,mag_z,9.0
1779906792937,baro,presion,1013.7
1779906792937,baro,temp,20.39
1779906792937,baro,alt,499.6
1779906793039,gps,lat,-33.299567
1779906793039,gps,lon,-70.600835
1779906793039,gps,alt,502.0
1779906793841,imu,accel_x,1.73
1779906793841,imu,accel_y,0.07
1779906793841,imu,accel_z,9.73
1779906793841,imu,gyro_x,-0.46
1779906793841,imu,gyro_y,0.11
1779906793841,imu,gyro_z,-0.44
1779906793841,imu,mag_x,-10.700000000000001
1779906793841,imu,mag_y,12.700000000000001
1779906793841,imu,mag_z,-22.400000000000002
1779906793940,baro,presion,1012.2
1779906793940,baro,temp,20.19
1779906793940,baro,alt,499.3
1779906794040,gps,lat,-33.299686
1779906794040,gps,lon,-70.60091
1779906794040,gps,alt,495.0
1779906794842,imu,accel_x,0.8300000000000001
1779906794842,imu,accel_y,-0.44
1779906794842,imu,accel_z,9.81
1779906794842,imu,gyro_x,0.06
1779906794842,imu,gyro_y,-0.43
1779906794842,imu,gyro_z,0.04
1779906794842,imu,mag_x,0.7000000000000001
1779906794842,imu,mag_y,-20.1
1779906794842,imu,mag_z,8.6
1779906794942,baro,presion,1013.1
1779906794942,baro,temp,20.05
1779906794942,baro,alt,500.2
1779906795043,gps,lat,-33.299334
1779906795043,gps,lon,-70.599333
1779906795043,gps,alt,501.0
1779906795846,imu,accel_x,-0.5700000000000001
1779906795846,imu,accel_y,-1.49
1779906795846,imu,accel_z,9.76
1779906795846,imu,gyro_x,-0.35000000000000003
1779906795846,imu,gyro_y,0.05
1779906795846,imu,gyro_z,-0.27
1779906795846,imu,mag_x,11.600000000000001
1779906795846,imu,mag_y,18.8
1779906795846,imu,mag_z,22.1
1779906795945,baro,presion,1013.5
1779906795945,baro,temp,19.51
1779906795945,baro,alt,500.8
1779906796045,gps,lat,-33.299604
1779906796045,gps,lon,-70.600174
1779906796045,gps,alt,501.0
1779906796849,imu,accel_x,-1.0
1779906796849,imu,accel_y,-0.18
1779906796849,imu,accel_z,9.82
1779906796849,imu,gyro_x,0.23
1779906796849,imu,gyro_y,-0.22
1779906796849,imu,gyro_z,0.07
1779906796849,imu,mag_x,27.6
1779906796849,imu,mag_y,13.8
1779906796849,imu,mag_z,5.9
1779906796947,baro,presion,1013.6
1779906796947,baro,temp,19.98
1779906796947,baro,alt,499.5
1779906797048,gps,lat,-33.300122
1779906797048,gps,lon,-70.599867
1779906797048,gps,alt,501.0
1779906797851,imu,accel_x,1.02
1779906797851,imu,accel_y,-1.0
1779906797851,imu,accel_z,9.74
1779906797851,imu,gyro_x,0.14
1779906797851,imu,gyro_y,0.23
1779906797851,imu,gyro_z,-0.34
1779906797851,imu,mag_x,25.700000000000003
1779906797851,imu,mag_y,-3.6
1779906797851,imu,mag_z,5.4
1779906797950,baro,presion,1012.3
1779906797950,baro,temp,20.12
1779906797950,baro,alt,500.0
1779906798052,gps,lat,-33.299206
1779906798052,gps,lon,-70.600712
1779906798052,gps,alt,499.0
1779906798854,imu,accel_x,-1.0
1779906798854,imu,accel_y,-1.94
1779906798854,imu,accel_z,9.86
1779906798854,imu,gyro_x,0.42
1779906798854,imu,gyro_y,-0.15
1779906798854,imu,gyro_z,-0.41000000000000003
1779906798854,imu,mag_x,-6.800000000000001
1779906798854,imu,mag_y,-1.3
1779906798854,imu,mag_z,-11.8
1779906798953,baro,presion,1013.1
1779906798953,baro,temp,20.18
1779906798953,baro,alt,500.7
1779906799054,gps,lat,-33.299383
1779906799054,gps,lon,-70.600014
1779906799054,gps,alt,504.0
1779906799856,imu,accel_x,1.01
1779906799856,imu,accel_y,-0.21
1779906799856,imu,accel_z,9.85
1779906799856,imu,gyro_x,-0.04
1779906799856,imu,gyro_y,-0.05
1779906799856,imu,gyro_z,-0.2
1779906799856,imu,mag_x,3.2
1779906799856,imu,mag_y,-5.2
1779906799856,imu,mag_z,-28.400000000000002
1779906799956,baro,presion,1013.9
1779906799956,baro,temp,20.34
1779906799956,baro,alt,500.4
1779906800057,gps,lat,-33.299145
1779906800057,gps,lon,-70.599683
1779906800057,gps,alt,502.0
1779906800859,imu,accel_x,1.11
1779906800859,imu,accel_y,-1.71
1779906800859,imu,accel_z,9.85
1779906800859,imu,gyro_x,0.0
1779906800859,imu,gyro_y,0.06
1779906800859,imu,gyro_z,0.39
1779906800859,imu,mag_x,-8.8
1779906800859,imu,mag_y,26.1
1779906800859,imu,mag_z,5.9
1779906800959,baro,presion,1013.7
1779906800959,baro,temp,19.95
1779906800959,baro,alt,500.9
1779906801059,gps,lat,-33.300869
1779906801059,gps,lon,-70.600706
1779906801059,gps,alt,502.0
1779906801861,imu,accel_x,1.53
1779906801861,imu,accel_y,0.25
1779906801861,imu,accel_z,9.71
1779906801861,imu,gyro_x,0.31
1779906801861,imu,gyro_y,0.13
1779906801861,imu,gyro_z,0.48
1779906801861,imu,mag_x,-25.8
1779906801861,imu,mag_y,19.700000000000003
1779906801861,imu,mag_z,-24.700000000000003
1779906801961,baro,presion,1012.5
1779906801961,baro,temp,19.7
1779906801961,baro,alt,500.0
1779906802063,gps,lat,-33.299457
1779906802063,gps,lon,-70.599875
1779906802063,gps,alt,495.0
1779906802864,imu,accel_x,-0.35000000000000003
1779906802864,imu,accel_y,1.95
1779906802864,imu,accel_z,9.72
1779906802864,imu,gyro_x,-0.16
1779906802864,imu,gyro_y,-0.4
1779906802864,imu,gyro_z,-0.39
1779906802864,imu,mag_x,0.6000000000000001
1779906802864,imu,mag_y,17.400000000000002
1779906802864,imu,mag_z,-13.9
1779906802965,baro,presion,1012.6
1779906802965,baro,temp,19.73
1779906802965,baro,alt,500.1
1779906803065,gps,lat,-33.300459
1779906803065,gps,lon,-70.600957
1779906803065,gps,alt,498.0
1779906803867,imu,accel_x,-1.16
1779906803867,imu,accel_y,-1.82
1779906803867,imu,accel_z,9.71
1779906803867,imu,gyro_x,-0.04
1779906803867,imu,gyro_y,0.12
1779906803867,imu,gyro_z,0.22
1779906803867,imu,mag_x,-25.1
1779906803867,imu,mag_y,8.8
1779906803867,imu,mag_z,-7.4
1779906803967,baro,presion,1013.4
1779906803967,baro,temp,19.94
1779906803967,baro,alt,499.5
1779906804069,gps,lat,-33.300219
1779906804069,gps,lon,-70.600574
1779906804069,gps,alt,498.0
1779906804869,imu,accel_x,0.71
1779906804869,imu,accel_y,0.26
1779906804869,imu,accel_z,9.78
1779906804869,imu,gyro_x,0.09
1779906804869,imu,gyro_y,0.35000000000000003
1779906804869,imu,gyro_z,-0.27
1779906804869,imu,mag_x,25.8
1779906804869,imu,mag_y,-18.8
1779906804869,imu,mag_z,-3.4000000000000004
1779906804969,baro,presion,1012.3
1779906804969,baro,temp,19.73
1779906804969,baro,alt,499.2
1779906805070,gps,lat,-33.299826
1779906805070,gps,lon,-70.600677
1779906805070,gps,alt,498.0
1779906805873,imu,accel_x,-1.37
1779906805873,imu,accel_y,-1.54
1779906805873,imu,accel_z,9.72
1779906805873,imu,gyro_x,0.44
1779906805873,imu,gyro_y,-0.25
1779906805873,imu,gyro_z,-0.14
1779906805873,imu,mag_x,0.9
1779906805873,imu,mag_y,-4.0
1779906805873,imu,mag_z,-16.6
1779906805972,baro,presion,1013.9
1779906805972,baro,temp,20.13
1779906805972,baro,alt,499.2
1779906806072,gps,lat,-33.299609
1779906806072,gps,lon,-70.600669
1779906806072,gps,alt,502.0
1779906806875,imu,accel_x,-1.6300000000000001
1779906806875,imu,accel_y,1.8
1779906806875,imu,accel_z,9.84
1779906806875,imu,gyro_x,0.0
1779906806875,imu,gyro_y,0.43
1779906806875,imu,gyro_z,0.05
1779906806875,imu,mag_x,-25.6
1779906806875,imu,mag_y,22.3
1779906806875,imu,mag_z,28.400000000000002
1779906806974,baro,presion,1013.3
1779906806974,baro,temp,19.8
1779906806974,baro,alt,499.8
1779906807075,gps,lat,-33.299114
1779906807075,gps,lon,-70.59994
1779906807075,gps,alt,503.0
1779906807878,imu,accel_x,-1.04
1779906807878,imu,accel_y,-0.81
1779906807878,imu,accel_z,9.790000000000001
1779906807878,imu,gyro_x,0.29
1779906807878,imu,gyro_y,-0.12
1779906807878,imu,gyro_z,-0.22
1779906807878,imu,mag_x,-29.900000000000002
1779906807878,imu,mag_y,-14.5
1779906807878,imu,mag_z,-27.1
1779906807978,baro,presion,1012.0
1779906807978,baro,temp,20.15
1779906807978,baro,alt,499.1
1779906808078,gps,lat,-33.299226
1779906808078,gps,lon,-70.599727
1779906808078,gps,alt,501.0
1779906808881,imu,accel_x,1.27
1779906808881,imu,accel_y,-0.23
1779906808881,imu,accel_z,9.71
1779906808881,imu,gyro_x,0.13
1779906808881,imu,gyro_y,-0.38
1779906808881,imu,gyro_z,0.2
1779906808881,imu,mag_x,7.0
1779906808881,imu,mag_y,16.1
1779906808881,imu,mag_z,-2.5
1779906808980,baro,presion,1013.4
1779906808980,baro,temp,20.44
1779906808980,baro,alt,499.7
1779906809080,gps,lat,-33.299757
1779906809080,gps,lon,-70.599467
1779906809080,gps,alt,501.0
1779906809882,imu,accel_x,-1.54
1779906809882,imu,accel_y,-0.72
1779906809882,imu,accel_z,9.77
1779906809882,imu,gyro_x,-0.09
1779906809882,imu,gyro_y,0.39
1779906809882,imu,gyro_z,0.36
1779906809882,imu,mag_x,9.8
1779906809882,imu,mag_y,-3.2
1779906809882,imu,mag_z,16.1
1779906809982,baro,presion,1013.7
1779906809982,baro,temp,19.6
1779906809982,baro,alt,500.6
1779906810083,gps,lat,-33.300697
1779906810083,gps,lon,-70.600295
1779906810083,gps,alt,504.0
1779906810886,imu,accel_x,1.58
1779906810886,imu,accel_y,-0.04
1779906810886,imu,accel_z,9.74
1779906810886,imu,gyro_x,0.15
1779906810886,imu,gyro_y,0.36
1779906810886,imu,gyro_z,-0.32
1779906810886,imu,mag_x,1.3
1779906810886,imu,mag_y,26.6
1779906810886,imu,mag_z,-22.1
1779906810985,baro,presion,1013.1
1779906810985,baro,temp,20.08
1779906810985,baro,alt,499.5
1779906811087,gps,lat,-33.299927
1779906811087,gps,lon,-70.600378
1779906811087,gps,alt,498.0
1779906811888,imu,accel_x,-0.17
1779906811888,imu,accel_y,-1.43
1779906811888,imu,accel_z,9.89
1779906811888,imu,gyro_x,0.36
1779906811888,imu,gyro_y,-0.02
1779906811888,imu,gyro_z,-0.25
1779906811888,imu,mag_x,19.0
1779906811888,imu,mag_y,-16.400000000000002
1779906811888,imu,mag_z,-5.9
1779906811987,baro,presion,1012.4
1779906811987,baro,temp,20.2
1779906811987,baro,alt,500.5
1779906812088,gps,lat,-33.300158
1779906812088,gps,lon,-70.600529
1779906812088,gps,alt,500.0
1779906812891,imu,accel_x,-0.24
1779906812891,imu,accel_y,0.28
1779906812891,imu,accel_z,9.77
1779906812891,imu,gyro_x,-0.14
1779906812891,imu,gyro_y,-0.12
1779906812891,imu,gyro_z,0.12
1779906812891,imu,mag_x,9.600000000000001
1779906812891,imu,mag_y,15.600000000000001
1779906812891,imu,mag_z,-0.1
1779906812991,baro,presion,1013.0
1779906812991,baro,temp,20.2
1779906812991,baro,alt,499.6
1779906813091,gps,lat,-33.300029
1779906813091,gps,lon,-70.599783
1779906813091,gps,alt,500.0
1779906813894,imu,accel_x,1.3900000000000001
1779906813894,imu,accel_y,-1.09
1779906813894,imu,accel_z,9.74
1779906813894,imu,gyro_x,-0.37
1779906813894,imu,gyro_y,0.29
1779906813894,imu,gyro_z,-0.46
1779906813894,imu,mag_x,-12.0
1779906813894,imu,mag_y,-20.8
1779906813894,imu,mag_z,-25.200000000000003
1779906813993,baro,presion,1013.1
1779906813993,baro,temp,20.32
1779906813993,baro,alt,499.5
1779906814094,gps,lat,-33.299547
1779906814094,gps,lon,-70.599103
1779906814094,gps,alt,503.0
1779906814897,imu,accel_x,-1.3
1779906814897,imu,accel_y,-1.8800000000000001
1779906814897,imu,accel_z,9.74
1779906814897,imu,gyro_x,0.13
1779906814897,imu,gyro_y,-0.09
1779906814897,imu,gyro_z,-0.04
1779906814897,imu,mag_x,-2.7
1779906814897,imu,mag_y,-28.3
1779906814897,imu,mag_z,26.700000000000003
1779906814996,baro,presion,1012.8
1779906814996,baro,temp,20.15
1779906814996,baro,alt,499.6
1779906815097,gps,lat,-33.29927
1779906815097,gps,lon,-70.600938
1779906815097,gps,alt,497.0
1779906815899,imu,accel_x,1.78
1779906815899,imu,accel_y,1.51
1779906815899,imu,accel_z,9.83
1779906815899,imu,gyro_x,-0.33
1779906815899,imu,gyro_y,-0.49
1779906815899,imu,gyro_z,0.18
1779906815899,imu,mag_x,-12.100000000000001
1779906815899,imu,mag_y,21.1
1779906815899,imu,mag_z,-29.3
1779906815999,baro,presion,1012.9
1779906815999,baro,temp,19.92
1779906815999,baro,alt,500.9
1779906816101,gps,lat,-33.299767
1779906816101,gps,lon,-70.600862
1779906816101,gps,alt,498.0
1779906816902,imu,accel_x,1.5
1779906816902,imu,accel_y,0.12
1779906816902,imu,accel_z,9.81
1779906816902,imu,gyro_x,0.29
1779906816902,imu,gyro_y,-0.4
1779906816902,imu,gyro_z,0.08
1779906816902,imu,mag_x,7.9
1779906816902,imu,mag_y,14.600000000000001
1779906816902,imu,mag_z,5.0
1779906817002,baro,presion,1012.1
1779906817002,baro,temp,20.08
1779906817002,baro,alt,500.6
1779906817102,gps,lat,-33.300149
1779906817102,gps,lon,-70.60089
1779906817102,gps,alt,500.0
1779906817905,imu,accel_x,1.1300000000000001
1779906817905,imu,accel_y,1.96
1779906817905,imu,accel_z,9.74
1779906817905,imu,gyro_x,-0.47000000000000003
1779906817905,imu,gyro_y,0.37
1779906817905,imu,gyro_z,-0.05
1779906817905,imu,mag_x,-9.8
1779906817905,imu,mag_y,-3.1
1779906817905,imu,mag_z,-4.1000000000000005
1779906818005,baro,presion,1013.7
1779906818005,baro,temp,19.71
1779906818005,baro,alt,499.0
1779906818105,gps,lat,-33.300735
1779906818105,gps,lon,-70.60079
1779906818105,gps,alt,497.0
1779906818907,imu,accel_x,-0.67
1779906818907,imu,accel_y,0.72
1779906818907,imu,accel_z,9.75
1779906818907,imu,gyro_x,-0.45
1779906818907,imu,gyro_y,-0.07
1779906818907,imu,gyro_z,-0.05
1779906818907,imu,mag_x,23.700000000000003
1779906818907,imu,mag_y,-8.9
1779906818907,imu,mag_z,22.3
1779906819007,baro,presion,1012.1
1779906819007,baro,temp,20.3
1779906819007,baro,alt,499.9
1779906819107,gps,lat,-33.300109
1779906819107,gps,lon,-70.599987
1779906819107,gps,alt,498.0
1779906819910,imu,accel_x,0.58
1779906819910,imu,accel_y,-1.42
1779906819910,imu,accel_z,9.75
1779906819910,imu,gyro_x,0.46
1779906819910,imu,gyro_y,-0.5
1779906819910,imu,gyro_z,0.39
1779906819910,imu,mag_x,8.0
1779906819910,imu,mag_y,19.900000000000002
1779906819910,imu,mag_z,11.0
1779906820010,baro,presion,1013.7
1779906820010,baro,temp,19.75
1779906820010,baro,alt,500.3
1779906820110,gps,lat,-33.300987
1779906820110,gps,lon,-70.600983
1779906820110,gps,alt,498.0
1779906820912,imu,accel_x,0.5700000000000001
1779906820912,imu,accel_y,-1.44
1779906820912,imu,accel_z,9.82
1779906820912,imu,gyro_x,-0.09
1779906820912,imu,gyro_y,0.19
1779906820912,imu,gyro_z,0.44
1779906820912,imu,mag_x,-29.900000000000002
1779906820912,imu,mag_y,-10.3
1779906820912,imu,mag_z,-8.9
1779906821013,baro,presion,1012.2
1779906821013,baro,temp,20.23
1779906821013,baro,alt,499.6
1779906821113,gps,lat,-33.299952
1779906821113,gps,lon,-70.599858
1779906821113,gps,alt,496.0
1779906821916,imu,accel_x,-0.9
1779906821916,imu,accel_y,-0.09
1779906821916,imu,accel_z,9.81
1779906821916,imu,gyro_x,-0.04
1779906821916,imu,gyro_y,0.01
1779906821916,imu,gyro_z,-0.21
1779906821916,imu,mag_x,-4.800000000000001
1779906821916,imu,mag_y,-17.400000000000002
1779906821916,imu,mag_z,16.3
1779906822015,baro,presion,1012.5
1779906822015,baro,temp,19.75
1779906822015,baro,alt,499.9
1779906822117,gps,lat,-33.299939
1779906822117,gps,lon,-70.600045
1779906822117,gps,alt,500.0
1779906822918,imu,accel_x,-0.78
1779906822918,imu,accel_y,1.7
1779906822918,imu,accel_z,9.81
1779906822918,imu,gyro_x,0.16
1779906822918,imu,gyro_y,0.32
1779906822918,imu,gyro_z,-0.39
1779906822918,imu,mag_x,11.3
1779906822918,imu,mag_y,4.7
1779906822918,imu,mag_z,26.3
1779906823018,baro,presion,1012.1
1779906823018,baro,temp,20.34
1779906823018,baro,alt,499.2
1779906823119,gps,lat,-33.299258
1779906823119,gps,lon,-70.600703
1779906823119,gps,alt,496.0
1779906823921,imu,accel_x,-1.8
1779906823921,imu,accel_y,-0.11
1779906823921,imu,accel_z,9.72
1779906823921,imu,gyro_x,-0.38
1779906823921,imu,gyro_y,-0.02
1779906823921,imu,gyro_z,0.22
1779906823921,imu,mag_x,-16.5
1779906823921,imu,mag_y,-28.200000000000003
1779906823921,imu,mag_z,-18.1
1779906824021,baro,presion,1012.3
1779906824021,baro,temp,19.63
1779906824021,baro,alt,499.6
1779906824121,gps,lat,-33.299446
1779906824121,gps,lon,-70.60023
1779906824121,gps,alt,499.0
1779906824924,imu,accel_x,1.55
1779906824924,imu,accel_y,-0.09
1779906824924,imu,accel_z,9.8
1779906824924,imu,gyro_x,-0.49
1779906824924,imu,gyro_y,0.05
1779906824924,imu,gyro_z,0.22
1779906824924,imu,mag_x,19.900000000000002
1779906824924,imu,mag_y,12.4
1779906824924,imu,mag_z,9.3
1779906825023,baro,presion,1012.0
1779906825023,baro,temp,19.97
1779906825023,baro,alt,499.0
1779906825125,gps,lat,-33.300518
1779906825125,gps,lon,-70.600673
1779906825125,gps,alt,501.0
1779906825926,imu,accel_x,-1.55
1779906825926,imu,accel_y,0.79
1779906825926,imu,accel_z,9.82
1779906825926,imu,gyro_x,-0.08
1779906825926,imu,gyro_y,0.29
1779906825926,imu,gyro_z,-0.22
1779906825926,imu,mag_x,11.100000000000001
1779906825926,imu,mag_y,15.5
1779906825926,imu,mag_z,0.4
1779906826025,baro,presion,1013.5
1779906826025,baro,temp,19.94
1779906826025,baro,alt,499.8
1779906826127,gps,lat,-33.300575
1779906826127,gps,lon,-70.599498
1779906826127,gps,alt,504.0
1779906826929,imu,accel_x,-1.49
1779906826929,imu,accel_y,0.53
1779906826929,imu,accel_z,9.85
1779906826929,imu,gyro_x,0.09
1779906826929,imu,gyro_y,0.29
1779906826929,imu,gyro_z,-0.47000000000000003
1779906826929,imu,mag_x,28.700000000000003
1779906826929,imu,mag_y,-24.900000000000002
1779906826929,imu,mag_z,27.5
1779906827029,baro,presion,1013.9
1779906827029,baro,temp,20.32
1779906827029,baro,alt,500.1
1779906827129,gps,lat,-33.299958
1779906827129,gps,lon,-70.600053
1779906827129,gps,alt,497.0
1779906827932,imu,accel_x,0.25
1779906827932,imu,accel_y,1.52
1779906827932,imu,accel_z,9.8
1779906827932,imu,gyro_x,-0.31
1779906827932,imu,gyro_y,0.17
1779906827932,imu,gyro_z,0.02
1779906827932,imu,mag_x,-29.700000000000003
1779906827932,imu,mag_y,20.700000000000003
1779906827932,imu,mag_z,14.8
1779906828031,baro,presion,1013.1
1779906828031,baro,temp,20.14
1779906828031,baro,alt,499.5
1779906828132,gps,lat,-33.299519
1779906828132,gps,lon,-70.599223
1779906828132,gps,alt,502.0
1779906828935,imu,accel_x,-0.47000000000000003
1779906828935,imu,accel_y,1.28
1779906828935,imu,accel_z,9.75
1779906828935,imu,gyro_x,-0.14
1779906828935,imu,gyro_y,0.05
1779906828935,imu,gyro_z,-0.36
1779906828935,imu,mag_x,8.5
1779906828935,imu,mag_y,-4.1000000000000005
1779906828935,imu,mag_z,25.3
1779906829033,baro,presion,1013.0
1779906829033,baro,temp,20.04
1779906829033,baro,alt,499.3
1779906829135,gps,lat,-33.3009
1779906829135,gps,lon,-70.599755
1779906829135,gps,alt,502.0
1779906829937,imu,accel_x,0.2
1779906829937,imu,accel_y,-0.22
1779906829937,imu,accel_z,9.85
1779906829937,imu,gyro_x,0.06
1779906829937,imu,gyro_y,-0.5
1779906829937,imu,gyro_z,-0.04
1779906829937,imu,mag_x,-30.0
1779906829937,imu,mag_y,-17.900000000000002
1779906829937,imu,mag_z,-21.5
1779906830037,baro,presion,1012.7
1779906830037,baro,temp,20.42
1779906830037,baro,alt,500.0
1779906830137,gps,lat,-33.299339
1779906830137,gps,lon,-70.599867
1779906830137,gps,alt,503.0
1779906830940,imu,accel_x,-0.77
1779906830940,imu,accel_y,1.52
1779906830940,imu,accel_z,9.83
1779906830940,imu,gyro_x,-0.33
1779906830940,imu,gyro_y,0.45
1779906830940,imu,gyro_z,0.19
1779906830940,imu,mag_x,4.800000000000001
1779906830940,imu,mag_y,-12.600000000000001
1779906830940,imu,mag_z,29.5
1779906831039,baro,presion,1012.0
1779906831039,baro,temp,20.39
1779906831039,baro,alt,499.9
1779906831140,gps,lat,-33.299451
1779906831140,gps,lon,-70.600338
1779906831140,gps,alt,503.0
1779906831943,imu,accel_x,-1.11
1779906831943,imu,accel_y,-1.06
1779906831943,imu,accel_z,9.77
1779906831943,imu,gyro_x,0.43
1779906831943,imu,gyro_y,0.37
1779906831943,imu,gyro_z,0.08
1779906831943,imu,mag_x,16.1
1779906831943,imu,mag_y,-12.100000000000001
1779906831943,imu,mag_z,-6.300000000000001
1779906832041,baro,presion,1012.7
1779906832041,baro,temp,19.91
1779906832041,baro,alt,500.9
1779906832143,gps,lat,-33.299225
1779906832143,gps,lon,-70.599355
1779906832143,gps,alt,501.0
1779906832946,imu,accel_x,-1.3
1779906832946,imu,accel_y,-0.51
1779906832946,imu,accel_z,9.84
1779906832946,imu,gyro_x,-0.29
1779906832946,imu,gyro_y,0.47000000000000003
1779906832946,imu,gyro_z,0.34
1779906832946,imu,mag_x,-27.900000000000002
1779906832946,imu,mag_y,-18.5
1779906832946,imu,mag_z,-6.0
1779906833044,baro,presion,1013.3
1779906833044,baro,temp,20.44
1779906833044,baro,alt,499.7
1779906833146,gps,lat,-33.300002
1779906833146,gps,lon,-70.599062
1779906833146,gps,alt,504.0
1779906833948,imu,accel_x,-0.7000000000000001
1779906833948,imu,accel_y,-1.92
1779906833948,imu,accel_z,9.790000000000001
1779906833948,imu,gyro_x,0.43
1779906833948,imu,gyro_y,0.3
1779906833948,imu,gyro_z,-0.44
1779906833948,imu,mag_x,-25.0
1779906833948,imu,mag_y,26.3
1779906833948,imu,mag_z,23.400000000000002
1779906834047,baro,presion,1012.4
1779906834047,baro,temp,19.64
1779906834047,baro,alt,499.0
1779906834148,gps,lat,-33.299685
1779906834148,gps,lon,-70.599634
1779906834148,gps,alt,495.0
1779906834950,imu,accel_x,-1.62
1779906834950,imu,accel_y,0.58
1779906834950,imu,accel_z,9.76
1779906834950,imu,gyro_x,0.19
1779906834950,imu,gyro_y,-0.17
1779906834950,imu,gyro_z,0.23
1779906834950,imu,mag_x,-2.6
1779906834950,imu,mag_y,-4.0
1779906834950,imu,mag_z,-2.6
1779906835050,baro,presion,1013.7
1779906835050,baro,temp,19.72
1779906835050,baro,alt,499.5
1779906835151,gps,lat,-33.299673
1779906835151,gps,lon,-70.600538
1779906835151,gps,alt,498.0
1779906835952,imu,accel_x,1.61
1779906835952,imu,accel_y,-1.9000000000000001
1779906835952,imu,accel_z,9.8
1779906835952,imu,gyro_x,0.4
1779906835952,imu,gyro_y,-0.37
1779906835952,imu,gyro_z,0.49
1779906835952,imu,mag_x,-5.5
1779906835952,imu,mag_y,7.0
1779906835952,imu,mag_z,29.200000000000003
1779906836052,baro,presion,1013.7
1779906836052,baro,temp,20.04
1779906836052,baro,alt,500.7
1779906836154,gps,lat,-33.300586
1779906836154,gps,lon,-70.60077
1779906836154,gps,alt,500.0
1779906836956,imu,accel_x,0.03
1779906836956,imu,accel_y,0.65
1779906836956,imu,accel_z,9.72
1779906836956,imu,gyro_x,-0.43
1779906836956,imu,gyro_y,-0.5
1779906836956,imu,gyro_z,0.1
1779906836956,imu,mag_x,3.5
1779906836956,imu,mag_y,-6.0
1779906836956,imu,mag_z,-22.400000000000002
1779906837056,baro,presion,1012.1
1779906837056,baro,temp,19.89
1779906837056,baro,alt,500.4
1779906837157,gps,lat,-33.300301
1779906837157,gps,lon,-70.600599
1779906837157,gps,alt,503.0
1779906837959,imu,accel_x,-1.9100000000000001
1779906837959,imu,accel_y,1.86
1779906837959,imu,accel_z,9.88
1779906837959,imu,gyro_x,-0.09
1779906837959,imu,gyro_y,0.36
1779906837959,imu,gyro_z,-0.26
1779906837959,imu,mag_x,3.1
1779906837959,imu,mag_y,23.1
1779906837959,imu,mag_z,11.600000000000001
1779906838059,baro,presion,1012.3
1779906838059,baro,temp,20.45
1779906838059,baro,alt,499.6
1779906838159,gps,lat,-33.300455
1779906838159,gps,lon,-70.599926
1779906838159,gps,alt,499.0
1779906838961,imu,accel_x,0.05
1779906838961,imu,accel_y,0.65
1779906838961,imu,accel_z,9.86
1779906838961,imu,gyro_x,0.25
1779906838961,imu,gyro_y,-0.28
1779906838961,imu,gyro_z,-0.4
1779906838961,imu,mag_x,-8.4
1779906838961,imu,mag_y,-19.900000000000002
1779906838961,imu,mag_z,26.8
1779906839061,baro,presion,1013.5
1779906839061,baro,temp,19.96
1779906839061,baro,alt,500.1
1779906839161,gps,lat,-33.300173
1779906839161,gps,lon,-70.600968
1779906839161,gps,alt,501.0
1779906839965,imu,accel_x,1.18
1779906839965,imu,accel_y,1.8900000000000001
1779906839965,imu,accel_z,9.75
1779906839965,imu,gyro_x,-0.25
1779906839965,imu,gyro_y,-0.21
1779906839965,imu,gyro_z,-0.22
1779906839965,imu,mag_x,-22.1
1779906839965,imu,mag_y,2.1
1779906839965,imu,mag_z,-24.0
1779906840064,baro,presion,1012.9
1779906840064,baro,temp,20.49
1779906840064,baro,alt,500.7
1779906840164,gps,lat,-33.299361
1779906840164,gps,lon,-70.59958
1779906840164,gps,alt,504.0
1779906840967,imu,accel_x,1.57
1779906840967,imu,accel_y,1.34
1779906840967,imu,accel_z,9.73
1779906840967,imu,gyro_x,0.45
1779906840967,imu,gyro_y,-0.08
1779906840967,imu,gyro_z,-0.48
1779906840967,imu,mag_x,12.0
1779906840967,imu,mag_y,15.700000000000001
1779906840967,imu,mag_z,-22.400000000000002
1779906841067,baro,presion,1012.7
1779906841067,baro,temp,19.88
1779906841067,baro,alt,500.8
1779906841167,gps,lat,-33.299332
1779906841167,gps,lon,-70.600883
1779906841167,gps,alt,496.0
1779906841969,imu,accel_x,1.6
1779906841969,imu,accel_y,-0.93
1779906841969,imu,accel_z,9.75
1779906841969,imu,gyro_x,-0.29
1779906841969,imu,gyro_y,-0.39
1779906841969,imu,gyro_z,0.24
1779906841969,imu,mag_x,13.100000000000001
1779906841969,imu,mag_y,3.2
1779906841969,imu,mag_z,7.300000000000001
1779906842069,baro,presion,1012.7
1779906842069,baro,temp,20.29
1779906842069,baro,alt,499.2
1779906842170,gps,lat,-33.29931
1779906842170,gps,lon,-70.600827
1779906842170,gps,alt,495.0
1779906842972,imu,accel_x,0.74
1779906842972,imu,accel_y,-1.22
1779906842972,imu,accel_z,9.700000000000001
1779906842972,imu,gyro_x,-0.05
1779906842972,imu,gyro_y,-0.34
1779906842972,imu,gyro_z,-0.39
1779906842972,imu,mag_x,15.700000000000001
1779906842972,imu,mag_y,-22.700000000000003
1779906842972,imu,mag_z,-8.700000000000001
1779906843072,baro,presion,1013.0
1779906843072,baro,temp,20.13
1779906843072,baro,alt,499.6
1779906843172,gps,lat,-33.299695
1779906843172,gps,lon,-70.599976
1779906843172,gps,alt,499.0
1779906843976,imu,accel_x,1.22
1779906843976,imu,accel_y,-1.6500000000000001
1779906843976,imu,accel_z,9.74
1779906843976,imu,gyro_x,0.37
1779906843976,imu,gyro_y,-0.13
1779906843976,imu,gyro_z,-0.07
1779906843976,imu,mag_x,9.5
1779906843976,imu,mag_y,-25.200000000000003
1779906843976,imu,mag_z,-1.7000000000000002
1779906844075,baro,presion,1012.1
1779906844075,baro,temp,19.69
1779906844075,baro,alt,500.4
1779906844175,gps,lat,-33.2991
1779906844175,gps,lon,-70.600824
1779906844175,gps,alt,502.0
1779906844977,imu,accel_x,-0.74
1779906844977,imu,accel_y,0.26
1779906844977,imu,accel_z,9.84
1779906844977,imu,gyro_x,0.13
1779906844977,imu,gyro_y,-0.04
1779906844977,imu,gyro_z,0.35000000000000003
1779906844977,imu,mag_x,-24.5
1779906844977,imu,mag_y,-2.3000000000000003
1779906844977,imu,mag_z,-7.6000000000000005
1779906845077,baro,presion,1012.5
1779906845077,baro,temp,19.77
1779906845077,baro,alt,500.9
1779906845178,gps,lat,-33.299361
1779906845178,gps,lon,-70.599302
1779906845178,gps,alt,496.0
1779906845981,imu,accel_x,-0.29
1779906845981,imu,accel_y,-1.24
1779906845981,imu,accel_z,9.75
1779906845981,imu,gyro_x,0.2
1779906845981,imu,gyro_y,0.46
1779906845981,imu,gyro_z,-0.06
1779906845981,imu,mag_x,16.400000000000002
1779906845981,imu,mag_y,-13.600000000000001
1779906845981,imu,mag_z,-2.5
1779906846080,baro,presion,1012.2
1779906846080,baro,temp,19.66
1779906846080,baro,alt,500.9
1779906846180,gps,lat,-33.300036
1779906846180,gps,lon,-70.599095
1779906846180,gps,alt,498.0
1779906846983,imu,accel_x,-1.5
1779906846983,imu,accel_y,-1.8900000000000001
1779906846983,imu,accel_z,9.72
1779906846983,imu,gyro_x,-0.32
1779906846983,imu,gyro_y,0.14
1779906846983,imu,gyro_z,0.06
1779906846983,imu,mag_x,-7.6000000000000005
1779906846983,imu,mag_y,-26.700000000000003
1779906846983,imu,mag_z,9.5
1779906847083,baro,presion,1013.9
1779906847083,baro,temp,20.14
1779906847083,baro,alt,500.5
1779906847183,gps,lat,-33.300462
1779906847183,gps,lon,-70.599465
1779906847183,gps,alt,503.0
1779906847985,imu,accel_x,-0.03
1779906847985,imu,accel_y,1.05
1779906847985,imu,accel_z,9.72
1779906847985,imu,gyro_x,0.21
1779906847985,imu,gyro_y,0.19
1779906847985,imu,gyro_z,-0.15
1779906847985,imu,mag_x,2.8000000000000003
1779906847985,imu,mag_y,9.700000000000001
1779906847985,imu,mag_z,17.1
1779906848085,baro,presion,1013.9
1779906848085,baro,temp,19.91
1779906848085,baro,alt,499.6
1779906848186,gps,lat,-33.300646
1779906848186,gps,lon,-70.600159
1779906848186,gps,alt,498.0
1779906848988,imu,accel_x,-0.11
1779906848988,imu,accel_y,-0.99
1779906848988,imu,accel_z,9.76
1779906848988,imu,gyro_x,0.15
1779906848988,imu,gyro_y,0.19
1779906848988,imu,gyro_z,0.46
1779906848988,imu,mag_x,-12.5
1779906848988,imu,mag_y,-5.0
1779906848988,imu,mag_z,-8.3
1779906849088,baro,presion,1012.7
1779906849088,baro,temp,20.01
1779906849088,baro,alt,499.1
1779906849189,gps,lat,-33.299292
1779906849189,gps,lon,-70.59944
1779906849189,gps,alt,504.0
1779906849991,imu,accel_x,0.27
1779906849991,imu,accel_y,0.21
1779906849991,imu,accel_z,9.81
1779906849991,imu,gyro_x,0.07
1779906849991,imu,gyro_y,0.22
1779906849991,imu,gyro_z,-0.08
1779906849991,imu,mag_x,-7.7
1779906849991,imu,mag_y,-0.6000000000000001
1779906849991,imu,mag_z,-14.8
1779906850092,baro,presion,1012.4
1779906850092,baro,temp,19.75
1779906850092,baro,alt,500.6
1779906850191,gps,lat,-33.300492
1779906850191,gps,lon,-70.600084
1779906850191,gps,alt,499.0
1779906850995,imu,accel_x,1.35
1779906850995,imu,accel_y,-0.28
1779906850995,imu,accel_z,9.85
1779906850995,imu,gyro_x,0.01
1779906850995,imu,gyro_y,-0.49
1779906850995,imu,gyro_z,-0.43
1779906850995,imu,mag_x,14.9
1779906850995,imu,mag_y,3.1
1779906850995,imu,mag_z,29.6
1779906851092,baro,presion,1013.5
1779906851092,baro,temp,20.43
1779906851092,baro,alt,500.1
1779906851194,gps,lat,-33.300025
1779906851194,gps,lon,-70.599066
1779906851194,gps,alt,499.0
1779906851997,imu,accel_x,0.12
1779906851997,imu,accel_y,-1.3
1779906851997,imu,accel_z,9.81
1779906851997,imu,gyro_x,-0.42
1779906851997,imu,gyro_y,-0.23
1779906851997,imu,gyro_z,-0.06
1779906851997,imu,mag_x,17.6
1779906851997,imu,mag_y,-22.6
1779906851997,imu,mag_z,-14.200000000000001
1779906852096,baro,presion,1012.0
1779906852096,baro,temp,19.89
1779906852096,baro,alt,500.8
1779906852197,gps,lat,-33.299639
1779906852197,gps,lon,-70.600214
1779906852197,gps,alt,504.0
1779906853000,imu,accel_x,-0.38
1779906853000,imu,accel_y,-0.08
1779906853000,imu,accel_z,9.700000000000001
1779906853000,imu,gyro_x,0.42
1779906853000,imu,gyro_y,-0.01
1779906853000,imu,gyro_z,0.03
1779906853000,imu,mag_x,11.0
1779906853000,imu,mag_y,26.900000000000002
1779906853000,imu,mag_z,13.3
1779906853099,baro,presion,1013.9
1779906853099,baro,temp,19.66
1779906853099,baro,alt,499.5
1779906853199,gps,lat,-33.300774
1779906853199,gps,lon,-70.599427
1779906853199,gps,alt,503.0
1779906854001,imu,accel_x,1.8800000000000001
1779906854001,imu,accel_y,-0.78
1779906854001,imu,accel_z,9.870000000000001
1779906854001,imu,gyro_x,-0.28
1779906854001,imu,gyro_y,-0.46
1779906854001,imu,gyro_z,0.3
1779906854001,imu,mag_x,18.6
1779906854001,imu,mag_y,-4.9
1779906854001,imu,mag_z,-24.1
1779906854102,baro,presion,1012.6
1779906854102,baro,temp,20.23
1779906854102,baro,alt,499.5
1779906854202,gps,lat,-33.300677
1779906854202,gps,lon,-70.599696
1779906854202,gps,alt,503.0
1779906855005,imu,accel_x,1.1
1779906855005,imu,accel_y,-1.1500000000000001
1779906855005,imu,accel_z,9.72
1779906855005,imu,gyro_x,0.23
1779906855005,imu,gyro_y,0.17
1779906855005,imu,gyro_z,0.21
1779906855005,imu,mag_x,25.1
1779906855005,imu,mag_y,18.900000000000002
1779906855005,imu,mag_z,-2.9000000000000004
1779906855104,baro,presion,1012.2
1779906855104,baro,temp,20.34
1779906855104,baro,alt,500.5
1779906855205,gps,lat,-33.299972
1779906855205,gps,lon,-70.600661
1779906855205,gps,alt,501.0
1779906856007,imu,accel_x,-0.24
1779906856007,imu,accel_y,-1.29
1779906856007,imu,accel_z,9.8
1779906856007,imu,gyro_x,0.14
1779906856007,imu,gyro_y,0.09
1779906856007,imu,gyro_z,-0.27
1779906856007,imu,mag_x,1.6
1779906856007,imu,mag_y,14.8
1779906856007,imu,mag_z,22.8
1779906856106,baro,presion,1012.0
1779906856106,baro,temp,20.31
1779906856106,baro,alt,500.9
1779906856207,gps,lat,-33.29923
1779906856207,gps,lon,-70.599466
1779906856207,gps,alt,499.0
1779906857010,imu,accel_x,0.02
1779906857010,imu,accel_y,-1.58
1779906857010,imu,accel_z,9.84
1779906857010,imu,gyro_x,0.3
1779906857010,imu,gyro_y,-0.33
1779906857010,imu,gyro_z,-0.07
1779906857010,imu,mag_x,-19.5
1779906857010,imu,mag_y,-7.1000000000000005
1779906857010,imu,mag_z,-1.6
1779906857109,baro,presion,1012.0
1779906857109,baro,temp,19.68
1779906857109,baro,alt,499.3
1779906857210,gps,lat,-33.299098
1779906857210,gps,lon,-70.599457
1779906857210,gps,alt,498.0
1779906858012,imu,accel_x,0.75
1779906858012,imu,accel_y,-1.56
1779906858012,imu,accel_z,9.85
1779906858012,imu,gyro_x,-0.03
1779906858012,imu,gyro_y,-0.13
1779906858012,imu,gyro_z,-0.49
1779906858012,imu,mag_x,5.4
1779906858012,imu,mag_y,4.2
1779906858012,imu,mag_z,13.700000000000001
1779906858113,baro,presion,1012.3
1779906858113,baro,temp,19.61
1779906858113,baro,alt,499.8
1779906858212,gps,lat,-33.300837
1779906858212,gps,lon,-70.59998
1779906858212,gps,alt,497.0
1779906859016,imu,accel_x,1.99
1779906859016,imu,accel_y,1.04
1779906859016,imu,accel_z,9.75
1779906859016,imu,gyro_x,-0.11
1779906859016,imu,gyro_y,0.39
1779906859016,imu,gyro_z,-0.48
1779906859016,imu,mag_x,20.0
1779906859016,imu,mag_y,-5.2
1779906859016,imu,mag_z,6.4
1779906859116,baro,presion,1012.5
1779906859116,baro,temp,19.86
1779906859116,baro,alt,500.1
1779906859215,gps,lat,-33.300971
1779906859215,gps,lon,-70.600243
1779906859215,gps,alt,498.0
1779906860018,imu,accel_x,0.15
1779906860018,imu,accel_y,-0.68
1779906860018,imu,accel_z,9.790000000000001
1779906860018,imu,gyro_x,0.33
1779906860018,imu,gyro_y,-0.24
1779906860018,imu,gyro_z,0.21
1779906860018,imu,mag_x,0.0
1779906860018,imu,mag_y,22.6
1779906860018,imu,mag_z,4.9
1779906860117,baro,presion,1013.8
1779906860117,baro,temp,20.37
1779906860117,baro,alt,500.5
1779906860218,gps,lat,-33.300514
1779906860218,gps,lon,-70.600744
1779906860218,gps,alt,499.0
1779906861022,imu,accel_x,-1.16
1779906861022,imu,accel_y,-1.58
1779906861022,imu,accel_z,9.71
1779906861022,imu,gyro_x,0.41000000000000003
1779906861022,imu,gyro_y,0.05
1779906861022,imu,gyro_z,-0.29
1779906861022,imu,mag_x,20.1
1779906861022,imu,mag_y,-8.6
1779906861022,imu,mag_z,-28.5
1779906861120,baro,presion,1012.8
1779906861120,baro,temp,19.67
1779906861120,baro,alt,500.1
1779906861222,gps,lat,-33.299376
1779906861222,gps,lon,-70.59919
1779906861222,gps,alt,496.0
1779906862024,imu,accel_x,1.96
1779906862024,imu,accel_y,-0.6900000000000001
1779906862024,imu,accel_z,9.71
1779906862024,imu,gyro_x,0.34
1779906862024,imu,gyro_y,0.01
1779906862024,imu,gyro_z,-0.2
1779906862024,imu,mag_x,10.4
1779906862024,imu,mag_y,7.800000000000001
1779906862024,imu,mag_z,-26.400000000000002
1779906862123,baro,presion,1012.7
1779906862123,baro,temp,19.66
1779906862123,baro,alt,500.4
1779906862223,gps,lat,-33.300008
1779906862223,gps,lon,-70.600416
1779906862223,gps,alt,503.0
1779906863026,imu,accel_x,1.29
1779906863026,imu,accel_y,1.02
1779906863026,imu,accel_z,9.85
1779906863026,imu,gyro_x,0.38
1779906863026,imu,gyro_y,0.15
1779906863026,imu,gyro_z,0.19
1779906863026,imu,mag_x,19.200000000000003
1779906863026,imu,mag_y,-2.8000000000000003
1779906863026,imu,mag_z,21.3
1779906863125,baro,presion,1012.6
1779906863125,baro,temp,20.04
1779906863125,baro,alt,500.5
1779906863226,gps,lat,-33.300986
1779906863226,gps,lon,-70.599316
1779906863226,gps,alt,504.0
1779906864028,imu,accel_x,-1.8800000000000001
1779906864028,imu,accel_y,-1.21
1779906864028,imu,accel_z,9.78
1779906864028,imu,gyro_x,0.19
1779906864028,imu,gyro_y,0.47000000000000003
1779906864028,imu,gyro_z,-0.21
1779906864028,imu,mag_x,1.9000000000000001
1779906864028,imu,mag_y,-9.1
1779906864028,imu,mag_z,14.3
1779906864128,baro,presion,1013.6
1779906864128,baro,temp,19.65
1779906864128,baro,alt,500.5
1779906864229,gps,lat,-33.299348
1779906864229,gps,lon,-70.600749
1779906864229,gps,alt,501.0
1779906865031,imu,accel_x,0.53
1779906865031,imu,accel_y,-1.34
1779906865031,imu,accel_z,9.84
1779906865031,imu,gyro_x,0.34
1779906865031,imu,gyro_y,-0.07
1779906865031,imu,gyro_z,0.02
1779906865031,imu,mag_x,21.3
1779906865031,imu,mag_y,9.600000000000001
1779906865031,imu,mag_z,-10.100000000000001
1779906865131,baro,presion,1013.7
1779906865131,baro,temp,19.72
1779906865131,baro,alt,499.9
1779906865231,gps,lat,-33.300458
1779906865231,gps,lon,-70.60077
1779906865231,gps,alt,501.0
1779906866034,imu,accel_x,-0.84
1779906866034,imu,accel_y,-1.8800000000000001
1779906866034,imu,accel_z,9.82
1779906866034,imu,gyro_x,0.24
1779906866034,imu,gyro_y,-0.07
1779906866034,imu,gyro_z,-0.49
1779906866034,imu,mag_x,3.9000000000000004
1779906866034,imu,mag_y,-3.3000000000000003
1779906866034,imu,mag_z,13.9
1779906866133,baro,presion,1013.7
1779906866133,baro,temp,20.34
1779906866133,baro,alt,499.7
1779906866234,gps,lat,-33.300243
1779906866234,gps,lon,-70.600176
1779906866234,gps,alt,497.0
1779906867037,imu,accel_x,-1.5
1779906867037,imu,accel_y,-1.48
1779906867037,imu,accel_z,9.74
1779906867037,imu,gyro_x,-0.27
1779906867037,imu,gyro_y,0.04
1779906867037,imu,gyro_z,0.18
1779906867037,imu,mag_x,6.4
1779906867037,imu,mag_y,15.5
1779906867037,imu,mag_z,13.4
1779906867136,baro,presion,1013.3
1779906867136,baro,temp,20.17
1779906867136,baro,alt,500.0
1779906867237,gps,lat,-33.299136
1779906867237,gps,lon,-70.599882
1779906867237,gps,alt,498.0
1779906868040,imu,accel_x,0.38
1779906868040,imu,accel_y,1.46
1779906868040,imu,accel_z,9.8
1779906868040,imu,gyro_x,-0.11
1779906868040,imu,gyro_y,-0.24
1779906868040,imu,gyro_z,0.09
1779906868040,imu,mag_x,16.1
1779906868040,imu,mag_y,-17.2
1779906868040,imu,mag_z,25.200000000000003
1779906868139,baro,presion,1012.2
1779906868139,baro,temp,20.31
1779906868139,baro,alt,499.2
1779906868241,gps,lat,-33.300162
1779906868241,gps,lon,-70.600588
1779906868241,gps,alt,497.0
1779906869041,imu,accel_x,-0.04
1779906869041,imu,accel_y,1.78
1779906869041,imu,accel_z,9.83
1779906869041,imu,gyro_x,0.4
1779906869041,imu,gyro_y,0.24
1779906869041,imu,gyro_z,0.31
1779906869041,imu,mag_x,-0.30000000000000004
1779906869041,imu,mag_y,3.0
1779906869041,imu,mag_z,-16.7
1779906869142,baro,presion,1012.1
1779906869142,baro,temp,19.85
1779906869142,baro,alt,499.8
1779906869242,gps,lat,-33.300337
1779906869242,gps,lon,-70.600655
1779906869242,gps,alt,499.0
1779906870045,imu,accel_x,1.36
1779906870045,imu,accel_y,-0.48
1779906870045,imu,accel_z,9.81
1779906870045,imu,gyro_x,-0.25
1779906870045,imu,gyro_y,-0.47000000000000003
1779906870045,imu,gyro_z,-0.31
1779906870045,imu,mag_x,-29.1
1779906870045,imu,mag_y,-2.9000000000000004
1779906870045,imu,mag_z,21.400000000000002
1779906870144,baro,presion,1013.6
1779906870144,baro,temp,20.06
1779906870144,baro,alt,500.5
1779906870245,gps,lat,-33.299996
1779906870245,gps,lon,-70.600503
1779906870245,gps,alt,504.0
1779906871048,imu,accel_x,1.6600000000000001
1779906871048,imu,accel_y,-0.86
1779906871048,imu,accel_z,9.84
1779906871048,imu,gyro_x,-0.07
1779906871048,imu,gyro_y,-0.02
1779906871048,imu,gyro_z,-0.42
1779906871048,imu,mag_x,-1.8
1779906871048,imu,mag_y,26.900000000000002
1779906871048,imu,mag_z,1.6
1779906871147,baro,presion,1012.0
1779906871147,baro,temp,20.1
1779906871147,baro,alt,499.8
1779906871247,gps,lat,-33.30094
1779906871247,gps,lon,-70.600489
1779906871247,gps,alt,499.0
1779906872051,imu,accel_x,-0.49
1779906872051,imu,accel_y,-1.6400000000000001
1779906872051,imu,accel_z,9.790000000000001
1779906872051,imu,gyro_x,-0.1
1779906872051,imu,gyro_y,-0.05
1779906872051,imu,gyro_z,0.16
1779906872051,imu,mag_x,-21.3
1779906872051,imu,mag_y,18.400000000000002
1779906872051,imu,mag_z,25.5
1779906872150,baro,presion,1013.2
1779906872150,baro,temp,20.35
1779906872150,baro,alt,500.6
1779906872250,gps,lat,-33.299992
1779906872250,gps,lon,-70.599647
1779906872250,gps,alt,495.0
1779906873053,imu,accel_x,-0.5
1779906873053,imu,accel_y,0.91
1779906873053,imu,accel_z,9.84
1779906873053,imu,gyro_x,-0.41000000000000003
1779906873053,imu,gyro_y,-0.44
1779906873053,imu,gyro_z,0.17
1779906873053,imu,mag_x,8.700000000000001
1779906873053,imu,mag_y,20.1
1779906873053,imu,mag_z,-3.3000000000000003
1779906873153,baro,presion,1013.6
1779906873153,baro,temp,19.9
1779906873153,baro,alt,500.9
1779906873253,gps,lat,-33.300172
1779906873253,gps,lon,-70.600183
1779906873253,gps,alt,503.0
1779906874056,imu,accel_x,-1.22
1779906874056,imu,accel_y,-0.26
1779906874056,imu,accel_z,9.75
1779906874056,imu,gyro_x,-0.37
1779906874056,imu,gyro_y,-0.35000000000000003
1779906874056,imu,gyro_z,0.24
1779906874056,imu,mag_x,-21.400000000000002
1779906874056,imu,mag_y,-23.200000000000003
1779906874056,imu,mag_z,-19.1
1779906874155,baro,presion,1013.9
1779906874155,baro,temp,20.06
1779906874155,baro,alt,499.5
1779906874256,gps,lat,-33.300364
1779906874256,gps,lon,-70.599731
1779906874256,gps,alt,498.0
1779906875059,imu,accel_x,0.67
1779906875059,imu,accel_y,0.24
1779906875059,imu,accel_z,9.88
1779906875059,imu,gyro_x,-0.32
1779906875059,imu,gyro_y,0.49
1779906875059,imu,gyro_z,-0.27
1779906875059,imu,mag_x,4.9
1779906875059,imu,mag_y,18.3
1779906875059,imu,mag_z,23.1
1779906875158,baro,presion,1012.2
1779906875158,baro,temp,20.47
1779906875158,baro,alt,500.5
1779906875258,gps,lat,-33.299643
1779906875258,gps,lon,-70.600392
1779906875258,gps,alt,504.0
1779906876061,imu,accel_x,1.21
1779906876061,imu,accel_y,-0.27
1779906876061,imu,accel_z,9.700000000000001
1779906876061,imu,gyro_x,0.31
1779906876061,imu,gyro_y,0.31
1779906876061,imu,gyro_z,-0.14
1779906876061,imu,mag_x,13.9
1779906876061,imu,mag_y,-5.4
1779906876061,imu,mag_z,18.5
1779906876161,baro,presion,1013.8
1779906876161,baro,temp,19.88
1779906876161,baro,alt,500.2
1779906876261,gps,lat,-33.299235
1779906876261,gps,lon,-70.59939
1779906876261,gps,alt,495.0
1779906877064,imu,accel_x,0.21
1779906877064,imu,accel_y,-1.17
1779906877064,imu,accel_z,9.83
1779906877064,imu,gyro_x,-0.17
1779906877064,imu,gyro_y,0.33
1779906877064,imu,gyro_z,-0.31
1779906877064,imu,mag_x,29.6
1779906877064,imu,mag_y,18.3
1779906877064,imu,mag_z,-17.0
1779906877164,baro,presion,1013.3
1779906877164,baro,temp,19.95
1779906877164,baro,alt,500.1
1779906877264,gps,lat,-33.300004
1779906877264,gps,lon,-70.599757
1779906877264,gps,alt,496.0
1779906878067,imu,accel_x,-1.69
1779906878067,imu,accel_y,-1.24
1779906878067,imu,accel_z,9.82
1779906878067,imu,gyro_x,0.25
1779906878067,imu,gyro_y,0.14
1779906878067,imu,gyro_z,0.17
1779906878067,imu,mag_x,13.8
1779906878067,imu,mag_y,-18.5
1779906878067,imu,mag_z,8.8
1779906878166,baro,presion,1013.1
1779906878166,baro,temp,19.74
1779906878166,baro,alt,500.1
1779906878267,gps,lat,-33.300121
1779906878267,gps,lon,-70.599434
1779906878267,gps,alt,504.0
1779906879069,imu,accel_x,0.09
1779906879069,imu,accel_y,-1.84
1779906879069,imu,accel_z,9.76
1779906879069,imu,gyro_x,-0.34
1779906879069,imu,gyro_y,0.14
1779906879069,imu,gyro_z,-0.37
1779906879069,imu,mag_x,18.3
1779906879069,imu,mag_y,5.6000000000000005
1779906879069,imu,mag_z,-23.1
1779906879168,baro,presion,1013.7
1779906879168,baro,temp,20.43
1779906879168,baro,alt,500.7
1779906879269,gps,lat,-33.29923
1779906879269,gps,lon,-70.600355
1779906879269,gps,alt,500.0
1779906880072,imu,accel_x,-0.45
1779906880072,imu,accel_y,-1.07
1779906880072,imu,accel_z,9.89
1779906880072,imu,gyro_x,-0.1
1779906880072,imu,gyro_y,0.21
1779906880072,imu,gyro_z,0.48
1779906880072,imu,mag_x,-25.6
1779906880072,imu,mag_y,13.700000000000001
1779906880072,imu,mag_z,-14.5
1779906880171,baro,presion,1012.3
1779906880171,baro,temp,20.0
1779906880171,baro,alt,499.8
1779906880272,gps,lat,-33.300915
1779906880272,gps,lon,-70.600763
1779906880272,gps,alt,503.0
1779906881074,imu,accel_x,1.6
1779906881074,imu,accel_y,1.81
1779906881074,imu,accel_z,9.81
1779906881074,imu,gyro_x,0.4
1779906881074,imu,gyro_y,-0.09
1779906881074,imu,gyro_z,0.38
1779906881074,imu,mag_x,-15.9
1779906881074,imu,mag_y,1.1
1779906881074,imu,mag_z,-14.700000000000001
1779906881174,baro,presion,1012.9
1779906881174,baro,temp,20.43
1779906881174,baro,alt,500.5
1779906881276,gps,lat,-33.299699
1779906881276,gps,lon,-70.600439
1779906881276,gps,alt,501.0
1779906882077,imu,accel_x,-0.4
1779906882077,imu,accel_y,1.92
1779906882077,imu,accel_z,9.82
1779906882077,imu,gyro_x,0.35000000000000003
1779906882077,imu,gyro_y,0.04
1779906882077,imu,gyro_z,-0.02
1779906882077,imu,mag_x,-2.5
1779906882077,imu,mag_y,-28.1
1779906882077,imu,mag_z,-7.1000000000000005
1779906882177,baro,presion,1012.4
1779906882177,baro,temp,19.8
1779906882177,baro,alt,499.2
1779906882278,gps,lat,-33.299911
1779906882278,gps,lon,-70.600602
1779906882278,gps,alt,495.0
1779906883081,imu,accel_x,1.73
1779906883081,imu,accel_y,0.25
1779906883081,imu,accel_z,9.72
1779906883081,imu,gyro_x,-0.18
1779906883081,imu,gyro_y,0.26
1779906883081,imu,gyro_z,0.18
1779906883081,imu,mag_x,6.4
1779906883081,imu,mag_y,2.9000000000000004
1779906883081,imu,mag_z,24.400000000000002
1779906883180,baro,presion,1012.8
1779906883180,baro,temp,19.8
1779906883180,baro,alt,500.1
1779906883281,gps,lat,-33.299284
1779906883281,gps,lon,-70.599822
1779906883281,gps,alt,495.0
1779906884083,imu,accel_x,1.09
1779906884083,imu,accel_y,-0.86
1779906884083,imu,accel_z,9.790000000000001
1779906884083,imu,gyro_x,0.13
1779906884083,imu,gyro_y,-0.34
1779906884083,imu,gyro_z,0.16
1779906884083,imu,mag_x,15.700000000000001
1779906884083,imu,mag_y,-28.3
1779906884083,imu,mag_z,-10.8
1779906884182,baro,presion,1012.3
1779906884182,baro,temp,20.09
1779906884182,baro,alt,500.5
1779906884283,gps,lat,-33.299305
1779906884283,gps,lon,-70.599485
1779906884283,gps,alt,502.0
1779906885085,imu,accel_x,1.77
1779906885085,imu,accel_y,-0.99
1779906885085,imu,accel_z,9.89
1779906885085,imu,gyro_x,0.34
1779906885085,imu,gyro_y,-0.45
1779906885085,imu,gyro_z,-0.06
1779906885085,imu,mag_x,-14.4
1779906885085,imu,mag_y,27.1
1779906885085,imu,mag_z,29.900000000000002
1779906885185,baro,presion,1013.8
1779906885185,baro,temp,20.08
1779906885185,baro,alt,499.7
1779906885285,gps,lat,-33.299637
1779906885285,gps,lon,-70.599769
1779906885285,gps,alt,499.0
1779906886088,imu,accel_x,1.3900000000000001
1779906886088,imu,accel_y,1.58
1779906886088,imu,accel_z,9.85
1779906886088,imu,gyro_x,0.33
1779906886088,imu,gyro_y,0.47000000000000003
1779906886088,imu,gyro_z,-0.32
1779906886088,imu,mag_x,-11.4
1779906886088,imu,mag_y,-20.200000000000003
1779906886088,imu,mag_z,-6.800000000000001
1779906886187,baro,presion,1013.6
1779906886187,baro,temp,20.06
1779906886187,baro,alt,500.5
1779906886289,gps,lat,-33.300339
1779906886289,gps,lon,-70.599046
1779906886289,gps,alt,500.0
1779906887091,imu,accel_x,1.97
1779906887091,imu,accel_y,-1.6300000000000001
1779906887091,imu,accel_z,9.72
1779906887091,imu,gyro_x,-0.46
1779906887091,imu,gyro_y,-0.5
1779906887091,imu,gyro_z,-0.19
1779906887091,imu,mag_x,-16.0
1779906887091,imu,mag_y,-5.800000000000001
1779906887091,imu,mag_z,2.2
1779906887190,baro,presion,1013.9
1779906887190,baro,temp,19.5
1779906887190,baro,alt,499.4
1779906887291,gps,lat,-33.300079
1779906887291,gps,lon,-70.600783
1779906887291,gps,alt,501.0
1779906888093,imu,accel_x,0.76
1779906888093,imu,accel_y,0.55
1779906888093,imu,accel_z,9.73
1779906888093,imu,gyro_x,0.35000000000000003
1779906888093,imu,gyro_y,-0.03
1779906888093,imu,gyro_z,-0.25
1779906888093,imu,mag_x,0.9
1779906888093,imu,mag_y,10.700000000000001
1779906888093,imu,mag_z,-12.700000000000001
1779906888192,baro,presion,1013.1
1779906888192,baro,temp,20.3
1779906888192,baro,alt,500.4
1779906888293,gps,lat,-33.300328
1779906888293,gps,lon,-70.60095
1779906888293,gps,alt,504.0
1779906889096,imu,accel_x,0.9
1779906889096,imu,accel_y,-1.27
1779906889096,imu,accel_z,9.82
1779906889096,imu,gyro_x,0.24
1779906889096,imu,gyro_y,-0.35000000000000003
1779906889096,imu,gyro_z,0.38
1779906889096,imu,mag_x,22.200000000000003
1779906889096,imu,mag_y,-17.7
1779906889096,imu,mag_z,-18.1
1779906889196,baro,presion,1012.5
1779906889196,baro,temp,19.88
1779906889196,baro,alt,499.8
1779906889296,gps,lat,-33.299382
1779906889296,gps,lon,-70.599364
1779906889296,gps,alt,501.0
1779906890099,imu,accel_x,1.77
1779906890099,imu,accel_y,1.84
1779906890099,imu,accel_z,9.790000000000001
1779906890099,imu,gyro_x,-0.44
1779906890099,imu,gyro_y,-0.27
1779906890099,imu,gyro_z,-0.21
1779906890099,imu,mag_x,13.600000000000001
1779906890099,imu,mag_y,4.1000000000000005
1779906890099,imu,mag_z,20.700000000000003
1779906890199,baro,presion,1013.8
1779906890199,baro,temp,20.39
1779906890199,baro,alt,500.9
1779906890299,gps,lat,-33.29972
1779906890299,gps,lon,-70.599843
1779906890299,gps,alt,500.0
1779906891101,imu,accel_x,0.55
1779906891101,imu,accel_y,0.23
1779906891101,imu,accel_z,9.86
1779906891101,imu,gyro_x,0.34
1779906891101,imu,gyro_y,0.03
1779906891101,imu,gyro_z,0.31
1779906891101,imu,mag_x,-17.5
1779906891101,imu,mag_y,16.400000000000002
1779906891101,imu,mag_z,1.9000000000000001
1779906891201,baro,presion,1013.0
1779906891201,baro,temp,19.81
1779906891201,baro,alt,499.4
1779906891302,gps,lat,-33.300499
1779906891302,gps,lon,-70.600789
1779906891302,gps,alt,501.0
1779906892105,imu,accel_x,-0.29
1779906892105,imu,accel_y,1.06
1779906892105,imu,accel_z,9.76
1779906892105,imu,gyro_x,0.05
1779906892105,imu,gyro_y,0.02
1779906892105,imu,gyro_z,-0.16
1779906892105,imu,mag_x,2.2
1779906892105,imu,mag_y,-19.900000000000002
1779906892105,imu,mag_z,10.5
1779906892203,baro,presion,1013.4
1779906892203,baro,temp,20.22
1779906892203,baro,alt,499.7
1779906892304,gps,lat,-33.300698
1779906892304,gps,lon,-70.599172
1779906892304,gps,alt,503.0
1779906893107,imu,accel_x,-1.5
1779906893107,imu,accel_y,0.9500000000000001
1779906893107,imu,accel_z,9.77
1779906893107,imu,gyro_x,0.37
1779906893107,imu,gyro_y,0.42
1779906893107,imu,gyro_z,0.26
1779906893107,imu,mag_x,11.600000000000001
1779906893107,imu,mag_y,-19.3
1779906893107,imu,mag_z,18.6
1779906893207,baro,presion,1013.1
1779906893207,baro,temp,19.63
1779906893207,baro,alt,500.8
1779906893307,gps,lat,-33.299246
1779906893307,gps,lon,-70.600878
1779906893307,gps,alt,501.0
1779906894110,imu,accel_x,-0.87
1779906894110,imu,accel_y,-1.97
1779906894110,imu,accel_z,9.73
1779906894110,imu,gyro_x,-0.18
1779906894110,imu,gyro_y,0.15
1779906894110,imu,gyro_z,0.1
1779906894110,imu,mag_x,10.8
1779906894110,imu,mag_y,9.0
1779906894110,imu,mag_z,-18.2
1779906894209,baro,presion,1013.2
1779906894209,baro,temp,19.71
1779906894209,baro,alt,500.5
1779906894309,gps,lat,-33.30053
1779906894309,gps,lon,-70.599505
1779906894309,gps,alt,498.0
1779906895112,imu,accel_x,-0.79
1779906895112,imu,accel_y,1.99
1779906895112,imu,accel_z,9.77
1779906895112,imu,gyro_x,0.17
1779906895112,imu,gyro_y,-0.15
1779906895112,imu,gyro_z,0.37
1779906895112,imu,mag_x,-0.6000000000000001
1779906895112,imu,mag_y,-1.3
1779906895112,imu,mag_z,0.8
1779906895212,baro,presion,1012.2
1779906895212,baro,temp,19.56
1779906895212,baro,alt,500.0
1779906895313,gps,lat,-33.299046
1779906895313,gps,lon,-70.600043
1779906895313,gps,alt,500.0
1779906896115,imu,accel_x,-1.19
1779906896115,imu,accel_y,-1.21
1779906896115,imu,accel_z,9.74
1779906896115,imu,gyro_x,-0.28
1779906896115,imu,gyro_y,0.02
1779906896115,imu,gyro_z,0.11
1779906896115,imu,mag_x,-28.5
1779906896115,imu,mag_y,-24.8
1779906896115,imu,mag_z,-14.600000000000001
1779906896214,baro,presion,1012.4
1779906896214,baro,temp,19.84
1779906896214,baro,alt,499.5
1779906896315,gps,lat,-33.300091
1779906896315,gps,lon,-70.600317
1779906896315,gps,alt,497.0
1779906897118,imu,accel_x,0.76
1779906897118,imu,accel_y,0.46
1779906897118,imu,accel_z,9.86
1779906897118,imu,gyro_x,-0.41000000000000003
1779906897118,imu,gyro_y,-0.46
1779906897118,imu,gyro_z,-0.32
1779906897118,imu,mag_x,5.6000000000000005
1779906897118,imu,mag_y,7.0
1779906897118,imu,mag_z,-12.9
1779906897218,baro,presion,1013.9
1779906897218,baro,temp,19.52
1779906897218,baro,alt,500.5
1779906897319,gps,lat,-33.299076
1779906897319,gps,lon,-70.599126
1779906897319,gps,alt,496.0
1779906898121,imu,accel_x,-0.78
1779906898121,imu,accel_y,1.17
1779906898121,imu,accel_z,9.75
1779906898121,imu,gyro_x,-0.21
1779906898121,imu,gyro_y,-0.48
1779906898121,imu,gyro_z,0.05
1779906898121,imu,mag_x,-20.900000000000002
1779906898121,imu,mag_y,-26.0
1779906898121,imu,mag_z,26.200000000000003
1779906898220,baro,presion,1012.7
1779906898220,baro,temp,19.62
1779906898220,baro,alt,500.8
1779906898320,gps,lat,-33.300794
1779906898320,gps,lon,-70.600469
1779906898320,gps,alt,498.0
1779906899123,imu,accel_x,-1.55
1779906899123,imu,accel_y,1.95
1779906899123,imu,accel_z,9.71
1779906899123,imu,gyro_x,0.03
1779906899123,imu,gyro_y,0.26
1779906899123,imu,gyro_z,-0.31
1779906899123,imu,mag_x,-27.1
1779906899123,imu,mag_y,-27.0
1779906899123,imu,mag_z,0.5
1779906899222,baro,presion,1012.5
1779906899222,baro,temp,19.52
1779906899222,baro,alt,499.2
1779906899324,gps,lat,-33.299137
1779906899324,gps,lon,-70.600662
1779906899324,gps,alt,502.0
1779906900125,imu,accel_x,-0.96
1779906900125,imu,accel_y,1.47
1779906900125,imu,accel_z,9.72
1779906900125,imu,gyro_x,0.25
1779906900125,imu,gyro_y,-0.44
1779906900125,imu,gyro_z,0.07
1779906900125,imu,mag_x,19.8
1779906900125,imu,mag_y,21.5
1779906900125,imu,mag_z,-9.0
1779906900225,baro,presion,1013.1
1779906900225,baro,temp,20.47
1779906900225,baro,alt,500.8
1779906900327,gps,lat,-33.300467
1779906900327,gps,lon,-70.600061
1779906900327,gps,alt,502.0
1779906901128,imu,accel_x,1.76
1779906901128,imu,accel_y,1.26
1779906901128,imu,accel_z,9.73
1779906901128,imu,gyro_x,-0.1
1779906901128,imu,gyro_y,0.17
1779906901128,imu,gyro_z,0.49
1779906901128,imu,mag_x,-8.3
1779906901128,imu,mag_y,-24.700000000000003
1779906901128,imu,mag_z,13.0
1779906901228,baro,presion,1013.5
1779906901228,baro,temp,20.32
1779906901228,baro,alt,500.8
1779906901329,gps,lat,-33.299269
1779906901329,gps,lon,-70.599486
1779906901329,gps,alt,497.0
1779906902131,imu,accel_x,-0.28
1779906902131,imu,accel_y,1.6400000000000001
1779906902131,imu,accel_z,9.700000000000001
1779906902131,imu,gyro_x,0.48
1779906902131,imu,gyro_y,-0.14
1779906902131,imu,gyro_z,0.26
1779906902131,imu,mag_x,11.600000000000001
1779906902131,imu,mag_y,-19.0
1779906902131,imu,mag_z,-19.0
1779906902230,baro,presion,1013.6
1779906902230,baro,temp,20.18
1779906902230,baro,alt,500.7
1779906902331,gps,lat,-33.299799
1779906902331,gps,lon,-70.600808
1779906902331,gps,alt,500.0
1779906903134,imu,accel_x,-1.27
1779906903134,imu,accel_y,-0.98
1779906903134,imu,accel_z,9.88
1779906903134,imu,gyro_x,0.36
1779906903134,imu,gyro_y,0.11
1779906903134,imu,gyro_z,0.28
1779906903134,imu,mag_x,-21.0
1779906903134,imu,mag_y,2.9000000000000004
1779906903134,imu,mag_z,0.7000000000000001
1779906903234,baro,presion,1013.8
1779906903234,baro,temp,20.43
1779906903234,baro,alt,500.2
1779906903334,gps,lat,-33.299766
1779906903334,gps,lon,-70.599623
1779906903334,gps,alt,497.0
1779906904137,imu,accel_x,-1.01
1779906904137,imu,accel_y,0.51
1779906904137,imu,accel_z,9.74
1779906904137,imu,gyro_x,0.2
1779906904137,imu,gyro_y,0.12
1779906904137,imu,gyro_z,-0.45
1779906904137,imu,mag_x,14.3
1779906904137,imu,mag_y,-12.200000000000001
1779906904137,imu,mag_z,-23.8
1779906904237,baro,presion,1013.1
1779906904237,baro,temp,20.17
1779906904237,baro,alt,499.0
1779906904337,gps,lat,-33.29937
1779906904337,gps,lon,-70.599753
1779906904337,gps,alt,501.0
1779906905139,imu,accel_x,1.45
1779906905139,imu,accel_y,-0.61
1779906905139,imu,accel_z,9.75
1779906905139,imu,gyro_x,-0.36
1779906905139,imu,gyro_y,-0.27
1779906905139,imu,gyro_z,0.15
1779906905139,imu,mag_x,0.2
1779906905139,imu,mag_y,-24.200000000000003
1779906905139,imu,mag_z,-24.5
1779906905238,baro,presion,1013.4
1779906905238,baro,temp,19.99
1779906905238,baro,alt,500.7
1779906905339,gps,lat,-33.299027
1779906905339,gps,lon,-70.599692
1779906905339,gps,alt,496.0
1779906906142,imu,accel_x,1.18
1779906906142,imu,accel_y,-0.04
1779906906142,imu,accel_z,9.72
1779906906142,imu,gyro_x,-0.42
1779906906142,imu,gyro_y,-0.17
1779906906142,imu,gyro_z,-0.29
1779906906142,imu,mag_x,28.0
1779906906142,imu,mag_y,-7.0
1779906906142,imu,mag_z,-22.0
1779906906241,baro,presion,1012.5
1779906906241,baro,temp,20.32
1779906906241,baro,alt,500.5
1779906906342,gps,lat,-33.300398
1779906906342,gps,lon,-70.600678
1779906906342,gps,alt,500.0
1779906907145,imu,accel_x,-1.3800000000000001
1779906907145,imu,accel_y,0.46
1779906907145,imu,accel_z,9.88
1779906907145,imu,gyro_x,0.01
1779906907145,imu,gyro_y,-0.45
1779906907145,imu,gyro_z,-0.23
1779906907145,imu,mag_x,-17.5
1779906907145,imu,mag_y,-8.1
1779906907145,imu,mag_z,-22.8
1779906907244,baro,presion,1013.3
1779906907244,baro,temp,19.91
1779906907244,baro,alt,500.6
1779906907344,gps,lat,-33.299104
1779906907344,gps,lon,-70.600393
1779906907344,gps,alt,495.0
1779906908147,imu,accel_x,-0.62
1779906908147,imu,accel_y,0.7000000000000001
1779906908147,imu,accel_z,9.71
1779906908147,imu,gyro_x,-0.42
1779906908147,imu,gyro_y,0.2
1779906908147,imu,gyro_z,0.07
1779906908147,imu,mag_x,27.200000000000003
1779906908147,imu,mag_y,-28.400000000000002
1779906908147,imu,mag_z,-18.400000000000002
1779906908247,baro,presion,1013.9
1779906908247,baro,temp,19.8
1779906908247,baro,alt,499.6
1779906908348,gps,lat,-33.300958
1779906908348,gps,lon,-70.599926
1779906908348,gps,alt,498.0
1779906909149,imu,accel_x,0.9500000000000001
1779906909149,imu,accel_y,1.79
1779906909149,imu,accel_z,9.81
1779906909149,imu,gyro_x,0.09
1779906909149,imu,gyro_y,-0.43
1779906909149,imu,gyro_z,-0.4
1779906909149,imu,mag_x,19.5
1779906909149,imu,mag_y,4.4
1779906909149,imu,mag_z,1.3
1779906909249,baro,presion,1013.1
1779906909249,baro,temp,19.81
1779906909249,baro,alt,499.4
1779906909350,gps,lat,-33.299413
1779906909350,gps,lon,-70.599219
1779906909350,gps,alt,498.0
1779906910152,imu,accel_x,0.67
1779906910152,imu,accel_y,0.72
1779906910152,imu,accel_z,9.75
1779906910152,imu,gyro_x,0.15
1779906910152,imu,gyro_y,0.31
1779906910152,imu,gyro_z,-0.22
1779906910152,imu,mag_x,23.700000000000003
1779906910152,imu,mag_y,1.2000000000000002
1779906910152,imu,mag_z,-0.7000000000000001
1779906910252,baro,presion,1013.4
1779906910252,baro,temp,20.47
1779906910252,baro,alt,499.2
1779906910352,gps,lat,-33.300843
1779906910352,gps,lon,-70.600929
1779906910352,gps,alt,503.0
1779906911155,imu,accel_x,1.87
1779906911155,imu,accel_y,1.47
1779906911155,imu,accel_z,9.870000000000001
1779906911155,imu,gyro_x,-0.17
1779906911155,imu,gyro_y,0.37
1779906911155,imu,gyro_z,-0.22
1779906911155,imu,mag_x,16.2
1779906911155,imu,mag_y,-24.1
1779906911155,imu,mag_z,9.9
1779906911255,baro,presion,1012.2
1779906911255,baro,temp,19.82
1779906911255,baro,alt,499.9
1779906911356,gps,lat,-33.300243
1779906911356,gps,lon,-70.600647
1779906911356,gps,alt,503.0
1779906912159,imu,accel_x,1.17
1779906912159,imu,accel_y,-0.38
1779906912159,imu,accel_z,9.71
1779906912159,imu,gyro_x,0.24
1779906912159,imu,gyro_y,-0.23
1779906912159,imu,gyro_z,0.01
1779906912159,imu,mag_x,-27.5
1779906912159,imu,mag_y,0.2
1779906912159,imu,mag_z,-20.900000000000002
1779906912258,baro,presion,1013.8
1779906912258,baro,temp,19.65
1779906912258,baro,alt,500.6
1779906912359,gps,lat,-33.299873
1779906912359,gps,lon,-70.599361
1779906912359,gps,alt,495.0
1779906913160,imu,accel_x,-0.64
1779906913160,imu,accel_y,1.79
1779906913160,imu,accel_z,9.84
1779906913160,imu,gyro_x,0.26
1779906913160,imu,gyro_y,0.35000000000000003
1779906913160,imu,gyro_z,0.45
1779906913160,imu,mag_x,-4.2
1779906913160,imu,mag_y,18.900000000000002
1779906913160,imu,mag_z,-11.600000000000001
1779906913260,baro,presion,1012.2
1779906913260,baro,temp,20.03
1779906913260,baro,alt,499.3
1779906913361,gps,lat,-33.300093
1779906913361,gps,lon,-70.600347
1779906913361,gps,alt,504.0
1779906914164,imu,accel_x,-0.14
1779906914164,imu,accel_y,-1.3
1779906914164,imu,accel_z,9.86
1779906914164,imu,gyro_x,-0.21
1779906914164,imu,gyro_y,0.29
1779906914164,imu,gyro_z,0.29
1779906914164,imu,mag_x,7.7
1779906914164,imu,mag_y,19.700000000000003
1779906914164,imu,mag_z,12.600000000000001
1779906914263,baro,presion,1012.6
1779906914263,baro,temp,20.17
1779906914263,baro,alt,500.8
1779906914363,gps,lat,-33.300767
1779906914363,gps,lon,-70.599906
1779906914363,gps,alt,501.0
1779906915166,imu,accel_x,0.55
1779906915166,imu,accel_y,0.5
1779906915166,imu,accel_z,9.81
1779906915166,imu,gyro_x,-0.35000000000000003
1779906915166,imu,gyro_y,0.01
1779906915166,imu,gyro_z,-0.38
1779906915166,imu,mag_x,29.0
1779906915166,imu,mag_y,-27.400000000000002
1779906915166,imu,mag_z,-25.700000000000003
1779906915265,baro,presion,1013.4
1779906915265,baro,temp,20.47
1779906915265,baro,alt,500.8
1779906915367,gps,lat,-33.300696
1779906915367,gps,lon,-70.599864
1779906915367,gps,alt,504.0
1779906916169,imu,accel_x,-1.29
1779906916169,imu,accel_y,1.58
1779906916169,imu,accel_z,9.75
1779906916169,imu,gyro_x,-0.35000000000000003
1779906916169,imu,gyro_y,-0.41000000000000003
1779906916169,imu,gyro_z,-0.17
1779906916169,imu,mag_x,-15.4
1779906916169,imu,mag_y,6.1000000000000005
1779906916169,imu,mag_z,23.1
1779906916268,baro,presion,1012.8
1779906916268,baro,temp,19.87
1779906916268,baro,alt,500.0
1779906916369,gps,lat,-33.299359
1779906916369,gps,lon,-70.599284
1779906916369,gps,alt,497.0
1779906917171,imu,accel_x,0.09
1779906917171,imu,accel_y,-1.8800000000000001
1779906917171,imu,accel_z,9.77
1779906917171,imu,gyro_x,0.31
1779906917171,imu,gyro_y,-0.38
1779906917171,imu,gyro_z,-0.28
1779906917171,imu,mag_x,26.1
1779906917171,imu,mag_y,-16.6
1779906917171,imu,mag_z,26.3
1779906917271,baro,presion,1013.5
1779906917271,baro,temp,20.18
1779906917271,baro,alt,500.1
1779906917372,gps,lat,-33.299755
1779906917372,gps,lon,-70.599368
1779906917372,gps,alt,498.0
1779906918174,imu,accel_x,1.69
1779906918174,imu,accel_y,1.3900000000000001
1779906918174,imu,accel_z,9.700000000000001
1779906918174,imu,gyro_x,-0.09
1779906918174,imu,gyro_y,0.0
1779906918174,imu,gyro_z,0.27
1779906918174,imu,mag_x,23.700000000000003
1779906918174,imu,mag_y,0.6000000000000001
1779906918174,imu,mag_z,-18.1
1779906918273,baro,presion,1012.3
1779906918273,baro,temp,19.64
1779906918273,baro,alt,500.7
1779906918375,gps,lat,-33.299157
1779906918375,gps,lon,-70.60029
1779906918375,gps,alt,498.0
1779906919177,imu,accel_x,-0.98
1779906919177,imu,accel_y,-1.02
1779906919177,imu,accel_z,9.76
1779906919177,imu,gyro_x,-0.45
1779906919177,imu,gyro_y,-0.15
1779906919177,imu,gyro_z,-0.33
1779906919177,imu,mag_x,-3.8000000000000003
1779906919177,imu,mag_y,-16.0
1779906919177,imu,mag_z,-24.0
1779906919277,baro,presion,1012.5
1779906919277,baro,temp,19.91
1779906919277,baro,alt,499.3
1779906919377,gps,lat,-33.29907
1779906919377,gps,lon,-70.599391
1779906919377,gps,alt,496.0
1779906920180,imu,accel_x,-1.79
1779906920180,imu,accel_y,-1.1500000000000001
1779906920180,imu,accel_z,9.82
1779906920180,imu,gyro_x,0.01
1779906920180,imu,gyro_y,-0.47000000000000003
1779906920180,imu,gyro_z,-0.16
1779906920180,imu,mag_x,-4.9
1779906920180,imu,mag_y,3.4000000000000004
1779906920180,imu,mag_z,-16.3
1779906920280,baro,presion,1013.4
1779906920280,baro,temp,20.07
1779906920280,baro,alt,500.5
1779906920380,gps,lat,-33.300475
1779906920380,gps,lon,-70.600252
1779906920380,gps,alt,502.0
1779906921182,imu,accel_x,1.33
1779906921182,imu,accel_y,-1.21
1779906921182,imu,accel_z,9.88
1779906921182,imu,gyro_x,-0.48
1779906921182,imu,gyro_y,0.43
1779906921182,imu,gyro_z,-0.05
1779906921182,imu,mag_x,-1.9000000000000001
1779906921182,imu,mag_y,7.6000000000000005
1779906921182,imu,mag_z,-11.200000000000001
1779906921281,baro,presion,1013.6
1779906921281,baro,temp,19.88
1779906921281,baro,alt,500.6
1779906921382,gps,lat,-33.30045
1779906921382,gps,lon,-70.600288
1779906921382,gps,alt,496.0
1779906922185,imu,accel_x,0.26
1779906922185,imu,accel_y,1.52
1779906922185,imu,accel_z,9.84
1779906922185,imu,gyro_x,-0.23
1779906922185,imu,gyro_y,0.38
1779906922185,imu,gyro_z,-0.22
1779906922185,imu,mag_x,-4.0
1779906922185,imu,mag_y,15.4
1779906922185,imu,mag_z,25.5
1779906922285,baro,presion,1013.5
1779906922285,baro,temp,19.75
1779906922285,baro,alt,499.9
1779906922386,gps,lat,-33.299683
1779906922386,gps,lon,-70.60069
1779906922386,gps,alt,499.0
1779906923187,imu,accel_x,-0.61
1779906923187,imu,accel_y,-1.22
1779906923187,imu,accel_z,9.78
1779906923187,imu,gyro_x,-0.31
1779906923187,imu,gyro_y,-0.33
1779906923187,imu,gyro_z,-0.01
1779906923187,imu,mag_x,10.5
1779906923187,imu,mag_y,-20.700000000000003
1779906923187,imu,mag_z,-2.2
1779906923288,baro,presion,1012.2
1779906923288,baro,temp,20.24
1779906923288,baro,alt,500.0
1779906923387,gps,lat,-33.29933
1779906923387,gps,lon,-70.59915
1779906923387,gps,alt,499.0
1779906924190,imu,accel_x,0.59
1779906924190,imu,accel_y,0.73
1779906924190,imu,accel_z,9.790000000000001
1779906924190,imu,gyro_x,-0.37
1779906924190,imu,gyro_y,-0.33
1779906924190,imu,gyro_z,0.2
1779906924190,imu,mag_x,22.900000000000002
1779906924190,imu,mag_y,-30.0
1779906924190,imu,mag_z,-6.4
1779906924289,baro,presion,1012.9
1779906924289,baro,temp,19.76
1779906924289,baro,alt,499.5
1779906924390,gps,lat,-33.300289
1779906924390,gps,lon,-70.600822
1779906924390,gps,alt,504.0
1779906925193,imu,accel_x,1.54
1779906925193,imu,accel_y,-0.91
1779906925193,imu,accel_z,9.75
1779906925193,imu,gyro_x,-0.1
1779906925193,imu,gyro_y,-0.26
1779906925193,imu,gyro_z,0.38
1779906925193,imu,mag_x,-12.600000000000001
1779906925193,imu,mag_y,6.1000000000000005
1779906925193,imu,mag_z,-1.1
1779906925293,baro,presion,1012.6
1779906925293,baro,temp,19.79
1779906925293,baro,alt,499.3
1779906925393,gps,lat,-33.299726
1779906925393,gps,lon,-70.599638
1779906925393,gps,alt,498.0
1779906926196,imu,accel_x,-1.08
1779906926196,imu,accel_y,-0.22
1779906926196,imu,accel_z,9.75
1779906926196,imu,gyro_x,-0.15
1779906926196,imu,gyro_y,-0.37
1779906926196,imu,gyro_z,-0.33
1779906926196,imu,mag_x,-15.100000000000001
1779906926196,imu,mag_y,-17.2
1779906926196,imu,mag_z,-5.5
1779906926295,baro,presion,1013.8
1779906926295,baro,temp,19.96
1779906926295,baro,alt,500.9
1779906926396,gps,lat,-33.299119
1779906926396,gps,lon,-70.600881
1779906926396,gps,alt,502.0
1779906927198,imu,accel_x,-0.76
1779906927198,imu,accel_y,-1.95
1779906927198,imu,accel_z,9.77
1779906927198,imu,gyro_x,-0.26
1779906927198,imu,gyro_y,0.25
1779906927198,imu,gyro_z,0.39
1779906927198,imu,mag_x,27.0
1779906927198,imu,mag_y,-1.8
1779906927198,imu,mag_z,-2.0
1779906927297,baro,presion,1013.6
1779906927297,baro,temp,20.45
1779906927297,baro,alt,500.5
1779906927398,gps,lat,-33.299859
1779906927398,gps,lon,-70.600825
1779906927398,gps,alt,496.0
1779906928201,imu,accel_x,0.49
1779906928201,imu,accel_y,0.8
1779906928201,imu,accel_z,9.89
1779906928201,imu,gyro_x,-0.07
1779906928201,imu,gyro_y,-0.29
1779906928201,imu,gyro_z,-0.5
1779906928201,imu,mag_x,21.3
1779906928201,imu,mag_y,-25.0
1779906928201,imu,mag_z,15.700000000000001
1779906928301,baro,presion,1012.5
1779906928301,baro,temp,20.01
1779906928301,baro,alt,500.7
1779906928401,gps,lat,-33.299791
1779906928401,gps,lon,-70.599871
1779906928401,gps,alt,498.0
1779906929203,imu,accel_x,-1.79
1779906929203,imu,accel_y,0.72
1779906929203,imu,accel_z,9.86
1779906929203,imu,gyro_x,-0.02
1779906929203,imu,gyro_y,-0.05
1779906929203,imu,gyro_z,-0.13
1779906929203,imu,mag_x,10.200000000000001
1779906929203,imu,mag_y,-29.5
1779906929203,imu,mag_z,0.8
1779906929303,baro,presion,1013.0
1779906929303,baro,temp,20.3
1779906929303,baro,alt,499.1
1779906929404,gps,lat,-33.299308
1779906929404,gps,lon,-70.599371
1779906929404,gps,alt,504.0
1779906930207,imu,accel_x,0.78
1779906930207,imu,accel_y,-0.73
1779906930207,imu,accel_z,9.86
1779906930207,imu,gyro_x,-0.2
1779906930207,imu,gyro_y,0.44
1779906930207,imu,gyro_z,0.02
1779906930207,imu,mag_x,-4.0
1779906930207,imu,mag_y,-15.4
1779906930207,imu,mag_z,-16.7
1779906930307,baro,presion,1013.0
1779906930307,baro,temp,19.74
1779906930307,baro,alt,499.6
1779906930407,gps,lat,-33.299168
1779906930407,gps,lon,-70.600413
1779906930407,gps,alt,504.0
1779906931209,imu,accel_x,1.69
1779906931209,imu,accel_y,-1.0
1779906931209,imu,accel_z,9.86
1779906931209,imu,gyro_x,0.18
1779906931209,imu,gyro_y,-0.02
1779906931209,imu,gyro_z,0.02
1779906931209,imu,mag_x,21.700000000000003
1779906931209,imu,mag_y,-25.5
1779906931209,imu,mag_z,10.5
1779906931309,baro,presion,1013.4
1779906931309,baro,temp,20.03
1779906931309,baro,alt,500.5
1779906931409,gps,lat,-33.299034
1779906931409,gps,lon,-70.600736
1779906931409,gps,alt,501.0
1779906932212,imu,accel_x,-0.42
1779906932212,imu,accel_y,0.13
1779906932212,imu,accel_z,9.82
1779906932212,imu,gyro_x,0.06
1779906932212,imu,gyro_y,-0.12
1779906932212,imu,gyro_z,-0.19
1779906932212,imu,mag_x,-13.4
1779906932212,imu,mag_y,26.8
1779906932212,imu,mag_z,19.900000000000002
1779906932311,baro,presion,1013.5
1779906932311,baro,temp,19.55
1779906932311,baro,alt,499.5
1779906932411,gps,lat,-33.299829
1779906932411,gps,lon,-70.599064
1779906932411,gps,alt,496.0
1779906933215,imu,accel_x,-1.5
1779906933215,imu,accel_y,-0.39
1779906933215,imu,accel_z,9.76
1779906933215,imu,gyro_x,0.28
1779906933215,imu,gyro_y,0.36
1779906933215,imu,gyro_z,0.16
1779906933215,imu,mag_x,-11.4
1779906933215,imu,mag_y,-10.5
1779906933215,imu,mag_z,11.600000000000001
1779906933313,baro,presion,1013.6
1779906933313,baro,temp,20.39
1779906933313,baro,alt,500.9
1779906933415,gps,lat,-33.300382
1779906933415,gps,lon,-70.59979
1779906933415,gps,alt,501.0
1779906934218,imu,accel_x,-0.51
1779906934218,imu,accel_y,1.05
1779906934218,imu,accel_z,9.84
1779906934218,imu,gyro_x,-0.5
1779906934218,imu,gyro_y,0.11
1779906934218,imu,gyro_z,0.17
1779906934218,imu,mag_x,-11.3
1779906934218,imu,mag_y,23.3
1779906934218,imu,mag_z,-28.0
1779906934317,baro,presion,1012.2
1779906934317,baro,temp,19.62
1779906934317,baro,alt,500.7
1779906934418,gps,lat,-33.299128
1779906934418,gps,lon,-70.599137
1779906934418,gps,alt,504.0
1779906935219,imu,accel_x,-0.15
1779906935219,imu,accel_y,1.17
1779906935219,imu,accel_z,9.73
1779906935219,imu,gyro_x,0.08
1779906935219,imu,gyro_y,0.12
1779906935219,imu,gyro_z,0.22
1779906935219,imu,mag_x,11.8
1779906935219,imu,mag_y,-28.6
1779906935219,imu,mag_z,10.700000000000001
1779906935320,baro,presion,1012.6
1779906935320,baro,temp,19.98
1779906935320,baro,alt,499.0
1779906935421,gps,lat,-33.299852
1779906935421,gps,lon,-70.599058
1779906935421,gps,alt,499.0
1779906936223,imu,accel_x,0.06
1779906936223,imu,accel_y,1.02
1779906936223,imu,accel_z,9.78
1779906936223,imu,gyro_x,-0.34
1779906936223,imu,gyro_y,-0.49
1779906936223,imu,gyro_z,-0.06
1779906936223,imu,mag_x,-19.1
1779906936223,imu,mag_y,2.8000000000000003
1779906936223,imu,mag_z,7.7
1779906936322,baro,presion,1012.1
1779906936322,baro,temp,19.8
1779906936322,baro,alt,499.6
1779906936423,gps,lat,-33.299493
1779906936423,gps,lon,-70.599981
1779906936423,gps,alt,498.0
1779906937226,imu,accel_x,0.66
1779906937226,imu,accel_y,-0.05
1779906937226,imu,accel_z,9.700000000000001
1779906937226,imu,gyro_x,-0.32
1779906937226,imu,gyro_y,0.22
1779906937226,imu,gyro_z,0.47000000000000003
1779906937226,imu,mag_x,-24.8
1779906937226,imu,mag_y,6.0
1779906937226,imu,mag_z,-23.5
1779906937324,baro,presion,1012.2
1779906937324,baro,temp,19.77
1779906937324,baro,alt,499.7
1779906937426,gps,lat,-33.299956
1779906937426,gps,lon,-70.600167
1779906937426,gps,alt,497.0
1779906938228,imu,accel_x,0.52
1779906938228,imu,accel_y,-1.61
1779906938228,imu,accel_z,9.86
1779906938228,imu,gyro_x,-0.25
1779906938228,imu,gyro_y,-0.33
1779906938228,imu,gyro_z,0.05
1779906938228,imu,mag_x,-16.6
1779906938228,imu,mag_y,7.2
1779906938228,imu,mag_z,-7.7
1779906938328,baro,presion,1013.8
1779906938328,baro,temp,19.83
1779906938328,baro,alt,499.3
1779906938429,gps,lat,-33.300263
1779906938429,gps,lon,-70.600362
1779906938429,gps,alt,502.0
1779906939231,imu,accel_x,-1.8800000000000001
1779906939231,imu,accel_y,1.6300000000000001
1779906939231,imu,accel_z,9.870000000000001
1779906939231,imu,gyro_x,-0.09
1779906939231,imu,gyro_y,-0.12
1779906939231,imu,gyro_z,0.26
1779906939231,imu,mag_x,5.9
1779906939231,imu,mag_y,18.8
1779906939231,imu,mag_z,4.1000000000000005
1779906939331,baro,presion,1012.4
1779906939331,baro,temp,19.74
1779906939331,baro,alt,500.6
1779906939431,gps,lat,-33.3009
1779906939431,gps,lon,-70.59942
1779906939431,gps,alt,501.0
1779906940233,imu,accel_x,1.86
1779906940233,imu,accel_y,0.03
1779906940233,imu,accel_z,9.82
1779906940233,imu,gyro_x,0.01
1779906940233,imu,gyro_y,0.42
1779906940233,imu,gyro_z,0.44
1779906940233,imu,mag_x,-23.5
1779906940233,imu,mag_y,2.7
1779906940233,imu,mag_z,-23.200000000000003
1779906940333,baro,presion,1012.5
1779906940333,baro,temp,20.15
1779906940333,baro,alt,499.2
1779906940434,gps,lat,-33.30087
1779906940434,gps,lon,-70.600511
1779906940434,gps,alt,504.0
1779906941236,imu,accel_x,-0.79
1779906941236,imu,accel_y,0.34
1779906941236,imu,accel_z,9.71
1779906941236,imu,gyro_x,-0.29
1779906941236,imu,gyro_y,-0.48
1779906941236,imu,gyro_z,-0.33
1779906941236,imu,mag_x,-12.200000000000001
1779906941236,imu,mag_y,-9.200000000000001
1779906941236,imu,mag_z,16.900000000000002
1779906941336,baro,presion,1012.4
1779906941336,baro,temp,19.81
1779906941336,baro,alt,500.7
1779906941436,gps,lat,-33.300272
1779906941436,gps,lon,-70.599365
1779906941436,gps,alt,503.0
1779906942239,imu,accel_x,1.24
1779906942239,imu,accel_y,-1.06
1779906942239,imu,accel_z,9.74
1779906942239,imu,gyro_x,0.12
1779906942239,imu,gyro_y,0.49
1779906942239,imu,gyro_z,-0.1
1779906942239,imu,mag_x,-18.0
1779906942239,imu,mag_y,-6.6000000000000005
1779906942239,imu,mag_z,-14.4
1779906942338,baro,presion,1013.2
1779906942338,baro,temp,19.6
1779906942338,baro,alt,500.9
1779906942439,gps,lat,-33.299062
1779906942439,gps,lon,-70.599985
1779906942439,gps,alt,496.0
1779906943241,imu,accel_x,1.22
1779906943241,imu,accel_y,1.2
1779906943241,imu,accel_z,9.73
1779906943241,imu,gyro_x,-0.05
1779906943241,imu,gyro_y,-0.32
1779906943241,imu,gyro_z,0.08
1779906943241,imu,mag_x,19.6
1779906943241,imu,mag_y,-4.5
1779906943241,imu,mag_z,18.7
1779906943341,baro,presion,1012.5
1779906943341,baro,temp,20.4
1779906943341,baro,alt,499.0
1779906943441,gps,lat,-33.30058
1779906943441,gps,lon,-70.600056
1779906943441,gps,alt,499.0
1779906944244,imu,accel_x,-0.65
1779906944244,imu,accel_y,0.72
1779906944244,imu,accel_z,9.870000000000001
1779906944244,imu,gyro_x,-0.42
1779906944244,imu,gyro_y,-0.14
1779906944244,imu,gyro_z,0.36
1779906944244,imu,mag_x,28.6
1779906944244,imu,mag_y,18.900000000000002
1779906944244,imu,mag_z,-17.0
1779906944343,baro,presion,1012.8
1779906944343,baro,temp,20.05
1779906944343,baro,alt,500.7
1779906944444,gps,lat,-33.299963
1779906944444,gps,lon,-70.599212
1779906944444,gps,alt,497.0
1779906945247,imu,accel_x,1.02
1779906945247,imu,accel_y,-1.48
1779906945247,imu,accel_z,9.77
1779906945247,imu,gyro_x,0.12
1779906945247,imu,gyro_y,0.17
1779906945247,imu,gyro_z,0.35000000000000003
1779906945247,imu,mag_x,25.700000000000003
1779906945247,imu,mag_y,18.400000000000002
1779906945247,imu,mag_z,7.4
1779906945347,baro,presion,1012.4
1779906945347,baro,temp,20.47
1779906945347,baro,alt,499.0
1779906945447,gps,lat,-33.300583
1779906945447,gps,lon,-70.599592
1779906945447,gps,alt,500.0
1779906946249,imu,accel_x,0.65
1779906946249,imu,accel_y,-1.41
1779906946249,imu,accel_z,9.72
1779906946249,imu,gyro_x,0.19
1779906946249,imu,gyro_y,-0.32
1779906946249,imu,gyro_z,-0.22
1779906946249,imu,mag_x,3.7
1779906946249,imu,mag_y,17.3
1779906946249,imu,mag_z,16.1
1779906946348,baro,presion,1012.6
1779906946348,baro,temp,19.59
1779906946348,baro,alt,500.8
1779906946450,gps,lat,-33.300673
1779906946450,gps,lon,-70.599182
1779906946450,gps,alt,497.0
1779906947253,imu,accel_x,1.6300000000000001
1779906947253,imu,accel_y,-1.43
1779906947253,imu,accel_z,9.700000000000001
1779906947253,imu,gyro_x,0.31
1779906947253,imu,gyro_y,-0.12
1779906947253,imu,gyro_z,-0.25
1779906947253,imu,mag_x,9.700000000000001
1779906947253,imu,mag_y,-12.4
1779906947253,imu,mag_z,12.600000000000001
1779906947352,baro,presion,1013.0
1779906947352,baro,temp,20.21
1779906947352,baro,alt,499.1
1779906947452,gps,lat,-33.299118
1779906947452,gps,lon,-70.59981
1779906947452,gps,alt,504.0
1779906948255,imu,accel_x,0.45
1779906948255,imu,accel_y,-0.59
1779906948255,imu,accel_z,9.71
1779906948255,imu,gyro_x,-0.39
1779906948255,imu,gyro_y,-0.13
1779906948255,imu,gyro_z,-0.07
1779906948255,imu,mag_x,-1.0
1779906948255,imu,mag_y,-16.5
1779906948255,imu,mag_z,-2.4000000000000004
1779906948355,baro,presion,1013.6
1779906948355,baro,temp,20.31
1779906948355,baro,alt,500.8
1779906948455,gps,lat,-33.299964
1779906948455,gps,lon,-70.599801
1779906948455,gps,alt,497.0
1779906949258,imu,accel_x,-0.99
1779906949258,imu,accel_y,-0.61
1779906949258,imu,accel_z,9.8
1779906949258,imu,gyro_x,-0.42
1779906949258,imu,gyro_y,-0.24
1779906949258,imu,gyro_z,0.45
1779906949258,imu,mag_x,13.9
1779906949258,imu,mag_y,-19.6
1779906949258,imu,mag_z,1.9000000000000001
1779906949357,baro,presion,1012.8
1779906949357,baro,temp,19.87
1779906949357,baro,alt,499.2
1779906949458,gps,lat,-33.300547
1779906949458,gps,lon,-70.599013
1779906949458,gps,alt,501.0
1779906950260,imu,accel_x,-0.71
1779906950260,imu,accel_y,-0.5700000000000001
1779906950260,imu,accel_z,9.8
1779906950260,imu,gyro_x,-0.13
1779906950260,imu,gyro_y,0.17
1779906950260,imu,gyro_z,0.32
1779906950260,imu,mag_x,-13.9
1779906950260,imu,mag_y,-16.1
1779906950260,imu,mag_z,-24.6
1779906950360,baro,presion,1013.9
1779906950360,baro,temp,19.85
1779906950360,baro,alt,500.3
1779906950461,gps,lat,-33.299061
1779906950461,gps,lon,-70.600061
1779906950461,gps,alt,501.0
1779906951263,imu,accel_x,1.8800000000000001
1779906951263,imu,accel_y,1.0
1779906951263,imu,accel_z,9.82
1779906951263,imu,gyro_x,-0.27
1779906951263,imu,gyro_y,-0.3
1779906951263,imu,gyro_z,-0.26
1779906951263,imu,mag_x,24.3
1779906951263,imu,mag_y,21.3
1779906951263,imu,mag_z,-3.5
1779906951363,baro,presion,1012.0
1779906951363,baro,temp,20.23
1779906951363,baro,alt,500.5
1779906951463,gps,lat,-33.299798
1779906951463,gps,lon,-70.599645
1779906951463,gps,alt,503.0
1779906952265,imu,accel_x,-0.11
1779906952265,imu,accel_y,1.54
1779906952265,imu,accel_z,9.82
1779906952265,imu,gyro_x,-0.36
1779906952265,imu,gyro_y,0.14
1779906952265,imu,gyro_z,0.05
1779906952265,imu,mag_x,23.1
1779906952265,imu,mag_y,-20.5
1779906952265,imu,mag_z,1.4000000000000001
1779906952365,baro,presion,1012.0
1779906952365,baro,temp,20.39
1779906952365,baro,alt,500.5
1779906952466,gps,lat,-33.299427
1779906952466,gps,lon,-70.600089
1779906952466,gps,alt,504.0
1779906953268,imu,accel_x,-1.09
1779906953268,imu,accel_y,1.61
1779906953268,imu,accel_z,9.72
1779906953268,imu,gyro_x,0.15
1779906953268,imu,gyro_y,-0.29
1779906953268,imu,gyro_z,0.17
1779906953268,imu,mag_x,-8.9
1779906953268,imu,mag_y,2.4000000000000004
1779906953268,imu,mag_z,22.200000000000003
1779906953368,baro,presion,1012.9
1779906953368,baro,temp,19.87
1779906953368,baro,alt,499.2
1779906953468,gps,lat,-33.299666
1779906953468,gps,lon,-70.600728
1779906953468,gps,alt,502.0
1779906954271,imu,accel_x,1.58
1779906954271,imu,accel_y,-1.57
1779906954271,imu,accel_z,9.77
1779906954271,imu,gyro_x,0.31
1779906954271,imu,gyro_y,-0.19
1779906954271,imu,gyro_z,-0.21
1779906954271,imu,mag_x,-22.0
1779906954271,imu,mag_y,14.600000000000001
1779906954271,imu,mag_z,7.800000000000001
1779906954371,baro,presion,1012.7
1779906954371,baro,temp,20.25
1779906954371,baro,alt,499.2
1779906954471,gps,lat,-33.299746
1779906954471,gps,lon,-70.599032
1779906954471,gps,alt,497.0
1779906955274,imu,accel_x,1.76
1779906955274,imu,accel_y,0.9500000000000001
1779906955274,imu,accel_z,9.72
1779906955274,imu,gyro_x,-0.49
1779906955274,imu,gyro_y,-0.46
1779906955274,imu,gyro_z,-0.35000000000000003
1779906955274,imu,mag_x,-13.3
1779906955274,imu,mag_y,5.6000000000000005
1779906955274,imu,mag_z,-18.900000000000002
1779906955373,baro,presion,1012.5
1779906955373,baro,temp,19.54
1779906955373,baro,alt,500.7
1779906955474,gps,lat,-33.299141
1779906955474,gps,lon,-70.600489
1779906955474,gps,alt,504.0
1779906956276,imu,accel_x,0.8200000000000001
1779906956276,imu,accel_y,-1.86
1779906956276,imu,accel_z,9.88
1779906956276,imu,gyro_x,0.15
1779906956276,imu,gyro_y,-0.13
1779906956276,imu,gyro_z,0.18
1779906956276,imu,mag_x,18.3
1779906956276,imu,mag_y,-18.7
1779906956276,imu,mag_z,7.300000000000001
1779906956376,baro,presion,1013.5
1779906956376,baro,temp,19.75
1779906956376,baro,alt,499.9
1779906956476,gps,lat,-33.300094
1779906956476,gps,lon,-70.600933
1779906956476,gps,alt,496.0
1779906957279,imu,accel_x,-0.92
1779906957279,imu,accel_y,0.43
1779906957279,imu,accel_z,9.76
1779906957279,imu,gyro_x,0.21
1779906957279,imu,gyro_y,-0.35000000000000003
1779906957279,imu,gyro_z,-0.26
1779906957279,imu,mag_x,-26.5
1779906957279,imu,mag_y,-19.200000000000003
1779906957279,imu,mag_z,11.0
1779906957378,baro,presion,1012.2
1779906957378,baro,temp,20.42
1779906957378,baro,alt,500.1
1779906957479,gps,lat,-33.29988
1779906957479,gps,lon,-70.599735
1779906957479,gps,alt,495.0
1779906958282,imu,accel_x,-0.6
1779906958282,imu,accel_y,-0.15
1779906958282,imu,accel_z,9.83
1779906958282,imu,gyro_x,0.17
1779906958282,imu,gyro_y,0.38
1779906958282,imu,gyro_z,-0.12
1779906958282,imu,mag_x,7.7
1779906958282,imu,mag_y,21.3
1779906958282,imu,mag_z,-14.9
1779906958381,baro,presion,1012.9
1779906958381,baro,temp,20.04
1779906958381,baro,alt,500.8
1779906958482,gps,lat,-33.30089
1779906958482,gps,lon,-70.599406
1779906958482,gps,alt,501.0
1779906959285,imu,accel_x,-1.53
1779906959285,imu,accel_y,0.16
1779906959285,imu,accel_z,9.78
1779906959285,imu,gyro_x,-0.34
1779906959285,imu,gyro_y,0.49
1779906959285,imu,gyro_z,-0.09
1779906959285,imu,mag_x,8.6
1779906959285,imu,mag_y,-7.1000000000000005
1779906959285,imu,mag_z,7.0
1779906959384,baro,presion,1012.5
1779906959384,baro,temp,20.02
1779906959384,baro,alt,500.5
1779906959485,gps,lat,-33.299285
1779906959485,gps,lon,-70.599527
1779906959485,gps,alt,503.0
1779906960287,imu,accel_x,-1.02
1779906960287,imu,accel_y,-0.86
1779906960287,imu,accel_z,9.78
1779906960287,imu,gyro_x,-0.41000000000000003
1779906960287,imu,gyro_y,-0.16
1779906960287,imu,gyro_z,-0.05
1779906960287,imu,mag_x,-13.9
1779906960287,imu,mag_y,18.5
1779906960287,imu,mag_z,-22.5
1779906960386,baro,presion,1012.6
1779906960386,baro,temp,19.67
1779906960386,baro,alt,499.0
1779906960488,gps,lat,-33.299049
1779906960488,gps,lon,-70.599519
1779906960488,gps,alt,499.0
1779906961290,imu,accel_x,0.68
1779906961290,imu,accel_y,1.68
1779906961290,imu,accel_z,9.790000000000001
1779906961290,imu,gyro_x,0.07
1779906961290,imu,gyro_y,0.45
1779906961290,imu,gyro_z,0.24
1779906961290,imu,mag_x,-16.6
1779906961290,imu,mag_y,9.9
1779906961290,imu,mag_z,24.8
1779906961389,baro,presion,1012.4
1779906961389,baro,temp,19.61
1779906961389,baro,alt,499.1
1779906961490,gps,lat,-33.299026
1779906961490,gps,lon,-70.600446
1779906961490,gps,alt,498.0
1779906962293,imu,accel_x,-1.3800000000000001
1779906962293,imu,accel_y,0.8
1779906962293,imu,accel_z,9.870000000000001
1779906962293,imu,gyro_x,0.26
1779906962293,imu,gyro_y,0.11
1779906962293,imu,gyro_z,0.44
1779906962293,imu,mag_x,26.700000000000003
1779906962293,imu,mag_y,-3.0
1779906962293,imu,mag_z,-27.1
1779906962392,baro,presion,1012.5
1779906962392,baro,temp,20.21
1779906962392,baro,alt,499.5
1779906962494,gps,lat,-33.300827
1779906962494,gps,lon,-70.599194
1779906962494,gps,alt,504.0
1779906963295,imu,accel_x,1.6
1779906963295,imu,accel_y,-1.62
1779906963295,imu,accel_z,9.81
1779906963295,imu,gyro_x,0.18
1779906963295,imu,gyro_y,-0.06
1779906963295,imu,gyro_z,-0.12
1779906963295,imu,mag_x,21.400000000000002
1779906963295,imu,mag_y,-17.0
1779906963295,imu,mag_z,-20.8
1779906963395,baro,presion,1012.9
1779906963395,baro,temp,20.48
1779906963395,baro,alt,500.7
1779906963495,gps,lat,-33.300399
1779906963495,gps,lon,-70.60055
1779906963495,gps,alt,498.0
1779906964298,imu,accel_x,0.53
1779906964298,imu,accel_y,1.2
1779906964298,imu,accel_z,9.74
1779906964298,imu,gyro_x,0.49
1779906964298,imu,gyro_y,0.47000000000000003
1779906964298,imu,gyro_z,-0.47000000000000003
1779906964298,imu,mag_x,-28.400000000000002
1779906964298,imu,mag_y,-3.9000000000000004
1779906964298,imu,mag_z,29.6
1779906964398,baro,presion,1012.6
1779906964398,baro,temp,19.74
1779906964398,baro,alt,500.9
1779906964498,gps,lat,-33.30028
1779906964498,gps,lon,-70.600677
1779906964498,gps,alt,496.0
1779906965301,imu,accel_x,-0.64
1779906965301,imu,accel_y,-0.32
1779906965301,imu,accel_z,9.76
1779906965301,imu,gyro_x,0.02
1779906965301,imu,gyro_y,0.2
1779906965301,imu,gyro_z,0.41000000000000003
1779906965301,imu,mag_x,-22.900000000000002
1779906965301,imu,mag_y,-20.3
1779906965301,imu,mag_z,-1.4000000000000001
1779906965400,baro,presion,1013.1
1779906965400,baro,temp,20.27
1779906965400,baro,alt,500.1
1779906965502,gps,lat,-33.2996
1779906965502,gps,lon,-70.59987
1779906965502,gps,alt,499.0
1779906966303,imu,accel_x,-0.85
1779906966303,imu,accel_y,-0.47000000000000003
1779906966303,imu,accel_z,9.72
1779906966303,imu,gyro_x,-0.39
1779906966303,imu,gyro_y,-0.33
1779906966303,imu,gyro_z,0.39
1779906966303,imu,mag_x,-11.5
1779906966303,imu,mag_y,9.8
1779906966303,imu,mag_z,10.700000000000001
1779906966403,baro,presion,1012.0
1779906966403,baro,temp,20.1
1779906966403,baro,alt,499.5
1779906966503,gps,lat,-33.30007
1779906966503,gps,lon,-70.600463
1779906966503,gps,alt,504.0
1779906967306,imu,accel_x,1.31
1779906967306,imu,accel_y,-0.47000000000000003
1779906967306,imu,accel_z,9.75
1779906967306,imu,gyro_x,-0.02
1779906967306,imu,gyro_y,0.06
1779906967306,imu,gyro_z,0.07
1779906967306,imu,mag_x,-29.5
1779906967306,imu,mag_y,27.6
1779906967306,imu,mag_z,-19.8
1779906967406,baro,presion,1013.6
1779906967406,baro,temp,19.61
1779906967406,baro,alt,500.1
1779906967506,gps,lat,-33.300575
1779906967506,gps,lon,-70.600351
1779906967506,gps,alt,495.0
1779906968309,imu,accel_x,-1.06
1779906968309,imu,accel_y,0.22
1779906968309,imu,accel_z,9.71
1779906968309,imu,gyro_x,0.48
1779906968309,imu,gyro_y,0.34
1779906968309,imu,gyro_z,0.16
1779906968309,imu,mag_x,23.1
1779906968309,imu,mag_y,-25.0
1779906968309,imu,mag_z,12.9
1779906968408,baro,presion,1013.8
1779906968408,baro,temp,20.31
1779906968408,baro,alt,500.4
1779906968509,gps,lat,-33.300842
1779906968509,gps,lon,-70.60016
1779906968509,gps,alt,497.0
1779906969311,imu,accel_x,0.46
1779906969311,imu,accel_y,-0.03
1779906969311,imu,accel_z,9.78
1779906969311,imu,gyro_x,0.11
1779906969311,imu,gyro_y,0.47000000000000003
1779906969311,imu,gyro_z,-0.27
1779906969311,imu,mag_x,-0.30000000000000004
1779906969311,imu,mag_y,-9.4
1779906969311,imu,mag_z,-25.200000000000003
1779906969411,baro,presion,1013.9
1779906969411,baro,temp,19.94
1779906969411,baro,alt,499.6
1779906969512,gps,lat,-33.2994
1779906969512,gps,lon,-70.599538
1779906969512,gps,alt,496.0
1779906970314,imu,accel_x,-1.06
1779906970314,imu,accel_y,-0.6
1779906970314,imu,accel_z,9.74
1779906970314,imu,gyro_x,-0.07
1779906970314,imu,gyro_y,0.19
1779906970314,imu,gyro_z,-0.28
1779906970314,imu,mag_x,12.5
1779906970314,imu,mag_y,24.5
1779906970314,imu,mag_z,-3.6
1779906970414,baro,presion,1012.0
1779906970414,baro,temp,19.64
1779906970414,baro,alt,499.0
1779906970515,gps,lat,-33.299439
1779906970515,gps,lon,-70.599355
1779906970515,gps,alt,498.0
1779906971317,imu,accel_x,-1.03
1779906971317,imu,accel_y,-0.33
1779906971317,imu,accel_z,9.81
1779906971317,imu,gyro_x,0.46
1779906971317,imu,gyro_y,0.14
1779906971317,imu,gyro_z,0.23
1779906971317,imu,mag_x,27.400000000000002
1779906971317,imu,mag_y,25.8
1779906971317,imu,mag_z,21.200000000000003
1779906971417,baro,presion,1012.4
1779906971417,baro,temp,20.38
1779906971417,baro,alt,500.8
1779906971517,gps,lat,-33.299499
1779906971517,gps,lon,-70.600387
1779906971517,gps,alt,495.0
1779906972320,imu,accel_x,-0.16
1779906972320,imu,accel_y,-1.31
1779906972320,imu,accel_z,9.77
1779906972320,imu,gyro_x,-0.38
1779906972320,imu,gyro_y,0.33
1779906972320,imu,gyro_z,0.11
1779906972320,imu,mag_x,2.5
1779906972320,imu,mag_y,4.0
1779906972320,imu,mag_z,21.400000000000002
1779906972419,baro,presion,1013.2
1779906972419,baro,temp,19.57
1779906972419,baro,alt,500.7
1779906972520,gps,lat,-33.300438
1779906972520,gps,lon,-70.599946
1779906972520,gps,alt,496.0
1779906973322,imu,accel_x,-0.59
1779906973322,imu,accel_y,1.77
1779906973322,imu,accel_z,9.790000000000001
1779906973322,imu,gyro_x,0.0
1779906973322,imu,gyro_y,0.18
1779906973322,imu,gyro_z,-0.46
1779906973322,imu,mag_x,-15.9
1779906973322,imu,mag_y,0.2
1779906973322,imu,mag_z,5.2
1779906973421,baro,presion,1013.4
1779906973421,baro,temp,20.09
1779906973421,baro,alt,499.8
1779906973523,gps,lat,-33.300675
1779906973523,gps,lon,-70.599856
1779906973523,gps,alt,495.0
1779906974325,imu,accel_x,-0.5700000000000001
1779906974325,imu,accel_y,-1.11
1779906974325,imu,accel_z,9.73
1779906974325,imu,gyro_x,-0.12
1779906974325,imu,gyro_y,0.24
1779906974325,imu,gyro_z,-0.12
1779906974325,imu,mag_x,25.3
1779906974325,imu,mag_y,9.600000000000001
1779906974325,imu,mag_z,-18.6
1779906974424,baro,presion,1013.5
1779906974424,baro,temp,19.86
1779906974424,baro,alt,500.3
1779906974525,gps,lat,-33.299152
1779906974525,gps,lon,-70.599572
1779906974525,gps,alt,496.0
1779906975328,imu,accel_x,1.45
1779906975328,imu,accel_y,0.5700000000000001
1779906975328,imu,accel_z,9.75
1779906975328,imu,gyro_x,-0.28
1779906975328,imu,gyro_y,0.07
1779906975328,imu,gyro_z,-0.5
1779906975328,imu,mag_x,-2.4000000000000004
1779906975328,imu,mag_y,-12.9
1779906975328,imu,mag_z,-18.8
1779906975427,baro,presion,1013.2
1779906975427,baro,temp,19.74
1779906975427,baro,alt,499.9
1779906975528,gps,lat,-33.299248
1779906975528,gps,lon,-70.600077
1779906975528,gps,alt,501.0
1779906976330,imu,accel_x,-0.63
1779906976330,imu,accel_y,0.96
1779906976330,imu,accel_z,9.870000000000001
1779906976330,imu,gyro_x,-0.37
1779906976330,imu,gyro_y,0.06
1779906976330,imu,gyro_z,0.24
1779906976330,imu,mag_x,7.9
1779906976330,imu,mag_y,-12.4
1779906976330,imu,mag_z,13.0
1779906976430,baro,presion,1013.7
1779906976430,baro,temp,20.35
1779906976430,baro,alt,500.6
1779906976531,gps,lat,-33.300777
1779906976531,gps,lon,-70.60047
1779906976531,gps,alt,504.0
1779906977333,imu,accel_x,-0.79
1779906977333,imu,accel_y,-1.44
1779906977333,imu,accel_z,9.700000000000001
1779906977333,imu,gyro_x,-0.07
1779906977333,imu,gyro_y,0.1
1779906977333,imu,gyro_z,-0.27
1779906977333,imu,mag_x,15.600000000000001
1779906977333,imu,mag_y,-0.1
1779906977333,imu,mag_z,23.3
1779906977433,baro,presion,1013.6
1779906977433,baro,temp,20.39
1779906977433,baro,alt,500.4
1779906977534,gps,lat,-33.300215
1779906977534,gps,lon,-70.600939
1779906977534,gps,alt,496.0
1779906978336,imu,accel_x,0.63
1779906978336,imu,accel_y,0.59
1779906978336,imu,accel_z,9.86
1779906978336,imu,gyro_x,0.41000000000000003
1779906978336,imu,gyro_y,0.39
1779906978336,imu,gyro_z,-0.42
1779906978336,imu,mag_x,23.200000000000003
1779906978336,imu,mag_y,-24.0
1779906978336,imu,mag_z,-11.5
1779906978436,baro,presion,1012.8
1779906978436,baro,temp,20.39
1779906978436,baro,alt,499.6
1779906978536,gps,lat,-33.299806
1779906978536,gps,lon,-70.599275
1779906978536,gps,alt,495.0
1779906979338,imu,accel_x,0.13
1779906979338,imu,accel_y,-0.1
1779906979338,imu,accel_z,9.84
1779906979338,imu,gyro_x,-0.25
1779906979338,imu,gyro_y,0.17
1779906979338,imu,gyro_z,0.03
1779906979338,imu,mag_x,12.9
1779906979338,imu,mag_y,21.3
1779906979338,imu,mag_z,15.9
1779906979438,baro,presion,1012.1
1779906979438,baro,temp,19.83
1779906979438,baro,alt,499.1
1779906979539,gps,lat,-33.299252
1779906979539,gps,lon,-70.600934
1779906979539,gps,alt,503.0
1779906980341,imu,accel_x,-1.44
1779906980341,imu,accel_y,0.58
1779906980341,imu,accel_z,9.75
1779906980341,imu,gyro_x,0.35000000000000003
1779906980341,imu,gyro_y,-0.38
1779906980341,imu,gyro_z,-0.33
1779906980341,imu,mag_x,-22.200000000000003
1779906980341,imu,mag_y,27.6
1779906980341,imu,mag_z,-29.900000000000002
1779906980440,baro,presion,1013.2
1779906980440,baro,temp,20.2
1779906980440,baro,alt,499.6
1779906980541,gps,lat,-33.299164
1779906980541,gps,lon,-70.600194
1779906980541,gps,alt,503.0
1779906981343,imu,accel_x,-0.87
1779906981343,imu,accel_y,-1.32
1779906981343,imu,accel_z,9.870000000000001
1779906981343,imu,gyro_x,0.0
1779906981343,imu,gyro_y,0.33
1779906981343,imu,gyro_z,-0.04
1779906981343,imu,mag_x,10.5
1779906981343,imu,mag_y,-18.1
1779906981343,imu,mag_z,-7.300000000000001
1779906981444,baro,presion,1012.3
1779906981444,baro,temp,19.8
1779906981444,baro,alt,500.5
1779906981544,gps,lat,-33.299906
1779906981544,gps,lon,-70.599417
1779906981544,gps,alt,502.0
1779906982347,imu,accel_x,1.69
1779906982347,imu,accel_y,1.62
1779906982347,imu,accel_z,9.89
1779906982347,imu,gyro_x,0.05
1779906982347,imu,gyro_y,0.13
1779906982347,imu,gyro_z,-0.26
1779906982347,imu,mag_x,0.4
1779906982347,imu,mag_y,23.8
1779906982347,imu,mag_z,-18.400000000000002
1779906982446,baro,presion,1013.1
1779906982446,baro,temp,19.98
1779906982446,baro,alt,499.8
1779906982546,gps,lat,-33.300353
1779906982546,gps,lon,-70.600154
1779906982546,gps,alt,501.0
1779906983349,imu,accel_x,-0.49
1779906983349,imu,accel_y,1.85
1779906983349,imu,accel_z,9.74
1779906983349,imu,gyro_x,-0.32
1779906983349,imu,gyro_y,0.42
1779906983349,imu,gyro_z,-0.36
1779906983349,imu,mag_x,6.2
1779906983349,imu,mag_y,20.5
1779906983349,imu,mag_z,9.1
1779906983448,baro,presion,1012.5
1779906983448,baro,temp,20.0
1779906983448,baro,alt,500.8
1779906983550,gps,lat,-33.29957
1779906983550,gps,lon,-70.59967
1779906983550,gps,alt,502.0
1779906984352,imu,accel_x,-0.15
1779906984352,imu,accel_y,-1.93
1779906984352,imu,accel_z,9.73
1779906984352,imu,gyro_x,0.25
1779906984352,imu,gyro_y,-0.21
1779906984352,imu,gyro_z,-0.02
1779906984352,imu,mag_x,4.6000000000000005
1779906984352,imu,mag_y,-26.1
1779906984352,imu,mag_z,5.2
1779906984451,baro,presion,1012.8
1779906984451,baro,temp,20.47
1779906984451,baro,alt,499.7
1779906984553,gps,lat,-33.300819
1779906984553,gps,lon,-70.600538
1779906984553,gps,alt,504.0
1779906985355,imu,accel_x,-1.35
1779906985355,imu,accel_y,1.5
1779906985355,imu,accel_z,9.82
1779906985355,imu,gyro_x,0.12
1779906985355,imu,gyro_y,-0.22
1779906985355,imu,gyro_z,0.04
1779906985355,imu,mag_x,-9.4
1779906985355,imu,mag_y,7.800000000000001
1779906985355,imu,mag_z,3.0
1779906985454,baro,presion,1013.8
1779906985454,baro,temp,20.21
1779906985454,baro,alt,500.3
1779906985555,gps,lat,-33.299722
1779906985555,gps,lon,-70.600964
1779906985555,gps,alt,495.0
1779906986357,imu,accel_x,-1.47
1779906986357,imu,accel_y,0.5
1779906986357,imu,accel_z,9.83
1779906986357,imu,gyro_x,-0.17
1779906986357,imu,gyro_y,-0.25
1779906986357,imu,gyro_z,0.27
1779906986357,imu,mag_x,-13.3
1779906986357,imu,mag_y,-8.8
1779906986357,imu,mag_z,-2.6
1779906986456,baro,presion,1013.7
1779906986456,baro,temp,20.3
1779906986456,baro,alt,500.9
1779906986557,gps,lat,-33.299404
1779906986557,gps,lon,-70.599776
1779906986557,gps,alt,496.0
1779906987361,imu,accel_x,-1.42
1779906987361,imu,accel_y,-1.09
1779906987361,imu,accel_z,9.790000000000001
1779906987361,imu,gyro_x,0.08
1779906987361,imu,gyro_y,-0.26
1779906987361,imu,gyro_z,-0.24
1779906987361,imu,mag_x,13.700000000000001
1779906987361,imu,mag_y,-3.5
1779906987361,imu,mag_z,-0.2
1779906987459,baro,presion,1012.0
1779906987459,baro,temp,20.18
1779906987459,baro,alt,499.6
1779906987561,gps,lat,-33.300841
1779906987561,gps,lon,-70.599776
1779906987561,gps,alt,502.0
1779906988364,imu,accel_x,-0.21
1779906988364,imu,accel_y,0.99
1779906988364,imu,accel_z,9.8
1779906988364,imu,gyro_x,0.18
1779906988364,imu,gyro_y,0.21
1779906988364,imu,gyro_z,-0.27
1779906988364,imu,mag_x,0.0
1779906988364,imu,mag_y,-20.1
1779906988364,imu,mag_z,8.0
1779906988461,baro,presion,1012.9
1779906988461,baro,temp,20.14
1779906988461,baro,alt,499.3
1779906988563,gps,lat,-33.299891
1779906988563,gps,lon,-70.599669
1779906988563,gps,alt,497.0
1779906989366,imu,accel_x,1.87
1779906989366,imu,accel_y,-1.61
1779906989366,imu,accel_z,9.77
1779906989366,imu,gyro_x,0.18
1779906989366,imu,gyro_y,0.36
1779906989366,imu,gyro_z,0.28
1779906989366,imu,mag_x,15.3
1779906989366,imu,mag_y,27.5
1779906989366,imu,mag_z,1.6
1779906989466,baro,presion,1012.3
1779906989466,baro,temp,20.13
1779906989466,baro,alt,499.3
1779906989566,gps,lat,-33.299589
1779906989566,gps,lon,-70.599714
1779906989566,gps,alt,499.0
1779906990368,imu,accel_x,0.32
1779906990368,imu,accel_y,1.46
1779906990368,imu,accel_z,9.81
1779906990368,imu,gyro_x,-0.3
1779906990368,imu,gyro_y,0.31
1779906990368,imu,gyro_z,-0.44
1779906990368,imu,mag_x,-20.8
1779906990368,imu,mag_y,-26.200000000000003
1779906990368,imu,mag_z,-3.0
1779906990468,baro,presion,1012.2
1779906990468,baro,temp,19.83
1779906990468,baro,alt,499.3
1779906990569,gps,lat,-33.300383
1779906990569,gps,lon,-70.600907
1779906990569,gps,alt,496.0
1779906991371,imu,accel_x,1.0
1779906991371,imu,accel_y,1.3800000000000001
1779906991371,imu,accel_z,9.700000000000001
1779906991371,imu,gyro_x,-0.3
1779906991371,imu,gyro_y,-0.13
1779906991371,imu,gyro_z,0.06
1779906991371,imu,mag_x,7.1000000000000005
1779906991371,imu,mag_y,-23.0
1779906991371,imu,mag_z,-8.700000000000001
1779906991472,baro,presion,1012.2
1779906991472,baro,temp,20.42
1779906991472,baro,alt,500.2
1779906991571,gps,lat,-33.29919
1779906991571,gps,lon,-70.599743
1779906991571,gps,alt,498.0
1779906992373,imu,accel_x,0.79
1779906992373,imu,accel_y,0.73
1779906992373,imu,accel_z,9.71
1779906992373,imu,gyro_x,0.36
1779906992373,imu,gyro_y,-0.5
1779906992373,imu,gyro_z,0.04
1779906992373,imu,mag_x,-5.5
1779906992373,imu,mag_y,-18.3
1779906992373,imu,mag_z,13.200000000000001
1779906992473,baro,presion,1013.3
1779906992473,baro,temp,20.34
1779906992473,baro,alt,499.1
1779906992574,gps,lat,-33.300929
1779906992574,gps,lon,-70.599004
1779906992574,gps,alt,498.0
1779906993376,imu,accel_x,0.0
1779906993376,imu,accel_y,-0.54
1779906993376,imu,accel_z,9.82
1779906993376,imu,gyro_x,-0.24
1779906993376,imu,gyro_y,0.4
1779906993376,imu,gyro_z,0.11
1779906993376,imu,mag_x,10.5
1779906993376,imu,mag_y,13.8
1779906993376,imu,mag_z,-0.6000000000000001
1779906993475,baro,presion,1013.5
1779906993475,baro,temp,20.35
1779906993475,baro,alt,500.0
1779906993576,gps,lat,-33.29986
1779906993576,gps,lon,-70.600177
1779906993576,gps,alt,504.0
1779906994379,imu,accel_x,0.47000000000000003
1779906994379,imu,accel_y,0.72
1779906994379,imu,accel_z,9.75
1779906994379,imu,gyro_x,-0.47000000000000003
1779906994379,imu,gyro_y,-0.5
1779906994379,imu,gyro_z,-0.07
1779906994379,imu,mag_x,19.0
1779906994379,imu,mag_y,4.4
1779906994379,imu,mag_z,11.9
1779906994479,baro,presion,1012.9
1779906994479,baro,temp,20.48
1779906994479,baro,alt,499.6
1779906994579,gps,lat,-33.300044
1779906994579,gps,lon,-70.599725
1779906994579,gps,alt,500.0
1779906995381,imu,accel_x,-1.33
1779906995381,imu,accel_y,0.27
1779906995381,imu,accel_z,9.82
1779906995381,imu,gyro_x,0.33
1779906995381,imu,gyro_y,0.22
1779906995381,imu,gyro_z,-0.01
1779906995381,imu,mag_x,18.6
1779906995381,imu,mag_y,25.8
1779906995381,imu,mag_z,4.1000000000000005
1779906995480,baro,presion,1013.6
1779906995480,baro,temp,19.56
1779906995480,baro,alt,499.2
1779906995581,gps,lat,-33.299402
1779906995581,gps,lon,-70.600319
1779906995581,gps,alt,502.0
1779906996384,imu,accel_x,-0.52
1779906996384,imu,accel_y,-0.33
1779906996384,imu,accel_z,9.84
1779906996384,imu,gyro_x,-0.32
1779906996384,imu,gyro_y,0.22
1779906996384,imu,gyro_z,0.27
1779906996384,imu,mag_x,12.600000000000001
1779906996384,imu,mag_y,1.6
1779906996384,imu,mag_z,-7.5
1779906996483,baro,presion,1013.3
1779906996483,baro,temp,20.26
1779906996483,baro,alt,499.5
1779906996584,gps,lat,-33.300964
1779906996584,gps,lon,-70.600224
1779906996584,gps,alt,501.0
1779906997386,imu,accel_x,-0.38
1779906997386,imu,accel_y,1.8
1779906997386,imu,accel_z,9.82
1779906997386,imu,gyro_x,-0.48
1779906997386,imu,gyro_y,-0.16
1779906997386,imu,gyro_z,-0.21
1779906997386,imu,mag_x,-14.8
1779906997386,imu,mag_y,16.900000000000002
1779906997386,imu,mag_z,-25.900000000000002
1779906997486,baro,presion,1012.9
1779906997486,baro,temp,20.24
1779906997486,baro,alt,500.7
1779906997587,gps,lat,-33.299623
1779906997587,gps,lon,-70.600422
1779906997587,gps,alt,498.0
1779906998389,imu,accel_x,1.76
1779906998389,imu,accel_y,-0.44
1779906998389,imu,accel_z,9.8
1779906998389,imu,gyro_x,0.08
1779906998389,imu,gyro_y,0.38
1779906998389,imu,gyro_z,-0.13
1779906998389,imu,mag_x,0.30000000000000004
1779906998389,imu,mag_y,24.700000000000003
1779906998389,imu,mag_z,29.900000000000002
1779906998490,baro,presion,1013.5
1779906998490,baro,temp,19.77
1779906998490,baro,alt,500.5
1779906998589,gps,lat,-33.300692
1779906998589,gps,lon,-70.600013
1779906998589,gps,alt,495.0
1779906999393,imu,accel_x,-1.12
1779906999393,imu,accel_y,-1.98
1779906999393,imu,accel_z,9.74
1779906999393,imu,gyro_x,-0.11
1779906999393,imu,gyro_y,0.0
1779906999393,imu,gyro_z,-0.36
1779906999393,imu,mag_x,12.4
1779906999393,imu,mag_y,-22.3
1779906999393,imu,mag_z,21.200000000000003
1779906999492,baro,presion,1013.2
1779906999492,baro,temp,19.8
1779906999492,baro,alt,499.7
1779906999593,gps,lat,-33.299997
1779906999593,gps,lon,-70.60039
1779906999593,gps,alt,499.0
1779907000395,imu,accel_x,-0.98
1779907000395,imu,accel_y,-1.3
1779907000395,imu,accel_z,9.78
1779907000395,imu,gyro_x,-0.2
1779907000395,imu,gyro_y,-0.13
1779907000395,imu,gyro_z,-0.34
1779907000395,imu,mag_x,5.1000000000000005
1779907000395,imu,mag_y,-8.0
1779907000395,imu,mag_z,-5.1000000000000005
1779907000494,baro,presion,1012.2
1779907000494,baro,temp,19.95
1779907000494,baro,alt,500.4
1779907000595,gps,lat,-33.300699
1779907000595,gps,lon,-70.600765
1779907000595,gps,alt,499.0
1779907001397,imu,accel_x,1.4000000000000001
1779907001397,imu,accel_y,1.17
1779907001397,imu,accel_z,9.89
1779907001397,imu,gyro_x,0.23
1779907001397,imu,gyro_y,-0.17
1779907001397,imu,gyro_z,0.46
1779907001397,imu,mag_x,-16.5
1779907001397,imu,mag_y,27.200000000000003
1779907001397,imu,mag_z,-12.5
1779907001497,baro,presion,1013.1
1779907001497,baro,temp,20.19
1779907001497,baro,alt,499.0
1779907001597,gps,lat,-33.300573
1779907001597,gps,lon,-70.600894
1779907001597,gps,alt,500.0
1779907002400,imu,accel_x,1.1
1779907002400,imu,accel_y,-0.25
1779907002400,imu,accel_z,9.76
1779907002400,imu,gyro_x,-0.04
1779907002400,imu,gyro_y,-0.03
1779907002400,imu,gyro_z,-0.14
1779907002400,imu,mag_x,-29.400000000000002
1779907002400,imu,mag_y,-28.900000000000002
1779907002400,imu,mag_z,14.3
1779907002500,baro,presion,1013.8
1779907002500,baro,temp,19.99
1779907002500,baro,alt,499.0
1779907002601,gps,lat,-33.300011
1779907002601,gps,lon,-70.600981
1779907002601,gps,alt,501.0
1779907003403,imu,accel_x,-1.79
1779907003403,imu,accel_y,1.95
1779907003403,imu,accel_z,9.75
1779907003403,imu,gyro_x,0.38
1779907003403,imu,gyro_y,-0.36
1779907003403,imu,gyro_z,0.38
1779907003403,imu,mag_x,8.1
1779907003403,imu,mag_y,6.1000000000000005
1779907003403,imu,mag_z,10.4
1779907003503,baro,presion,1013.4
1779907003503,baro,temp,19.67
1779907003503,baro,alt,500.3
1779907003604,gps,lat,-33.300177
1779907003604,gps,lon,-70.600105
1779907003604,gps,alt,503.0
1779907004406,imu,accel_x,-1.3900000000000001
1779907004406,imu,accel_y,1.1500000000000001
1779907004406,imu,accel_z,9.77
1779907004406,imu,gyro_x,0.04
1779907004406,imu,gyro_y,0.17
1779907004406,imu,gyro_z,0.08
1779907004406,imu,mag_x,24.3
1779907004406,imu,mag_y,0.9
1779907004406,imu,mag_z,21.400000000000002
1779907004506,baro,presion,1012.2
1779907004506,baro,temp,20.46
1779907004506,baro,alt,500.8
1779907004605,gps,lat,-33.299633
1779907004605,gps,lon,-70.600948
1779907004605,gps,alt,499.0
1779907005409,imu,accel_x,1.57
1779907005409,imu,accel_y,-1.6300000000000001
1779907005409,imu,accel_z,9.78
1779907005409,imu,gyro_x,0.47000000000000003
1779907005409,imu,gyro_y,0.26
1779907005409,imu,gyro_z,-0.5
1779907005409,imu,mag_x,14.100000000000001
1779907005409,imu,mag_y,-12.100000000000001
1779907005409,imu,mag_z,-22.900000000000002
1779907005508,baro,presion,1013.2
1779907005508,baro,temp,19.67
1779907005508,baro,alt,500.7
1779907005608,gps,lat,-33.299768
1779907005608,gps,lon,-70.600569
1779907005608,gps,alt,500.0
1779907006411,imu,accel_x,0.25
1779907006411,imu,accel_y,-1.12
1779907006411,imu,accel_z,9.85
1779907006411,imu,gyro_x,-0.21
1779907006411,imu,gyro_y,-0.02
1779907006411,imu,gyro_z,-0.49
1779907006411,imu,mag_x,-25.6
1779907006411,imu,mag_y,22.400000000000002
1779907006411,imu,mag_z,-12.8
1779907006511,baro,presion,1012.2
1779907006511,baro,temp,19.72
1779907006511,baro,alt,499.4
1779907006612,gps,lat,-33.300879
1779907006612,gps,lon,-70.599289
1779907006612,gps,alt,499.0
1779907007414,imu,accel_x,0.37
1779907007414,imu,accel_y,-1.3800000000000001
1779907007414,imu,accel_z,9.86
1779907007414,imu,gyro_x,0.34
1779907007414,imu,gyro_y,0.05
1779907007414,imu,gyro_z,0.14
1779907007414,imu,mag_x,-28.200000000000003
1779907007414,imu,mag_y,-10.3
1779907007414,imu,mag_z,-25.5
1779907007514,baro,presion,1012.2
1779907007514,baro,temp,20.49
1779907007514,baro,alt,500.5
1779907007614,gps,lat,-33.300637
1779907007614,gps,lon,-70.600314
1779907007614,gps,alt,503.0
1779907008417,imu,accel_x,-1.2
1779907008417,imu,accel_y,1.28
1779907008417,imu,accel_z,9.76
1779907008417,imu,gyro_x,0.29
1779907008417,imu,gyro_y,0.08
1779907008417,imu,gyro_z,-0.27
1779907008417,imu,mag_x,18.7
1779907008417,imu,mag_y,3.0
1779907008417,imu,mag_z,4.1000000000000005
1779907008516,baro,presion,1013.2
1779907008516,baro,temp,20.06
1779907008516,baro,alt,500.6
1779907008617,gps,lat,-33.299246
1779907008617,gps,lon,-70.6009
1779907008617,gps,alt,498.0
1779907009419,imu,accel_x,-1.85
1779907009419,imu,accel_y,0.02
1779907009419,imu,accel_z,9.76
1779907009419,imu,gyro_x,0.43
1779907009419,imu,gyro_y,0.28
1779907009419,imu,gyro_z,0.1
1779907009419,imu,mag_x,-7.2
1779907009419,imu,mag_y,-28.0
1779907009419,imu,mag_z,18.5
1779907009518,baro,presion,1013.5
1779907009518,baro,temp,20.47
1779907009518,baro,alt,499.5
1779907009620,gps,lat,-33.300577
1779907009620,gps,lon,-70.600847
1779907009620,gps,alt,499.0
1779907010422,imu,accel_x,-1.9000000000000001
1779907010422,imu,accel_y,0.28
1779907010422,imu,accel_z,9.78
1779907010422,imu,gyro_x,0.48
1779907010422,imu,gyro_y,0.25
1779907010422,imu,gyro_z,0.03
1779907010422,imu,mag_x,-2.5
1779907010422,imu,mag_y,7.300000000000001
1779907010422,imu,mag_z,-22.1
1779907010522,baro,presion,1012.0
1779907010522,baro,temp,20.48
1779907010522,baro,alt,500.2
1779907010623,gps,lat,-33.299821
1779907010623,gps,lon,-70.600143
1779907010623,gps,alt,504.0
1779907011425,imu,accel_x,-1.99
1779907011425,imu,accel_y,0.62
1779907011425,imu,accel_z,9.77
1779907011425,imu,gyro_x,-0.35000000000000003
1779907011425,imu,gyro_y,-0.49
1779907011425,imu,gyro_z,0.36
1779907011425,imu,mag_x,-24.200000000000003
1779907011425,imu,mag_y,8.4
1779907011425,imu,mag_z,14.4
1779907011525,baro,presion,1013.7
1779907011525,baro,temp,19.95
1779907011525,baro,alt,499.1
1779907011625,gps,lat,-33.299354
1779907011625,gps,lon,-70.599783
1779907011625,gps,alt,495.0
1779907012427,imu,accel_x,1.74
1779907012427,imu,accel_y,-0.67
1779907012427,imu,accel_z,9.81
1779907012427,imu,gyro_x,0.3
1779907012427,imu,gyro_y,-0.08
1779907012427,imu,gyro_z,-0.27
1779907012427,imu,mag_x,22.400000000000002
1779907012427,imu,mag_y,8.5
1779907012427,imu,mag_z,18.2
1779907012527,baro,presion,1012.5
1779907012527,baro,temp,20.01
1779907012527,baro,alt,499.7
1779907012628,gps,lat,-33.299543
1779907012628,gps,lon,-70.600808
1779907012628,gps,alt,496.0
1779907013429,imu,accel_x,0.04
1779907013429,imu,accel_y,1.73
1779907013429,imu,accel_z,9.88
1779907013429,imu,gyro_x,0.42
1779907013429,imu,gyro_y,0.27
1779907013429,imu,gyro_z,0.17
1779907013429,imu,mag_x,29.400000000000002
1779907013429,imu,mag_y,-11.600000000000001
1779907013429,imu,mag_z,-20.700000000000003
1779907013529,baro,presion,1012.4
1779907013529,baro,temp,20.08
1779907013529,baro,alt,499.3
1779907013630,gps,lat,-33.300736
1779907013630,gps,lon,-70.600278
1779907013630,gps,alt,503.0
1779907014432,imu,accel_x,-1.8800000000000001
1779907014432,imu,accel_y,0.84
1779907014432,imu,accel_z,9.73
1779907014432,imu,gyro_x,-0.26
1779907014432,imu,gyro_y,0.36
1779907014432,imu,gyro_z,0.1
1779907014432,imu,mag_x,28.0
1779907014432,imu,mag_y,-13.0
1779907014432,imu,mag_z,-29.900000000000002
1779907014532,baro,presion,1012.9
1779907014532,baro,temp,19.55
1779907014532,baro,alt,500.2
1779907014633,gps,lat,-33.299358
1779907014633,gps,lon,-70.599812
1779907014633,gps,alt,500.0
1779907015436,imu,accel_x,0.46
1779907015436,imu,accel_y,0.68
1779907015436,imu,accel_z,9.81
1779907015436,imu,gyro_x,0.12
1779907015436,imu,gyro_y,0.47000000000000003
1779907015436,imu,gyro_z,-0.4
1779907015436,imu,mag_x,-7.300000000000001
1779907015436,imu,mag_y,-25.200000000000003
1779907015436,imu,mag_z,19.8
1779907015535,baro,presion,1012.9
1779907015535,baro,temp,19.69
1779907015535,baro,alt,499.1
1779907015635,gps,lat,-33.299429
1779907015635,gps,lon,-70.600827
1779907015635,gps,alt,504.0
1779907016438,imu,accel_x,-0.86
1779907016438,imu,accel_y,0.46
1779907016438,imu,accel_z,9.73
1779907016438,imu,gyro_x,-0.07
1779907016438,imu,gyro_y,-0.14
1779907016438,imu,gyro_z,-0.2
1779907016438,imu,mag_x,28.5
1779907016438,imu,mag_y,17.1
1779907016438,imu,mag_z,-4.4
1779907016538,baro,presion,1013.3
1779907016538,baro,temp,20.1
1779907016538,baro,alt,500.3
1779907016638,gps,lat,-33.300036
1779907016638,gps,lon,-70.599253
1779907016638,gps,alt,504.0
1779907017441,imu,accel_x,-1.42
1779907017441,imu,accel_y,1.1500000000000001
1779907017441,imu,accel_z,9.74
1779907017441,imu,gyro_x,-0.45
1779907017441,imu,gyro_y,-0.2
1779907017441,imu,gyro_z,-0.27
1779907017441,imu,mag_x,23.8
1779907017441,imu,mag_y,-29.3
1779907017441,imu,mag_z,-12.9
1779907017540,baro,presion,1012.2
1779907017540,baro,temp,20.4
1779907017540,baro,alt,499.4
1779907017642,gps,lat,-33.300643
1779907017642,gps,lon,-70.600785
1779907017642,gps,alt,498.0
1779907018444,imu,accel_x,0.22
1779907018444,imu,accel_y,-1.1400000000000001
1779907018444,imu,accel_z,9.700000000000001
1779907018444,imu,gyro_x,0.05
1779907018444,imu,gyro_y,0.07
1779907018444,imu,gyro_z,-0.23
1779907018444,imu,mag_x,-23.5
1779907018444,imu,mag_y,-21.0
1779907018444,imu,mag_z,21.8
1779907018543,baro,presion,1013.4
1779907018543,baro,temp,20.36
1779907018543,baro,alt,500.7
1779907018644,gps,lat,-33.300056
1779907018644,gps,lon,-70.60074
1779907018644,gps,alt,499.0
1779907019446,imu,accel_x,1.84
1779907019446,imu,accel_y,0.5
1779907019446,imu,accel_z,9.82
1779907019446,imu,gyro_x,-0.34
1779907019446,imu,gyro_y,-0.1
1779907019446,imu,gyro_z,0.16
1779907019446,imu,mag_x,-17.1
1779907019446,imu,mag_y,-6.9
1779907019446,imu,mag_z,-20.0
1779907019546,baro,presion,1013.4
1779907019546,baro,temp,19.94
1779907019546,baro,alt,499.5
1779907019647,gps,lat,-33.29972
1779907019647,gps,lon,-70.599359
1779907019647,gps,alt,503.0
1779907020449,imu,accel_x,0.97
1779907020449,imu,accel_y,-0.06
1779907020449,imu,accel_z,9.88
1779907020449,imu,gyro_x,-0.28
1779907020449,imu,gyro_y,-0.38
1779907020449,imu,gyro_z,-0.28
1779907020449,imu,mag_x,16.7
1779907020449,imu,mag_y,2.9000000000000004
1779907020449,imu,mag_z,16.2
1779907020548,baro,presion,1012.2
1779907020548,baro,temp,19.69
1779907020548,baro,alt,500.4
1779907020650,gps,lat,-33.299636
1779907020650,gps,lon,-70.599222
1779907020650,gps,alt,501.0
1779907021451,imu,accel_x,-1.57
1779907021451,imu,accel_y,-1.26
1779907021451,imu,accel_z,9.72
1779907021451,imu,gyro_x,-0.01
1779907021451,imu,gyro_y,-0.29
1779907021451,imu,gyro_z,0.07
1779907021451,imu,mag_x,-23.3
1779907021451,imu,mag_y,4.9
1779907021451,imu,mag_z,22.0
1779907021552,baro,presion,1012.3
1779907021552,baro,temp,19.59
1779907021552,baro,alt,499.6
1779907021652,gps,lat,-33.299257
1779907021652,gps,lon,-70.59984
1779907021652,gps,alt,497.0
1779907022454,imu,accel_x,-0.13
1779907022454,imu,accel_y,-0.68
1779907022454,imu,accel_z,9.870000000000001
1779907022454,imu,gyro_x,-0.22
1779907022454,imu,gyro_y,-0.27
1779907022454,imu,gyro_z,-0.06
1779907022454,imu,mag_x,-3.7
1779907022454,imu,mag_y,25.1
1779907022454,imu,mag_z,21.5
1779907022554,baro,presion,1013.3
1779907022554,baro,temp,19.81
1779907022554,baro,alt,500.3
1779907022655,gps,lat,-33.299093
1779907022655,gps,lon,-70.600272
1779907022655,gps,alt,499.0
1779907023457,imu,accel_x,0.29
1779907023457,imu,accel_y,1.08
1779907023457,imu,accel_z,9.72
1779907023457,imu,gyro_x,-0.42
1779907023457,imu,gyro_y,0.42
1779907023457,imu,gyro_z,0.41000000000000003
1779907023457,imu,mag_x,-0.9
1779907023457,imu,mag_y,1.6
1779907023457,imu,mag_z,-26.700000000000003
1779907023557,baro,presion,1012.4
1779907023557,baro,temp,20.47
1779907023557,baro,alt,499.7
1779907023658,gps,lat,-33.299504
1779907023658,gps,lon,-70.599569
1779907023658,gps,alt,504.0
1779907024461,imu,accel_x,1.5
1779907024461,imu,accel_y,0.11
1779907024461,imu,accel_z,9.76
1779907024461,imu,gyro_x,0.21
1779907024461,imu,gyro_y,0.04
1779907024461,imu,gyro_z,-0.06
1779907024461,imu,mag_x,-6.6000000000000005
1779907024461,imu,mag_y,-12.4
1779907024461,imu,mag_z,24.5
1779907024560,baro,presion,1013.6
1779907024560,baro,temp,19.97
1779907024560,baro,alt,500.6
1779907024661,gps,lat,-33.300942
1779907024661,gps,lon,-70.600715
1779907024661,gps,alt,500.0
1779907025462,imu,accel_x,1.87
1779907025462,imu,accel_y,0.98
1779907025462,imu,accel_z,9.75
1779907025462,imu,gyro_x,-0.21
1779907025462,imu,gyro_y,0.06
1779907025462,imu,gyro_z,0.17
1779907025462,imu,mag_x,-27.900000000000002
1779907025462,imu,mag_y,-7.5
1779907025462,imu,mag_z,-8.0
1779907025563,baro,presion,1013.3
1779907025563,baro,temp,19.94
1779907025563,baro,alt,500.0
1779907025663,gps,lat,-33.299632
1779907025663,gps,lon,-70.599547
1779907025663,gps,alt,499.0
1779907026466,imu,accel_x,-1.58
1779907026466,imu,accel_y,-1.46
1779907026466,imu,accel_z,9.82
1779907026466,imu,gyro_x,-0.26
1779907026466,imu,gyro_y,0.34
1779907026466,imu,gyro_z,-0.12
1779907026466,imu,mag_x,11.8
1779907026466,imu,mag_y,-0.1
1779907026466,imu,mag_z,24.8
1779907026565,baro,presion,1012.3
1779907026565,baro,temp,19.8
1779907026565,baro,alt,500.8
1779907026666,gps,lat,-33.300692
1779907026666,gps,lon,-70.600644
1779907026666,gps,alt,504.0
1779907027467,imu,accel_x,0.18
1779907027467,imu,accel_y,1.68
1779907027467,imu,accel_z,9.83
1779907027467,imu,gyro_x,-0.05
1779907027467,imu,gyro_y,-0.21
1779907027467,imu,gyro_z,0.27
1779907027467,imu,mag_x,-6.7
1779907027467,imu,mag_y,2.0
1779907027467,imu,mag_z,-23.5
1779907027567,baro,presion,1013.4
1779907027567,baro,temp,19.73
1779907027567,baro,alt,499.7
1779907027669,gps,lat,-33.300145
1779907027669,gps,lon,-70.600509
1779907027669,gps,alt,500.0
1779907028470,imu,accel_x,1.09
1779907028470,imu,accel_y,0.7000000000000001
1779907028470,imu,accel_z,9.790000000000001
1779907028470,imu,gyro_x,0.26
1779907028470,imu,gyro_y,0.27
1779907028470,imu,gyro_z,-0.29
1779907028470,imu,mag_x,-22.1
1779907028470,imu,mag_y,-9.3
1779907028470,imu,mag_z,-2.2
1779907028569,baro,presion,1012.8
1779907028569,baro,temp,19.74
1779907028569,baro,alt,500.5
1779907028671,gps,lat,-33.300307
1779907028671,gps,lon,-70.600616
1779907028671,gps,alt,497.0
1779907029473,imu,accel_x,-0.9500000000000001
1779907029473,imu,accel_y,1.79
1779907029473,imu,accel_z,9.89
1779907029473,imu,gyro_x,0.43
1779907029473,imu,gyro_y,-0.24
1779907029473,imu,gyro_z,0.46
1779907029473,imu,mag_x,24.3
1779907029473,imu,mag_y,18.2
1779907029473,imu,mag_z,28.400000000000002
1779907029574,baro,presion,1012.4
1779907029574,baro,temp,19.69
1779907029574,baro,alt,499.4
1779907029674,gps,lat,-33.300969
1779907029674,gps,lon,-70.600121
1779907029674,gps,alt,497.0
1779907030475,imu,accel_x,-0.08
1779907030475,imu,accel_y,-0.44
1779907030475,imu,accel_z,9.86
1779907030475,imu,gyro_x,0.12
1779907030475,imu,gyro_y,-0.38
1779907030475,imu,gyro_z,-0.34
1779907030475,imu,mag_x,-3.4000000000000004
1779907030475,imu,mag_y,-3.5
1779907030475,imu,mag_z,16.6
1779907030576,baro,presion,1013.9
1779907030576,baro,temp,19.74
1779907030576,baro,alt,500.1
1779907030676,gps,lat,-33.299597
1779907030676,gps,lon,-70.599971
1779907030676,gps,alt,502.0
1779907031478,imu,accel_x,-1.69
1779907031478,imu,accel_y,0.65
1779907031478,imu,accel_z,9.75
1779907031478,imu,gyro_x,-0.07
1779907031478,imu,gyro_y,0.38
1779907031478,imu,gyro_z,-0.23
1779907031478,imu,mag_x,-3.7
1779907031478,imu,mag_y,-27.700000000000003
1779907031478,imu,mag_z,-1.4000000000000001
1779907031578,baro,presion,1012.0
1779907031578,baro,temp,19.67
1779907031578,baro,alt,499.7
1779907031678,gps,lat,-33.300771
1779907031678,gps,lon,-70.599282
1779907031678,gps,alt,497.0
1779907032481,imu,accel_x,-1.68
1779907032481,imu,accel_y,-1.58
1779907032481,imu,accel_z,9.72
1779907032481,imu,gyro_x,-0.46
1779907032481,imu,gyro_y,-0.47000000000000003
1779907032481,imu,gyro_z,0.19
1779907032481,imu,mag_x,-17.0
1779907032481,imu,mag_y,0.5
1779907032481,imu,mag_z,-11.4
1779907032582,baro,presion,1013.1
1779907032582,baro,temp,19.55
1779907032582,baro,alt,499.0
1779907032681,gps,lat,-33.300227
1779907032681,gps,lon,-70.600441
1779907032681,gps,alt,503.0
1779907033484,imu,accel_x,-0.25
1779907033484,imu,accel_y,-0.21
1779907033484,imu,accel_z,9.790000000000001
1779907033484,imu,gyro_x,-0.3
1779907033484,imu,gyro_y,-0.34
1779907033484,imu,gyro_z,0.48
1779907033484,imu,mag_x,-3.1
1779907033484,imu,mag_y,14.700000000000001
1779907033484,imu,mag_z,19.700000000000003
1779907033584,baro,presion,1013.4
1779907033584,baro,temp,20.38
1779907033584,baro,alt,500.8
1779907033684,gps,lat,-33.299087
1779907033684,gps,lon,-70.600011
1779907033684,gps,alt,503.0
1779907034487,imu,accel_x,1.55
1779907034487,imu,accel_y,-1.62
1779907034487,imu,accel_z,9.700000000000001
1779907034487,imu,gyro_x,-0.42
1779907034487,imu,gyro_y,-0.1
1779907034487,imu,gyro_z,0.29
1779907034487,imu,mag_x,23.8
1779907034487,imu,mag_y,-17.400000000000002
1779907034487,imu,mag_z,-23.3
1779907034587,baro,presion,1012.5
1779907034587,baro,temp,20.37
1779907034587,baro,alt,500.8
1779907034687,gps,lat,-33.299618
1779907034687,gps,lon,-70.599819
1779907034687,gps,alt,502.0
1779907035489,imu,accel_x,-1.72
1779907035489,imu,accel_y,0.52
1779907035489,imu,accel_z,9.71
1779907035489,imu,gyro_x,-0.28
1779907035489,imu,gyro_y,-0.34
1779907035489,imu,gyro_z,-0.32
1779907035489,imu,mag_x,-0.5
1779907035489,imu,mag_y,-7.1000000000000005
1779907035489,imu,mag_z,19.3
1779907035589,baro,presion,1012.4
1779907035589,baro,temp,20.25
1779907035589,baro,alt,500.9
1779907035689,gps,lat,-33.300008
1779907035689,gps,lon,-70.60005
1779907035689,gps,alt,498.0
1779907036492,imu,accel_x,-0.61
1779907036492,imu,accel_y,-0.25
1779907036492,imu,accel_z,9.88
1779907036492,imu,gyro_x,0.34
1779907036492,imu,gyro_y,0.37
1779907036492,imu,gyro_z,-0.04
1779907036492,imu,mag_x,7.5
1779907036492,imu,mag_y,-28.700000000000003
1779907036492,imu,mag_z,-22.200000000000003
1779907036592,baro,presion,1012.6
1779907036592,baro,temp,20.15
1779907036592,baro,alt,500.9
1779907036693,gps,lat,-33.299859
1779907036693,gps,lon,-70.599257
1779907036693,gps,alt,496.0
1779907037495,imu,accel_x,-1.6500000000000001
1779907037495,imu,accel_y,1.62
1779907037495,imu,accel_z,9.88
1779907037495,imu,gyro_x,-0.06
1779907037495,imu,gyro_y,0.3
1779907037495,imu,gyro_z,-0.38
1779907037495,imu,mag_x,-24.5
1779907037495,imu,mag_y,14.4
1779907037495,imu,mag_z,2.2
1779907037595,baro,presion,1013.6
1779907037595,baro,temp,20.0
1779907037595,baro,alt,499.3
1779907037695,gps,lat,-33.300927
1779907037695,gps,lon,-70.60021
1779907037695,gps,alt,504.0
1779907038497,imu,accel_x,0.5700000000000001
1779907038497,imu,accel_y,1.36
1779907038497,imu,accel_z,9.790000000000001
1779907038497,imu,gyro_x,0.08
1779907038497,imu,gyro_y,-0.27
1779907038497,imu,gyro_z,0.15
1779907038497,imu,mag_x,-2.9000000000000004
1779907038497,imu,mag_y,18.8
1779907038497,imu,mag_z,-8.6
1779907038597,baro,presion,1013.8
1779907038597,baro,temp,20.0
1779907038597,baro,alt,499.5
1779907038698,gps,lat,-33.300275
1779907038698,gps,lon,-70.600132
1779907038698,gps,alt,503.0
1779907039500,imu,accel_x,-0.87
1779907039500,imu,accel_y,1.03
1779907039500,imu,accel_z,9.73
1779907039500,imu,gyro_x,0.0
1779907039500,imu,gyro_y,-0.36
1779907039500,imu,gyro_z,-0.46
1779907039500,imu,mag_x,-6.5
1779907039500,imu,mag_y,-1.2000000000000002
1779907039500,imu,mag_z,-18.2
1779907039600,baro,presion,1013.7
1779907039600,baro,temp,19.96
1779907039600,baro,alt,500.2
1779907039700,gps,lat,-33.300551
1779907039700,gps,lon,-70.59941
1779907039700,gps,alt,495.0
1779907040504,imu,accel_x,0.87
1779907040504,imu,accel_y,-1.06
1779907040504,imu,accel_z,9.77
1779907040504,imu,gyro_x,-0.32
1779907040504,imu,gyro_y,0.17
1779907040504,imu,gyro_z,-0.05
1779907040504,imu,mag_x,23.3
1779907040504,imu,mag_y,24.700000000000003
1779907040504,imu,mag_z,-8.8
1779907040603,baro,presion,1012.0
1779907040603,baro,temp,20.11
1779907040603,baro,alt,500.5
1779907040703,gps,lat,-33.299219
1779907040703,gps,lon,-70.599929
1779907040703,gps,alt,504.0
1779907041506,imu,accel_x,-0.31
1779907041506,imu,accel_y,-0.01
1779907041506,imu,accel_z,9.790000000000001
1779907041506,imu,gyro_x,-0.19
1779907041506,imu,gyro_y,0.43
1779907041506,imu,gyro_z,-0.07
1779907041506,imu,mag_x,28.6
1779907041506,imu,mag_y,21.6
1779907041506,imu,mag_z,-28.3
1779907041605,baro,presion,1012.5
1779907041605,baro,temp,20.32
1779907041605,baro,alt,499.7
1779907041706,gps,lat,-33.300777
1779907041706,gps,lon,-70.599842
1779907041706,gps,alt,495.0
1779907042508,imu,accel_x,-1.01
1779907042508,imu,accel_y,-1.25
1779907042508,imu,accel_z,9.85
1779907042508,imu,gyro_x,0.4
1779907042508,imu,gyro_y,0.32
1779907042508,imu,gyro_z,0.46
1779907042508,imu,mag_x,-1.4000000000000001
1779907042508,imu,mag_y,-0.9
1779907042508,imu,mag_z,9.3
1779907042608,baro,presion,1013.8
1779907042608,baro,temp,19.96
1779907042608,baro,alt,499.8
1779907042708,gps,lat,-33.300822
1779907042708,gps,lon,-70.600792
1779907042708,gps,alt,498.0
1779907043511,imu,accel_x,1.1400000000000001
1779907043511,imu,accel_y,1.32
1779907043511,imu,accel_z,9.89
1779907043511,imu,gyro_x,0.25
1779907043511,imu,gyro_y,0.28
1779907043511,imu,gyro_z,-0.44
1779907043511,imu,mag_x,4.0
1779907043511,imu,mag_y,29.900000000000002
1779907043511,imu,mag_z,-1.2000000000000002
1779907043611,baro,presion,1013.1
1779907043611,baro,temp,20.28
1779907043611,baro,alt,500.1
1779907043711,gps,lat,-33.29976
1779907043711,gps,lon,-70.600723
1779907043711,gps,alt,502.0
1779907044515,imu,accel_x,0.47000000000000003
1779907044515,imu,accel_y,-0.43
1779907044515,imu,accel_z,9.76
1779907044515,imu,gyro_x,0.34
1779907044515,imu,gyro_y,0.23
1779907044515,imu,gyro_z,-0.08
1779907044515,imu,mag_x,-24.5
1779907044515,imu,mag_y,-19.900000000000002
1779907044515,imu,mag_z,13.8
1779907044614,baro,presion,1013.5
1779907044614,baro,temp,19.8
1779907044614,baro,alt,499.1
1779907044714,gps,lat,-33.300311
1779907044714,gps,lon,-70.600967
1779907044714,gps,alt,497.0
1779907045516,imu,accel_x,1.24
1779907045516,imu,accel_y,-0.5
1779907045516,imu,accel_z,9.76
1779907045516,imu,gyro_x,0.24
1779907045516,imu,gyro_y,-0.2
1779907045516,imu,gyro_z,0.11
1779907045516,imu,mag_x,-19.200000000000003
1779907045516,imu,mag_y,4.7
1779907045516,imu,mag_z,28.400000000000002
1779907045615,baro,presion,1012.9
1779907045615,baro,temp,20.08
1779907045615,baro,alt,500.0
1779907045716,gps,lat,-33.299041
1779907045716,gps,lon,-70.59924
1779907045716,gps,alt,495.0
1779907046519,imu,accel_x,-0.15
1779907046519,imu,accel_y,-0.66
1779907046519,imu,accel_z,9.78
1779907046519,imu,gyro_x,-0.36
1779907046519,imu,gyro_y,-0.1
1779907046519,imu,gyro_z,0.05
1779907046519,imu,mag_x,-5.2
1779907046519,imu,mag_y,-15.9
1779907046519,imu,mag_z,-3.9000000000000004
1779907046618,baro,presion,1013.1
1779907046618,baro,temp,20.19
1779907046618,baro,alt,500.9
1779907046719,gps,lat,-33.300111
1779907046719,gps,lon,-70.599191
1779907046719,gps,alt,496.0
1779907047522,imu,accel_x,0.45
1779907047522,imu,accel_y,0.2
1779907047522,imu,accel_z,9.77
1779907047522,imu,gyro_x,0.13
1779907047522,imu,gyro_y,0.27
1779907047522,imu,gyro_z,-0.32
1779907047522,imu,mag_x,4.3
1779907047522,imu,mag_y,-3.5
1779907047522,imu,mag_z,18.2
1779907047622,baro,presion,1013.3
1779907047622,baro,temp,20.48
1779907047622,baro,alt,500.7
1779907047722,gps,lat,-33.300901
1779907047722,gps,lon,-70.600184
1779907047722,gps,alt,501.0
1779907048525,imu,accel_x,-1.58
1779907048525,imu,accel_y,-0.13
1779907048525,imu,accel_z,9.77
1779907048525,imu,gyro_x,-0.37
1779907048525,imu,gyro_y,-0.14
1779907048525,imu,gyro_z,-0.49
1779907048525,imu,mag_x,-13.100000000000001
1779907048525,imu,mag_y,-5.2
1779907048525,imu,mag_z,25.200000000000003
1779907048624,baro,presion,1013.6
1779907048624,baro,temp,20.02
1779907048624,baro,alt,500.5
1779907048724,gps,lat,-33.300242
1779907048724,gps,lon,-70.600913
1779907048724,gps,alt,504.0
1779907049526,imu,accel_x,-1.23
1779907049526,imu,accel_y,0.53
1779907049526,imu,accel_z,9.78
1779907049526,imu,gyro_x,-0.28
1779907049526,imu,gyro_y,-0.01
1779907049526,imu,gyro_z,0.47000000000000003
1779907049526,imu,mag_x,28.0
1779907049526,imu,mag_y,7.7
1779907049526,imu,mag_z,-27.8
1779907049626,baro,presion,1012.5
1779907049626,baro,temp,20.22
1779907049626,baro,alt,500.5
1779907049728,gps,lat,-33.299225
1779907049728,gps,lon,-70.599785
1779907049728,gps,alt,499.0
1779907050529,imu,accel_x,-1.5
1779907050529,imu,accel_y,0.53
1779907050529,imu,accel_z,9.72
1779907050529,imu,gyro_x,-0.48
1779907050529,imu,gyro_y,-0.36
1779907050529,imu,gyro_z,-0.06
1779907050529,imu,mag_x,-9.9
1779907050529,imu,mag_y,27.6
1779907050529,imu,mag_z,-29.700000000000003
1779907050630,baro,presion,1013.0
1779907050630,baro,temp,19.69
1779907050630,baro,alt,499.1
1779907050731,gps,lat,-33.30077
1779907050731,gps,lon,-70.600202
1779907050731,gps,alt,495.0
1779907051533,imu,accel_x,-1.9100000000000001
1779907051533,imu,accel_y,-1.8
1779907051533,imu,accel_z,9.82
1779907051533,imu,gyro_x,-0.19
1779907051533,imu,gyro_y,0.26
1779907051533,imu,gyro_z,-0.24
1779907051533,imu,mag_x,-10.9
1779907051533,imu,mag_y,-25.6
1779907051533,imu,mag_z,28.6
1779907051632,baro,presion,1012.3
1779907051632,baro,temp,19.73
1779907051632,baro,alt,500.0
1779907051732,gps,lat,-33.299284
1779907051732,gps,lon,-70.600829
1779907051732,gps,alt,499.0
1779907052535,imu,accel_x,0.03
1779907052535,imu,accel_y,1.19
1779907052535,imu,accel_z,9.870000000000001
1779907052535,imu,gyro_x,-0.32
1779907052535,imu,gyro_y,0.15
1779907052535,imu,gyro_z,-0.24
1779907052535,imu,mag_x,9.5
1779907052535,imu,mag_y,-9.8
1779907052535,imu,mag_z,15.200000000000001
1779907052636,baro,presion,1013.8
1779907052636,baro,temp,19.63
1779907052636,baro,alt,500.0
1779907052737,gps,lat,-33.29992
1779907052737,gps,lon,-70.600465
1779907052737,gps,alt,503.0
1779907053539,imu,accel_x,0.81
1779907053539,imu,accel_y,1.62
1779907053539,imu,accel_z,9.86
1779907053539,imu,gyro_x,-0.46
1779907053539,imu,gyro_y,0.4
1779907053539,imu,gyro_z,-0.2
1779907053539,imu,mag_x,-3.4000000000000004
1779907053539,imu,mag_y,7.5
1779907053539,imu,mag_z,-6.5
1779907053637,baro,presion,1013.1
1779907053637,baro,temp,20.38
1779907053637,baro,alt,499.1
1779907053738,gps,lat,-33.300606
1779907053738,gps,lon,-70.600163
1779907053738,gps,alt,500.0
1779907054541,imu,accel_x,-1.8900000000000001
1779907054541,imu,accel_y,0.34
1779907054541,imu,accel_z,9.870000000000001
1779907054541,imu,gyro_x,0.28
1779907054541,imu,gyro_y,0.09
1779907054541,imu,gyro_z,0.25
1779907054541,imu,mag_x,26.200000000000003
1779907054541,imu,mag_y,-13.100000000000001
1779907054541,imu,mag_z,11.4
1779907054640,baro,presion,1012.3
1779907054640,baro,temp,19.83
1779907054640,baro,alt,500.2
1779907054741,gps,lat,-33.300711
1779907054741,gps,lon,-70.60041
1779907054741,gps,alt,498.0
1779907055544,imu,accel_x,0.71
1779907055544,imu,accel_y,0.9500000000000001
1779907055544,imu,accel_z,9.73
1779907055544,imu,gyro_x,0.49
1779907055544,imu,gyro_y,-0.4
1779907055544,imu,gyro_z,0.47000000000000003
1779907055544,imu,mag_x,13.4
1779907055544,imu,mag_y,-19.700000000000003
1779907055544,imu,mag_z,-1.7000000000000002
1779907055643,baro,presion,1013.6
1779907055643,baro,temp,19.73
1779907055643,baro,alt,499.7
1779907055744,gps,lat,-33.300198
1779907055744,gps,lon,-70.60064
1779907055744,gps,alt,499.0
1779907056546,imu,accel_x,-2.0
1779907056546,imu,accel_y,-1.17
1779907056546,imu,accel_z,9.78
1779907056546,imu,gyro_x,0.42
1779907056546,imu,gyro_y,-0.46
1779907056546,imu,gyro_z,0.1
1779907056546,imu,mag_x,-21.400000000000002
1779907056546,imu,mag_y,-9.700000000000001
1779907056546,imu,mag_z,2.9000000000000004
1779907056646,baro,presion,1012.2
1779907056646,baro,temp,20.09
1779907056646,baro,alt,499.8
1779907056747,gps,lat,-33.300514
1779907056747,gps,lon,-70.599653
1779907056747,gps,alt,504.0
1779907057550,imu,accel_x,-0.02
1779907057550,imu,accel_y,1.98
1779907057550,imu,accel_z,9.72
1779907057550,imu,gyro_x,-0.19
1779907057550,imu,gyro_y,-0.1
1779907057550,imu,gyro_z,0.21
1779907057550,imu,mag_x,-3.0
1779907057550,imu,mag_y,23.6
1779907057550,imu,mag_z,4.9
1779907057648,baro,presion,1012.9
1779907057648,baro,temp,19.83
1779907057648,baro,alt,499.6
1779907057750,gps,lat,-33.299576
1779907057750,gps,lon,-70.600038
1779907057750,gps,alt,502.0
1779907058552,imu,accel_x,0.34
1779907058552,imu,accel_y,-1.83
1779907058552,imu,accel_z,9.85
1779907058552,imu,gyro_x,-0.48
1779907058552,imu,gyro_y,0.07
1779907058552,imu,gyro_z,-0.41000000000000003
1779907058552,imu,mag_x,-1.4000000000000001
1779907058552,imu,mag_y,-18.3
1779907058552,imu,mag_z,-10.4
1779907058652,baro,presion,1012.3
1779907058652,baro,temp,19.73
1779907058652,baro,alt,499.0
1779907058752,gps,lat,-33.30001
1779907058752,gps,lon,-70.599353
1779907058752,gps,alt,497.0
1779907059555,imu,accel_x,-0.8200000000000001
1779907059555,imu,accel_y,-1.97
1779907059555,imu,accel_z,9.74
1779907059555,imu,gyro_x,-0.02
1779907059555,imu,gyro_y,-0.17
1779907059555,imu,gyro_z,0.46
1779907059555,imu,mag_x,-14.4
1779907059555,imu,mag_y,27.0
1779907059555,imu,mag_z,-13.9
1779907059653,baro,presion,1012.5
1779907059653,baro,temp,19.5
1779907059653,baro,alt,499.6
1779907059755,gps,lat,-33.30009
1779907059755,gps,lon,-70.600705
1779907059755,gps,alt,503.0
1779907060556,imu,accel_x,-0.56
1779907060556,imu,accel_y,-0.28
1779907060556,imu,accel_z,9.8
1779907060556,imu,gyro_x,-0.46
1779907060556,imu,gyro_y,0.28
1779907060556,imu,gyro_z,-0.37
1779907060556,imu,mag_x,18.5
1779907060556,imu,mag_y,9.1
1779907060556,imu,mag_z,-26.8
1779907060656,baro,presion,1013.3
1779907060656,baro,temp,20.38
1779907060656,baro,alt,499.6
1779907060758,gps,lat,-33.299851
1779907060758,gps,lon,-70.599398
1779907060758,gps,alt,498.0
1779907061560,imu,accel_x,1.1500000000000001
1779907061560,imu,accel_y,-0.85
1779907061560,imu,accel_z,9.84
1779907061560,imu,gyro_x,-0.25
1779907061560,imu,gyro_y,-0.2
1779907061560,imu,gyro_z,-0.35000000000000003
1779907061560,imu,mag_x,27.6
1779907061560,imu,mag_y,-21.400000000000002
1779907061560,imu,mag_z,-22.8
1779907061659,baro,presion,1012.5
1779907061659,baro,temp,19.62
1779907061659,baro,alt,500.8
1779907061760,gps,lat,-33.300281
1779907061760,gps,lon,-70.60047
1779907061760,gps,alt,498.0
1779907062563,imu,accel_x,1.57
1779907062563,imu,accel_y,1.17
1779907062563,imu,accel_z,9.73
1779907062563,imu,gyro_x,-0.01
1779907062563,imu,gyro_y,-0.28
1779907062563,imu,gyro_z,0.42
1779907062563,imu,mag_x,-12.4
1779907062563,imu,mag_y,14.100000000000001
1779907062563,imu,mag_z,-7.9
1779907062662,baro,presion,1012.2
1779907062662,baro,temp,19.77
1779907062662,baro,alt,499.9
1779907062763,gps,lat,-33.299916
1779907062763,gps,lon,-70.600865
1779907062763,gps,alt,501.0
1779907063565,imu,accel_x,-0.45
1779907063565,imu,accel_y,0.5
1779907063565,imu,accel_z,9.74
1779907063565,imu,gyro_x,0.19
1779907063565,imu,gyro_y,0.3
1779907063565,imu,gyro_z,-0.49
1779907063565,imu,mag_x,17.8
1779907063565,imu,mag_y,17.1
1779907063565,imu,mag_z,-12.600000000000001
1779907063665,baro,presion,1013.4
1779907063665,baro,temp,20.32
1779907063665,baro,alt,499.6
1779907063766,gps,lat,-33.300824
1779907063766,gps,lon,-70.599158
1779907063766,gps,alt,498.0
1779907064568,imu,accel_x,0.08
1779907064568,imu,accel_y,0.55
1779907064568,imu,accel_z,9.700000000000001
1779907064568,imu,gyro_x,-0.38
1779907064568,imu,gyro_y,0.34
1779907064568,imu,gyro_z,-0.36
1779907064568,imu,mag_x,6.9
1779907064568,imu,mag_y,23.3
1779907064568,imu,mag_z,-2.4000000000000004
1779907064667,baro,presion,1012.7
1779907064667,baro,temp,19.64
1779907064667,baro,alt,499.4
1779907064769,gps,lat,-33.300772
1779907064769,gps,lon,-70.600132
1779907064769,gps,alt,496.0
1779907065570,imu,accel_x,-1.6600000000000001
1779907065570,imu,accel_y,1.52
1779907065570,imu,accel_z,9.75
1779907065570,imu,gyro_x,-0.46
1779907065570,imu,gyro_y,-0.28
1779907065570,imu,gyro_z,0.26
1779907065570,imu,mag_x,12.8
1779907065570,imu,mag_y,6.1000000000000005
1779907065570,imu,mag_z,-25.900000000000002
1779907065670,baro,presion,1012.4
1779907065670,baro,temp,20.19
1779907065670,baro,alt,500.3
1779907065771,gps,lat,-33.300315
1779907065771,gps,lon,-70.599802
1779907065771,gps,alt,498.0
1779907066572,imu,accel_x,1.6600000000000001
1779907066572,imu,accel_y,0.87
1779907066572,imu,accel_z,9.8
1779907066572,imu,gyro_x,-0.4
1779907066572,imu,gyro_y,-0.43
1779907066572,imu,gyro_z,-0.33
1779907066572,imu,mag_x,18.6
1779907066572,imu,mag_y,25.5
1779907066572,imu,mag_z,-0.5
1779907066673,baro,presion,1013.1
1779907066673,baro,temp,20.19
1779907066673,baro,alt,500.6
1779907066774,gps,lat,-33.299781
1779907066774,gps,lon,-70.600397
1779907066774,gps,alt,499.0
1779907067576,imu,accel_x,1.41
1779907067576,imu,accel_y,-0.55
1779907067576,imu,accel_z,9.77
1779907067576,imu,gyro_x,-0.34
1779907067576,imu,gyro_y,0.25
1779907067576,imu,gyro_z,-0.21
1779907067576,imu,mag_x,2.5
1779907067576,imu,mag_y,23.900000000000002
1779907067576,imu,mag_z,23.400000000000002
1779907067675,baro,presion,1013.2
1779907067675,baro,temp,19.72
1779907067675,baro,alt,499.5
1779907067776,gps,lat,-33.299133
1779907067776,gps,lon,-70.600151
1779907067776,gps,alt,497.0
1779907068579,imu,accel_x,0.87
1779907068579,imu,accel_y,0.98
1779907068579,imu,accel_z,9.85
1779907068579,imu,gyro_x,-0.19
1779907068579,imu,gyro_y,0.38
1779907068579,imu,gyro_z,0.44
1779907068579,imu,mag_x,11.5
1779907068579,imu,mag_y,17.1
1779907068579,imu,mag_z,-27.0
1779907068679,baro,presion,1013.6
1779907068679,baro,temp,20.03
1779907068679,baro,alt,499.5
1779907068780,gps,lat,-33.300382
1779907068780,gps,lon,-70.600552
1779907068780,gps,alt,499.0
1779907069581,imu,accel_x,-0.36
1779907069581,imu,accel_y,-0.59
1779907069581,imu,accel_z,9.77
1779907069581,imu,gyro_x,0.3
1779907069581,imu,gyro_y,0.11
1779907069581,imu,gyro_z,-0.39
1779907069581,imu,mag_x,-19.1
1779907069581,imu,mag_y,9.200000000000001
1779907069581,imu,mag_z,11.200000000000001
1779907069681,baro,presion,1013.0
1779907069681,baro,temp,20.06
1779907069681,baro,alt,500.3
1779907069782,gps,lat,-33.299187
1779907069782,gps,lon,-70.60028
1779907069782,gps,alt,495.0
1779907070585,imu,accel_x,1.86
1779907070585,imu,accel_y,0.41000000000000003
1779907070585,imu,accel_z,9.870000000000001
1779907070585,imu,gyro_x,0.35000000000000003
1779907070585,imu,gyro_y,0.25
1779907070585,imu,gyro_z,-0.23
1779907070585,imu,mag_x,-4.5
1779907070585,imu,mag_y,25.1
1779907070585,imu,mag_z,-8.3
1779907070683,baro,presion,1013.6
1779907070683,baro,temp,19.54
1779907070683,baro,alt,500.8
1779907070784,gps,lat,-33.300875
1779907070784,gps,lon,-70.600592
1779907070784,gps,alt,497.0
1779907071587,imu,accel_x,-1.27
1779907071587,imu,accel_y,-0.48
1779907071587,imu,accel_z,9.84
1779907071587,imu,gyro_x,0.27
1779907071587,imu,gyro_y,-0.14
1779907071587,imu,gyro_z,0.13
1779907071587,imu,mag_x,-13.8
1779907071587,imu,mag_y,-21.8
1779907071587,imu,mag_z,-22.1
1779907071686,baro,presion,1013.1
1779907071686,baro,temp,19.62
1779907071686,baro,alt,499.3
1779907071788,gps,lat,-33.299942
1779907071788,gps,lon,-70.599528
1779907071788,gps,alt,502.0
1779907072589,imu,accel_x,1.37
1779907072589,imu,accel_y,-1.3900000000000001
1779907072589,imu,accel_z,9.88
1779907072589,imu,gyro_x,-0.37
1779907072589,imu,gyro_y,0.13
1779907072589,imu,gyro_z,-0.37
1779907072589,imu,mag_x,-1.9000000000000001
1779907072589,imu,mag_y,0.30000000000000004
1779907072589,imu,mag_z,24.0
1779907072688,baro,presion,1012.3
1779907072688,baro,temp,19.59
1779907072688,baro,alt,499.5
1779907072789,gps,lat,-33.299557
1779907072789,gps,lon,-70.600754
1779907072789,gps,alt,500.0
1779907073593,imu,accel_x,-0.66
1779907073593,imu,accel_y,0.58
1779907073593,imu,accel_z,9.74
1779907073593,imu,gyro_x,0.25
1779907073593,imu,gyro_y,-0.05
1779907073593,imu,gyro_z,-0.43
1779907073593,imu,mag_x,-12.3
1779907073593,imu,mag_y,19.400000000000002
1779907073593,imu,mag_z,8.5
1779907073691,baro,presion,1013.9
1779907073691,baro,temp,19.79
1779907073691,baro,alt,500.1
1779907073793,gps,lat,-33.29927
1779907073793,gps,lon,-70.60009
1779907073793,gps,alt,495.0
1779907074594,imu,accel_x,1.02
1779907074594,imu,accel_y,0.93
1779907074594,imu,accel_z,9.76
1779907074594,imu,gyro_x,-0.04
1779907074594,imu,gyro_y,-0.35000000000000003
1779907074594,imu,gyro_z,0.06
1779907074594,imu,mag_x,16.6
1779907074594,imu,mag_y,26.700000000000003
1779907074594,imu,mag_z,-19.400000000000002
1779907074694,baro,presion,1012.6
1779907074694,baro,temp,19.53
1779907074694,baro,alt,500.4
1779907074795,gps,lat,-33.299391
1779907074795,gps,lon,-70.599815
1779907074795,gps,alt,495.0
1779907075597,imu,accel_x,1.19
1779907075597,imu,accel_y,-1.3900000000000001
1779907075597,imu,accel_z,9.85
1779907075597,imu,gyro_x,-0.08
1779907075597,imu,gyro_y,-0.13
1779907075597,imu,gyro_z,0.02
1779907075597,imu,mag_x,25.0
1779907075597,imu,mag_y,-7.9
1779907075597,imu,mag_z,15.4
1779907075696,baro,presion,1012.3
1779907075696,baro,temp,19.51
1779907075696,baro,alt,499.3
1779907075798,gps,lat,-33.299591
1779907075798,gps,lon,-70.599286
1779907075798,gps,alt,501.0
1779907076600,imu,accel_x,0.63
1779907076600,imu,accel_y,0.87
1779907076600,imu,accel_z,9.78
1779907076600,imu,gyro_x,-0.26
1779907076600,imu,gyro_y,0.22
1779907076600,imu,gyro_z,0.0
1779907076600,imu,mag_x,21.900000000000002
1779907076600,imu,mag_y,-5.1000000000000005
1779907076600,imu,mag_z,18.2
1779907076700,baro,presion,1013.3
1779907076700,baro,temp,19.55
1779907076700,baro,alt,499.8
1779907076801,gps,lat,-33.29939
1779907076801,gps,lon,-70.599635
1779907076801,gps,alt,504.0
1779907077603,imu,accel_x,-1.4000000000000001
1779907077603,imu,accel_y,0.66
1779907077603,imu,accel_z,9.77
1779907077603,imu,gyro_x,0.0
1779907077603,imu,gyro_y,0.08
1779907077603,imu,gyro_z,0.46
1779907077603,imu,mag_x,0.6000000000000001
1779907077603,imu,mag_y,14.700000000000001
1779907077603,imu,mag_z,-29.900000000000002
1779907077702,baro,presion,1012.8
1779907077702,baro,temp,20.25
1779907077702,baro,alt,499.6
1779907077803,gps,lat,-33.29942
1779907077803,gps,lon,-70.600961
1779907077803,gps,alt,496.0
1779907078605,imu,accel_x,0.99
1779907078605,imu,accel_y,1.3
1779907078605,imu,accel_z,9.77
1779907078605,imu,gyro_x,0.07
1779907078605,imu,gyro_y,-0.45
1779907078605,imu,gyro_z,0.3
1779907078605,imu,mag_x,21.5
1779907078605,imu,mag_y,-7.300000000000001
1779907078605,imu,mag_z,28.700000000000003
1779907078706,baro,presion,1012.4
1779907078706,baro,temp,20.33
1779907078706,baro,alt,499.4
1779907078806,gps,lat,-33.299454
1779907078806,gps,lon,-70.599286
1779907078806,gps,alt,501.0
1779907079608,imu,accel_x,-1.8900000000000001
1779907079608,imu,accel_y,0.68
1779907079608,imu,accel_z,9.72
1779907079608,imu,gyro_x,0.48
1779907079608,imu,gyro_y,0.45
1779907079608,imu,gyro_z,0.45
1779907079608,imu,mag_x,2.4000000000000004
1779907079608,imu,mag_y,22.0
1779907079608,imu,mag_z,-8.200000000000001
1779907079708,baro,presion,1013.0
1779907079708,baro,temp,19.62
1779907079708,baro,alt,500.0
1779907079809,gps,lat,-33.299705
1779907079809,gps,lon,-70.60006
1779907079809,gps,alt,498.0
1779907080611,imu,accel_x,1.1
1779907080611,imu,accel_y,-0.17
1779907080611,imu,accel_z,9.77
1779907080611,imu,gyro_x,0.41000000000000003
1779907080611,imu,gyro_y,0.33
1779907080611,imu,gyro_z,0.14
1779907080611,imu,mag_x,5.2
1779907080611,imu,mag_y,-3.0
1779907080611,imu,mag_z,-2.8000000000000003
1779907080711,baro,presion,1013.2
1779907080711,baro,temp,19.82
1779907080711,baro,alt,499.4
1779907080811,gps,lat,-33.300783
1779907080811,gps,lon,-70.600588
1779907080811,gps,alt,499.0
1779907081614,imu,accel_x,-0.71
1779907081614,imu,accel_y,1.51
1779907081614,imu,accel_z,9.74
1779907081614,imu,gyro_x,-0.49
1779907081614,imu,gyro_y,0.18
1779907081614,imu,gyro_z,0.34
1779907081614,imu,mag_x,-22.8
1779907081614,imu,mag_y,-8.0
1779907081614,imu,mag_z,13.4
1779907081713,baro,presion,1012.9
1779907081713,baro,temp,19.62
1779907081713,baro,alt,500.9
1779907081813,gps,lat,-33.300149
1779907081813,gps,lon,-70.599163
1779907081813,gps,alt,501.0
1779907082616,imu,accel_x,0.15
1779907082616,imu,accel_y,1.94
1779907082616,imu,accel_z,9.82
1779907082616,imu,gyro_x,0.49
1779907082616,imu,gyro_y,0.22
1779907082616,imu,gyro_z,0.38
1779907082616,imu,mag_x,25.400000000000002
1779907082616,imu,mag_y,17.5
1779907082616,imu,mag_z,5.2
1779907082716,baro,presion,1013.5
1779907082716,baro,temp,19.7
1779907082716,baro,alt,499.4
1779907082816,gps,lat,-33.300017
1779907082816,gps,lon,-70.599004
1779907082816,gps,alt,497.0
1779907083620,imu,accel_x,1.42
1779907083620,imu,accel_y,-0.52
1779907083620,imu,accel_z,9.76
1779907083620,imu,gyro_x,-0.14
1779907083620,imu,gyro_y,-0.41000000000000003
1779907083620,imu,gyro_z,-0.46
1779907083620,imu,mag_x,13.9
1779907083620,imu,mag_y,15.700000000000001
1779907083620,imu,mag_z,28.5
1779907083719,baro,presion,1013.4
1779907083719,baro,temp,20.1
1779907083719,baro,alt,500.3
1779907083820,gps,lat,-33.300184
1779907083820,gps,lon,-70.60048
1779907083820,gps,alt,497.0
1779907084622,imu,accel_x,-1.83
1779907084622,imu,accel_y,-0.81
1779907084622,imu,accel_z,9.74
1779907084622,imu,gyro_x,0.44
1779907084622,imu,gyro_y,0.1
1779907084622,imu,gyro_z,-0.4
1779907084622,imu,mag_x,-5.9
1779907084622,imu,mag_y,8.4
1779907084622,imu,mag_z,16.8
1779907084721,baro,presion,1013.9
1779907084721,baro,temp,19.72
1779907084721,baro,alt,500.2
1779907084822,gps,lat,-33.300471
1779907084822,gps,lon,-70.600631
1779907084822,gps,alt,497.0
1779907085624,imu,accel_x,-0.66
1779907085624,imu,accel_y,0.63
1779907085624,imu,accel_z,9.78
1779907085624,imu,gyro_x,0.01
1779907085624,imu,gyro_y,-0.02
1779907085624,imu,gyro_z,0.26
1779907085624,imu,mag_x,-28.3
1779907085624,imu,mag_y,5.1000000000000005
1779907085624,imu,mag_z,16.400000000000002
1779907085724,baro,presion,1013.2
1779907085724,baro,temp,20.19
1779907085724,baro,alt,499.3
1779907085824,gps,lat,-33.299116
1779907085824,gps,lon,-70.599658
1779907085824,gps,alt,500.0
1779907086627,imu,accel_x,-1.82
1779907086627,imu,accel_y,-1.1
1779907086627,imu,accel_z,9.82
1779907086627,imu,gyro_x,0.19
1779907086627,imu,gyro_y,0.22
1779907086627,imu,gyro_z,0.42
1779907086627,imu,mag_x,-25.6
1779907086627,imu,mag_y,13.4
1779907086627,imu,mag_z,13.0
1779907086727,baro,presion,1013.3
1779907086727,baro,temp,19.88
1779907086727,baro,alt,500.1
1779907086828,gps,lat,-33.299785
1779907086828,gps,lon,-70.60031
1779907086828,gps,alt,496.0
1779907087630,imu,accel_x,-1.05
1779907087630,imu,accel_y,1.03
1779907087630,imu,accel_z,9.75
1779907087630,imu,gyro_x,-0.34
1779907087630,imu,gyro_y,0.17
1779907087630,imu,gyro_z,-0.29
1779907087630,imu,mag_x,14.700000000000001
1779907087630,imu,mag_y,29.200000000000003
1779907087630,imu,mag_z,6.800000000000001
1779907087729,baro,presion,1012.4
1779907087729,baro,temp,19.9
1779907087729,baro,alt,500.6
1779907087830,gps,lat,-33.299461
1779907087830,gps,lon,-70.5993
1779907087830,gps,alt,495.0
1779907088633,imu,accel_x,-1.46
1779907088633,imu,accel_y,1.3
1779907088633,imu,accel_z,9.73
1779907088633,imu,gyro_x,-0.35000000000000003
1779907088633,imu,gyro_y,0.08
1779907088633,imu,gyro_z,0.0
1779907088633,imu,mag_x,-11.8
1779907088633,imu,mag_y,-7.300000000000001
1779907088633,imu,mag_z,-16.900000000000002
1779907088732,baro,presion,1013.9
1779907088732,baro,temp,19.92
1779907088732,baro,alt,500.9
1779907088833,gps,lat,-33.299889
1779907088833,gps,lon,-70.600435
1779907088833,gps,alt,496.0
1779907089635,imu,accel_x,-0.75
1779907089635,imu,accel_y,-1.1500000000000001
1779907089635,imu,accel_z,9.71
1779907089635,imu,gyro_x,-0.44
1779907089635,imu,gyro_y,0.12
1779907089635,imu,gyro_z,0.27
1779907089635,imu,mag_x,-28.700000000000003
1779907089635,imu,mag_y,-20.1
1779907089635,imu,mag_z,22.400000000000002
1779907089735,baro,presion,1012.8
1779907089735,baro,temp,19.74
1779907089735,baro,alt,500.1
1779907089836,gps,lat,-33.299649
1779907089836,gps,lon,-70.600729
1779907089836,gps,alt,501.0
1779907090637,imu,accel_x,-0.12
1779907090637,imu,accel_y,1.57
1779907090637,imu,accel_z,9.72
1779907090637,imu,gyro_x,0.05
1779907090637,imu,gyro_y,0.36
1779907090637,imu,gyro_z,-0.23
1779907090637,imu,mag_x,-18.400000000000002
1779907090637,imu,mag_y,3.8000000000000003
1779907090637,imu,mag_z,25.400000000000002
1779907090738,baro,presion,1013.1
1779907090738,baro,temp,19.99
1779907090738,baro,alt,499.6
1779907090839,gps,lat,-33.299504
1779907090839,gps,lon,-70.599726
1779907090839,gps,alt,501.0
1779907091641,imu,accel_x,-0.18
1779907091641,imu,accel_y,0.85
1779907091641,imu,accel_z,9.700000000000001
1779907091641,imu,gyro_x,0.13
1779907091641,imu,gyro_y,0.12
1779907091641,imu,gyro_z,-0.46
1779907091641,imu,mag_x,5.6000000000000005
1779907091641,imu,mag_y,4.800000000000001
1779907091641,imu,mag_z,23.3
1779907091740,baro,presion,1013.7
1779907091740,baro,temp,20.22
1779907091740,baro,alt,500.3
1779907091840,gps,lat,-33.300652
1779907091840,gps,lon,-70.599272
1779907091840,gps,alt,496.0
1779907092643,imu,accel_x,-0.63
1779907092643,imu,accel_y,0.7000000000000001
1779907092643,imu,accel_z,9.700000000000001
1779907092643,imu,gyro_x,0.39
1779907092643,imu,gyro_y,-0.48
1779907092643,imu,gyro_z,-0.26
1779907092643,imu,mag_x,-5.6000000000000005
1779907092643,imu,mag_y,-16.2
1779907092643,imu,mag_z,-12.700000000000001
1779907092743,baro,presion,1013.6
1779907092743,baro,temp,20.05
1779907092743,baro,alt,500.5
1779907092843,gps,lat,-33.300651
1779907092843,gps,lon,-70.600708
1779907092843,gps,alt,495.0
1779907093646,imu,accel_x,-1.3800000000000001
1779907093646,imu,accel_y,1.04
1779907093646,imu,accel_z,9.77
1779907093646,imu,gyro_x,0.13
1779907093646,imu,gyro_y,-0.11
1779907093646,imu,gyro_z,0.31
1779907093646,imu,mag_x,12.700000000000001
1779907093646,imu,mag_y,13.5
1779907093646,imu,mag_z,10.0
1779907093746,baro,presion,1012.4
1779907093746,baro,temp,19.76
1779907093746,baro,alt,499.6
1779907093847,gps,lat,-33.300792
1779907093847,gps,lon,-70.600773
1779907093847,gps,alt,495.0
1779907094648,imu,accel_x,-0.02
1779907094648,imu,accel_y,1.17
1779907094648,imu,accel_z,9.790000000000001
1779907094648,imu,gyro_x,0.06
1779907094648,imu,gyro_y,-0.27
1779907094648,imu,gyro_z,0.48
1779907094648,imu,mag_x,-11.200000000000001
1779907094648,imu,mag_y,-15.4
1779907094648,imu,mag_z,24.900000000000002
1779907094747,baro,presion,1013.1
1779907094747,baro,temp,20.4
1779907094747,baro,alt,499.0
1779907094848,gps,lat,-33.299212
1779907094848,gps,lon,-70.599806
1779907094848,gps,alt,500.0
1779907095652,imu,accel_x,0.93
1779907095652,imu,accel_y,-0.14
1779907095652,imu,accel_z,9.8
1779907095652,imu,gyro_x,0.22
1779907095652,imu,gyro_y,-0.11
1779907095652,imu,gyro_z,-0.4
1779907095652,imu,mag_x,-30.0
1779907095652,imu,mag_y,29.5
1779907095652,imu,mag_z,-24.5
1779907095751,baro,presion,1013.4
1779907095751,baro,temp,19.57
1779907095751,baro,alt,499.4
1779907095851,gps,lat,-33.299704
1779907095851,gps,lon,-70.600884
1779907095851,gps,alt,502.0
1779907096654,imu,accel_x,-1.61
1779907096654,imu,accel_y,-1.33
1779907096654,imu,accel_z,9.82
1779907096654,imu,gyro_x,0.17
1779907096654,imu,gyro_y,0.38
1779907096654,imu,gyro_z,0.43
1779907096654,imu,mag_x,-0.9
1779907096654,imu,mag_y,27.900000000000002
1779907096654,imu,mag_z,-28.200000000000003
1779907096753,baro,presion,1013.2
1779907096753,baro,temp,19.58
1779907096753,baro,alt,499.3
1779907096854,gps,lat,-33.299003
1779907096854,gps,lon,-70.600406
1779907096854,gps,alt,495.0
1779907097657,imu,accel_x,-0.79
1779907097657,imu,accel_y,-0.2
1779907097657,imu,accel_z,9.74
1779907097657,imu,gyro_x,-0.47000000000000003
1779907097657,imu,gyro_y,-0.25
1779907097657,imu,gyro_z,0.23
1779907097657,imu,mag_x,29.200000000000003
1779907097657,imu,mag_y,-24.400000000000002
1779907097657,imu,mag_z,5.1000000000000005
1779907097756,baro,presion,1013.9
1779907097756,baro,temp,20.45
1779907097756,baro,alt,500.6
1779907097857,gps,lat,-33.299539
1779907097857,gps,lon,-70.600745
1779907097857,gps,alt,501.0
1779907098660,imu,accel_x,0.8200000000000001
1779907098660,imu,accel_y,0.73
1779907098660,imu,accel_z,9.86
1779907098660,imu,gyro_x,-0.29
1779907098660,imu,gyro_y,-0.39
1779907098660,imu,gyro_z,-0.32
1779907098660,imu,mag_x,-4.1000000000000005
1779907098660,imu,mag_y,5.7
1779907098660,imu,mag_z,4.3
1779907098759,baro,presion,1012.1
1779907098759,baro,temp,19.96
1779907098759,baro,alt,499.2
1779907098860,gps,lat,-33.29957
1779907098860,gps,lon,-70.600137
1779907098860,gps,alt,502.0
1779907099662,imu,accel_x,-0.04
1779907099662,imu,accel_y,0.14
1779907099662,imu,accel_z,9.8
1779907099662,imu,gyro_x,-0.2
1779907099662,imu,gyro_y,0.1
1779907099662,imu,gyro_z,0.41000000000000003
1779907099662,imu,mag_x,13.8
1779907099662,imu,mag_y,23.400000000000002
1779907099662,imu,mag_z,-23.3
1779907099762,baro,presion,1013.0
1779907099762,baro,temp,20.01
1779907099762,baro,alt,500.7
1779907099862,gps,lat,-33.29901
1779907099862,gps,lon,-70.599827
1779907099862,gps,alt,504.0
1779907100664,imu,accel_x,-1.55
1779907100664,imu,accel_y,-1.43
1779907100664,imu,accel_z,9.790000000000001
1779907100664,imu,gyro_x,0.16
1779907100664,imu,gyro_y,-0.23
1779907100664,imu,gyro_z,-0.21
1779907100664,imu,mag_x,-3.9000000000000004
1779907100664,imu,mag_y,12.200000000000001
1779907100664,imu,mag_z,-24.700000000000003
1779907100765,baro,presion,1013.1
1779907100765,baro,temp,20.47
1779907100765,baro,alt,499.7
1779907100864,gps,lat,-33.299411
1779907100864,gps,lon,-70.599809
1779907100864,gps,alt,502.0
1779907101668,imu,accel_x,0.38
1779907101668,imu,accel_y,1.28
1779907101668,imu,accel_z,9.72
1779907101668,imu,gyro_x,0.26
1779907101668,imu,gyro_y,-0.14
1779907101668,imu,gyro_z,0.31
1779907101668,imu,mag_x,-22.3
1779907101668,imu,mag_y,0.8
1779907101668,imu,mag_z,3.8000000000000003
1779907101768,baro,presion,1013.2
1779907101768,baro,temp,19.91
1779907101768,baro,alt,499.1
1779907101867,gps,lat,-33.299904
1779907101867,gps,lon,-70.60016
1779907101867,gps,alt,496.0
1779907102670,imu,accel_x,0.72
1779907102670,imu,accel_y,0.16
1779907102670,imu,accel_z,9.790000000000001
1779907102670,imu,gyro_x,-0.15
1779907102670,imu,gyro_y,0.32
1779907102670,imu,gyro_z,0.05
1779907102670,imu,mag_x,8.700000000000001
1779907102670,imu,mag_y,-12.3
1779907102670,imu,mag_z,-1.2000000000000002
1779907102769,baro,presion,1012.1
1779907102769,baro,temp,19.68
1779907102769,baro,alt,499.8
1779907102871,gps,lat,-33.299687
1779907102871,gps,lon,-70.599652
1779907102871,gps,alt,504.0
1779907103673,imu,accel_x,0.34
1779907103673,imu,accel_y,-0.33
1779907103673,imu,accel_z,9.88
1779907103673,imu,gyro_x,0.29
1779907103673,imu,gyro_y,-0.3
1779907103673,imu,gyro_z,0.23
1779907103673,imu,mag_x,-25.5
1779907103673,imu,mag_y,-18.400000000000002
1779907103673,imu,mag_z,-23.6
1779907103772,baro,presion,1012.4
1779907103772,baro,temp,19.79
1779907103772,baro,alt,500.7
1779907103873,gps,lat,-33.299265
1779907103873,gps,lon,-70.600484
1779907103873,gps,alt,500.0
1779907104675,imu,accel_x,1.6600000000000001
1779907104675,imu,accel_y,1.99
1779907104675,imu,accel_z,9.85
1779907104675,imu,gyro_x,-0.39
1779907104675,imu,gyro_y,-0.42
1779907104675,imu,gyro_z,0.37
1779907104675,imu,mag_x,-12.3
1779907104675,imu,mag_y,27.3
1779907104675,imu,mag_z,22.0
1779907104774,baro,presion,1012.4
1779907104774,baro,temp,20.12
1779907104774,baro,alt,499.3
1779907104875,gps,lat,-33.299127
1779907104875,gps,lon,-70.599606
1779907104875,gps,alt,497.0
1779907105679,imu,accel_x,-0.1
1779907105679,imu,accel_y,0.38
1779907105679,imu,accel_z,9.8
1779907105679,imu,gyro_x,0.12
1779907105679,imu,gyro_y,-0.18
1779907105679,imu,gyro_z,0.38
1779907105679,imu,mag_x,8.4
1779907105679,imu,mag_y,21.8
1779907105679,imu,mag_z,-22.8
1779907105778,baro,presion,1013.8
1779907105778,baro,temp,20.0
1779907105778,baro,alt,500.4
1779907105878,gps,lat,-33.299534
1779907105878,gps,lon,-70.600264
1779907105878,gps,alt,500.0
1779907106681,imu,accel_x,-0.33
1779907106681,imu,accel_y,-0.87
1779907106681,imu,accel_z,9.870000000000001
1779907106681,imu,gyro_x,0.1
1779907106681,imu,gyro_y,0.34
1779907106681,imu,gyro_z,-0.01
1779907106681,imu,mag_x,17.7
1779907106681,imu,mag_y,-4.3
1779907106681,imu,mag_z,17.6
1779907106780,baro,presion,1013.8
1779907106780,baro,temp,19.68
1779907106780,baro,alt,500.3
1779907106882,gps,lat,-33.300438
1779907106882,gps,lon,-70.599047
1779907106882,gps,alt,498.0
1779907107684,imu,accel_x,-1.1400000000000001
1779907107684,imu,accel_y,-0.1
1779907107684,imu,accel_z,9.77
1779907107684,imu,gyro_x,0.03
1779907107684,imu,gyro_y,0.47000000000000003
1779907107684,imu,gyro_z,0.37
1779907107684,imu,mag_x,-23.5
1779907107684,imu,mag_y,16.7
1779907107684,imu,mag_z,7.2
1779907107783,baro,presion,1013.2
1779907107783,baro,temp,19.69
1779907107783,baro,alt,499.4
1779907107884,gps,lat,-33.300445
1779907107884,gps,lon,-70.6003
1779907107884,gps,alt,496.0
1779907108686,imu,accel_x,-1.9000000000000001
1779907108686,imu,accel_y,-0.1
1779907108686,imu,accel_z,9.77
1779907108686,imu,gyro_x,0.44
1779907108686,imu,gyro_y,-0.42
1779907108686,imu,gyro_z,-0.28
1779907108686,imu,mag_x,14.200000000000001
1779907108686,imu,mag_y,-16.8
1779907108686,imu,mag_z,12.3
1779907108787,baro,presion,1013.2
1779907108787,baro,temp,20.45
1779907108787,baro,alt,500.3
1779907108887,gps,lat,-33.299578
1779907108887,gps,lon,-70.600853
1779907108887,gps,alt,504.0
1779907109689,imu,accel_x,-1.98
1779907109689,imu,accel_y,0.93
1779907109689,imu,accel_z,9.85
1779907109689,imu,gyro_x,-0.2
1779907109689,imu,gyro_y,0.28
1779907109689,imu,gyro_z,0.22
1779907109689,imu,mag_x,-20.8
1779907109689,imu,mag_y,-12.3
1779907109689,imu,mag_z,-25.200000000000003
1779907109788,baro,presion,1013.0
1779907109788,baro,temp,20.41
1779907109788,baro,alt,499.4
1779907109890,gps,lat,-33.300403
1779907109890,gps,lon,-70.60052
1779907109890,gps,alt,500.0
1779907110691,imu,accel_x,-1.4000000000000001
1779907110691,imu,accel_y,-0.5700000000000001
1779907110691,imu,accel_z,9.89
1779907110691,imu,gyro_x,-0.1
1779907110691,imu,gyro_y,0.46
1779907110691,imu,gyro_z,-0.09
1779907110691,imu,mag_x,14.4
1779907110691,imu,mag_y,-16.400000000000002
1779907110691,imu,mag_z,7.1000000000000005
1779907110791,baro,presion,1013.1
1779907110791,baro,temp,19.95
1779907110791,baro,alt,499.4
1779907110892,gps,lat,-33.30031
1779907110892,gps,lon,-70.600786
1779907110892,gps,alt,500.0
1779907111695,imu,accel_x,0.52
1779907111695,imu,accel_y,0.06
1779907111695,imu,accel_z,9.74
1779907111695,imu,gyro_x,-0.08
1779907111695,imu,gyro_y,0.09
1779907111695,imu,gyro_z,-0.15
1779907111695,imu,mag_x,23.6
1779907111695,imu,mag_y,-23.8
1779907111695,imu,mag_z,1.7000000000000002
1779907111795,baro,presion,1013.2
1779907111795,baro,temp,19.99
1779907111795,baro,alt,499.9
1779907111896,gps,lat,-33.300689
1779907111896,gps,lon,-70.600598
1779907111896,gps,alt,495.0
1779907112697,imu,accel_x,-0.77
1779907112697,imu,accel_y,-1.5
1779907112697,imu,accel_z,9.71
1779907112697,imu,gyro_x,-0.02
1779907112697,imu,gyro_y,0.25
1779907112697,imu,gyro_z,-0.27
1779907112697,imu,mag_x,16.0
1779907112697,imu,mag_y,-24.700000000000003
1779907112697,imu,mag_z,-24.400000000000002
1779907112797,baro,presion,1012.3
1779907112797,baro,temp,20.3
1779907112797,baro,alt,500.2
1779907112898,gps,lat,-33.300851
1779907112898,gps,lon,-70.600234
1779907112898,gps,alt,504.0
1779907113700,imu,accel_x,0.6900000000000001
1779907113700,imu,accel_y,1.48
1779907113700,imu,accel_z,9.790000000000001
1779907113700,imu,gyro_x,-0.03
1779907113700,imu,gyro_y,-0.34
1779907113700,imu,gyro_z,-0.09
1779907113700,imu,mag_x,-1.1
1779907113700,imu,mag_y,22.400000000000002
1779907113700,imu,mag_z,25.400000000000002
1779907113799,baro,presion,1013.3
1779907113799,baro,temp,19.91
1779907113799,baro,alt,499.5
1779907113900,gps,lat,-33.300547
1779907113900,gps,lon,-70.600087
1779907113900,gps,alt,501.0
1779907114703,imu,accel_x,1.6300000000000001
1779907114703,imu,accel_y,-0.12
1779907114703,imu,accel_z,9.83
1779907114703,imu,gyro_x,0.27
1779907114703,imu,gyro_y,-0.29
1779907114703,imu,gyro_z,0.41000000000000003
1779907114703,imu,mag_x,18.2
1779907114703,imu,mag_y,-23.0
1779907114703,imu,mag_z,19.5
1779907114803,baro,presion,1012.3
1779907114803,baro,temp,20.0
1779907114803,baro,alt,500.5
1779907114903,gps,lat,-33.30015
1779907114903,gps,lon,-70.600638
1779907114903,gps,alt,504.0
1779907115705,imu,accel_x,-0.66
1779907115705,imu,accel_y,-0.24
1779907115705,imu,accel_z,9.8
1779907115705,imu,gyro_x,0.48
1779907115705,imu,gyro_y,-0.03
1779907115705,imu,gyro_z,-0.35000000000000003
1779907115705,imu,mag_x,-30.0
1779907115705,imu,mag_y,-8.200000000000001
1779907115705,imu,mag_z,-1.3
1779907115804,baro,presion,1012.7
1779907115804,baro,temp,20.23
1779907115804,baro,alt,499.3
1779907115907,gps,lat,-33.300853
1779907115907,gps,lon,-70.600236
1779907115907,gps,alt,498.0
1779907116707,imu,accel_x,-0.41000000000000003
1779907116707,imu,accel_y,1.17
1779907116707,imu,accel_z,9.88
1779907116707,imu,gyro_x,-0.3
1779907116707,imu,gyro_y,0.43
1779907116707,imu,gyro_z,0.33
1779907116707,imu,mag_x,23.6
1779907116707,imu,mag_y,23.8
1779907116707,imu,mag_z,25.6
1779907116807,baro,presion,1013.8
1779907116807,baro,temp,19.82
1779907116807,baro,alt,500.9
1779907116909,gps,lat,-33.300675
1779907116909,gps,lon,-70.600611
1779907116909,gps,alt,497.0
1779907117711,imu,accel_x,1.48
1779907117711,imu,accel_y,0.43
1779907117711,imu,accel_z,9.75
1779907117711,imu,gyro_x,0.03
1779907117711,imu,gyro_y,-0.48
1779907117711,imu,gyro_z,-0.03
1779907117711,imu,mag_x,22.3
1779907117711,imu,mag_y,9.700000000000001
1779907117711,imu,mag_z,19.900000000000002
1779907117810,baro,presion,1013.6
1779907117810,baro,temp,20.26
1779907117810,baro,alt,500.1
1779907117911,gps,lat,-33.30059
1779907117911,gps,lon,-70.599323
1779907117911,gps,alt,496.0
1779907118714,imu,accel_x,1.7
1779907118714,imu,accel_y,-1.4000000000000001
1779907118714,imu,accel_z,9.75
1779907118714,imu,gyro_x,-0.18
1779907118714,imu,gyro_y,-0.47000000000000003
1779907118714,imu,gyro_z,0.26
1779907118714,imu,mag_x,-26.3
1779907118714,imu,mag_y,11.8
1779907118714,imu,mag_z,13.4
1779907118814,baro,presion,1012.1
1779907118814,baro,temp,20.39
1779907118814,baro,alt,499.2
1779907118914,gps,lat,-33.300639
1779907118914,gps,lon,-70.600261
1779907118914,gps,alt,500.0
1779907119717,imu,accel_x,-1.82
1779907119717,imu,accel_y,-1.52
1779907119717,imu,accel_z,9.71
1779907119717,imu,gyro_x,-0.12
1779907119717,imu,gyro_y,0.13
1779907119717,imu,gyro_z,0.09
1779907119717,imu,mag_x,7.7
1779907119717,imu,mag_y,-12.700000000000001
1779907119717,imu,mag_z,-16.7
1779907119816,baro,presion,1012.5
1779907119816,baro,temp,19.78
1779907119816,baro,alt,499.4
1779907119917,gps,lat,-33.300415
1779907119917,gps,lon,-70.600217
1779907119917,gps,alt,502.0
1779907120719,imu,accel_x,-1.93
1779907120719,imu,accel_y,0.9
1779907120719,imu,accel_z,9.86
1779907120719,imu,gyro_x,-0.25
1779907120719,imu,gyro_y,-0.24
1779907120719,imu,gyro_z,-0.36
1779907120719,imu,mag_x,8.8
1779907120719,imu,mag_y,28.8
1779907120719,imu,mag_z,-18.5
1779907120819,baro,presion,1012.1
1779907120819,baro,temp,20.05
1779907120819,baro,alt,499.9
1779907120920,gps,lat,-33.300046
1779907120920,gps,lon,-70.599657
1779907120920,gps,alt,495.0
1779907121721,imu,accel_x,-1.69
1779907121721,imu,accel_y,1.32
1779907121721,imu,accel_z,9.77
1779907121721,imu,gyro_x,0.42
1779907121721,imu,gyro_y,-0.16
1779907121721,imu,gyro_z,-0.21
1779907121721,imu,mag_x,-7.300000000000001
1779907121721,imu,mag_y,16.0
1779907121721,imu,mag_z,-16.900000000000002
1779907121821,baro,presion,1012.0
1779907121821,baro,temp,20.3
1779907121821,baro,alt,499.7
1779907121922,gps,lat,-33.300445
1779907121922,gps,lon,-70.600678
1779907121922,gps,alt,502.0
1779907122724,imu,accel_x,-0.47000000000000003
1779907122724,imu,accel_y,1.78
1779907122724,imu,accel_z,9.870000000000001
1779907122724,imu,gyro_x,-0.05
1779907122724,imu,gyro_y,-0.15
1779907122724,imu,gyro_z,-0.13
1779907122724,imu,mag_x,-3.4000000000000004
1779907122724,imu,mag_y,-27.700000000000003
1779907122724,imu,mag_z,6.6000000000000005
1779907122823,baro,presion,1013.9
1779907122823,baro,temp,20.4
1779907122823,baro,alt,499.7
1779907122924,gps,lat,-33.299459
1779907122924,gps,lon,-70.600933
1779907122924,gps,alt,504.0
1779907123726,imu,accel_x,0.01
1779907123726,imu,accel_y,-1.24
1779907123726,imu,accel_z,9.86
1779907123726,imu,gyro_x,0.19
1779907123726,imu,gyro_y,-0.38
1779907123726,imu,gyro_z,-0.36
1779907123726,imu,mag_x,13.4
1779907123726,imu,mag_y,23.400000000000002
1779907123726,imu,mag_z,25.700000000000003
1779907123827,baro,presion,1013.4
1779907123827,baro,temp,19.69
1779907123827,baro,alt,500.1
1779907123926,gps,lat,-33.299824
1779907123926,gps,lon,-70.60009
1779907123926,gps,alt,504.0
1779907124730,imu,accel_x,-1.85
1779907124730,imu,accel_y,-0.7000000000000001
1779907124730,imu,accel_z,9.74
1779907124730,imu,gyro_x,0.04
1779907124730,imu,gyro_y,-0.01
1779907124730,imu,gyro_z,-0.29
1779907124730,imu,mag_x,-26.0
1779907124730,imu,mag_y,23.6
1779907124730,imu,mag_z,-2.9000000000000004
1779907124828,baro,presion,1012.1
1779907124828,baro,temp,20.24
1779907124828,baro,alt,500.7
1779907124930,gps,lat,-33.300513
1779907124930,gps,lon,-70.599993
1779907124930,gps,alt,496.0
1779907125732,imu,accel_x,0.46
1779907125732,imu,accel_y,1.3900000000000001
1779907125732,imu,accel_z,9.74
1779907125732,imu,gyro_x,-0.17
1779907125732,imu,gyro_y,0.45
1779907125732,imu,gyro_z,-0.42
1779907125732,imu,mag_x,4.7
1779907125732,imu,mag_y,29.5
1779907125732,imu,mag_z,-7.0
1779907125831,baro,presion,1013.8
1779907125831,baro,temp,19.59
1779907125831,baro,alt,499.6
1779907125932,gps,lat,-33.300748
1779907125932,gps,lon,-70.599611
1779907125932,gps,alt,504.0
1779907126735,imu,accel_x,0.79
1779907126735,imu,accel_y,1.59
1779907126735,imu,accel_z,9.84
1779907126735,imu,gyro_x,0.08
1779907126735,imu,gyro_y,-0.31
1779907126735,imu,gyro_z,0.46
1779907126735,imu,mag_x,-26.0
1779907126735,imu,mag_y,18.7
1779907126735,imu,mag_z,-21.5
1779907126834,baro,presion,1012.6
1779907126834,baro,temp,20.07
1779907126834,baro,alt,499.8
1779907126935,gps,lat,-33.300266
1779907126935,gps,lon,-70.599048
1779907126935,gps,alt,503.0
1779907127738,imu,accel_x,-0.78
1779907127738,imu,accel_y,-0.08
1779907127738,imu,accel_z,9.74
1779907127738,imu,gyro_x,-0.42
1779907127738,imu,gyro_y,-0.13
1779907127738,imu,gyro_z,0.38
1779907127738,imu,mag_x,-11.3
1779907127738,imu,mag_y,11.100000000000001
1779907127738,imu,mag_z,2.5
1779907127837,baro,presion,1012.7
1779907127837,baro,temp,19.55
1779907127837,baro,alt,500.7
1779907127938,gps,lat,-33.299162
1779907127938,gps,lon,-70.599771
1779907127938,gps,alt,501.0
1779907128741,imu,accel_x,-0.01
1779907128741,imu,accel_y,-1.96
1779907128741,imu,accel_z,9.77
1779907128741,imu,gyro_x,0.32
1779907128741,imu,gyro_y,-0.26
1779907128741,imu,gyro_z,-0.31
1779907128741,imu,mag_x,22.0
1779907128741,imu,mag_y,9.700000000000001
1779907128741,imu,mag_z,-6.300000000000001
1779907128840,baro,presion,1013.6
1779907128840,baro,temp,19.66
1779907128840,baro,alt,500.8
1779907128941,gps,lat,-33.299708
1779907128941,gps,lon,-70.600484
1779907128941,gps,alt,498.0
1779907129743,imu,accel_x,1.92
1779907129743,imu,accel_y,-0.9400000000000001
1779907129743,imu,accel_z,9.700000000000001
1779907129743,imu,gyro_x,0.39
1779907129743,imu,gyro_y,-0.08
1779907129743,imu,gyro_z,-0.15
1779907129743,imu,mag_x,19.1
1779907129743,imu,mag_y,-22.700000000000003
1779907129743,imu,mag_z,6.4
1779907129842,baro,presion,1012.0
1779907129842,baro,temp,20.29
1779907129842,baro,alt,500.9
1779907129944,gps,lat,-33.299145
1779907129944,gps,lon,-70.599463
1779907129944,gps,alt,495.0
1779907130746,imu,accel_x,-0.92
1779907130746,imu,accel_y,-1.51
1779907130746,imu,accel_z,9.89
1779907130746,imu,gyro_x,-0.07
1779907130746,imu,gyro_y,-0.01
1779907130746,imu,gyro_z,-0.09
1779907130746,imu,mag_x,9.4
1779907130746,imu,mag_y,-25.200000000000003
1779907130746,imu,mag_z,-15.5
1779907130845,baro,presion,1012.4
1779907130845,baro,temp,20.41
1779907130845,baro,alt,499.9
1779907130947,gps,lat,-33.300846
1779907130947,gps,lon,-70.59964
1779907130947,gps,alt,496.0
1779907131748,imu,accel_x,-1.2
1779907131748,imu,accel_y,-0.52
1779907131748,imu,accel_z,9.86
1779907131748,imu,gyro_x,0.45
1779907131748,imu,gyro_y,0.38
1779907131748,imu,gyro_z,0.42
1779907131748,imu,mag_x,-4.7
1779907131748,imu,mag_y,-19.5
1779907131748,imu,mag_z,-7.9
1779907131848,baro,presion,1013.5
1779907131848,baro,temp,19.52
1779907131848,baro,alt,499.4
1779907131949,gps,lat,-33.300369
1779907131949,gps,lon,-70.600909
1779907131949,gps,alt,497.0
1779907132751,imu,accel_x,-1.41
1779907132751,imu,accel_y,-1.33
1779907132751,imu,accel_z,9.76
1779907132751,imu,gyro_x,-0.11
1779907132751,imu,gyro_y,-0.02
1779907132751,imu,gyro_z,-0.37
1779907132751,imu,mag_x,-4.1000000000000005
1779907132751,imu,mag_y,19.0
1779907132751,imu,mag_z,-19.400000000000002
1779907132851,baro,presion,1012.0
1779907132851,baro,temp,19.99
1779907132851,baro,alt,499.6
1779907132952,gps,lat,-33.299932
1779907132952,gps,lon,-70.599324
1779907132952,gps,alt,501.0
1779907133754,imu,accel_x,-1.81
1779907133754,imu,accel_y,1.06
1779907133754,imu,accel_z,9.78
1779907133754,imu,gyro_x,0.05
1779907133754,imu,gyro_y,-0.42
1779907133754,imu,gyro_z,-0.02
1779907133754,imu,mag_x,-0.9
1779907133754,imu,mag_y,-20.900000000000002
1779907133754,imu,mag_z,17.400000000000002
1779907133853,baro,presion,1013.0
1779907133853,baro,temp,20.43
1779907133853,baro,alt,500.7
1779907133954,gps,lat,-33.299792
1779907133954,gps,lon,-70.600586
1779907133954,gps,alt,503.0
1779907134756,imu,accel_x,-0.01
1779907134756,imu,accel_y,-1.6300000000000001
1779907134756,imu,accel_z,9.89
1779907134756,imu,gyro_x,0.14
1779907134756,imu,gyro_y,0.42
1779907134756,imu,gyro_z,0.23
1779907134756,imu,mag_x,-20.8
1779907134756,imu,mag_y,9.200000000000001
1779907134756,imu,mag_z,14.4
1779907134856,baro,presion,1013.7
1779907134856,baro,temp,20.0
1779907134856,baro,alt,500.0
1779907134957,gps,lat,-33.299569
1779907134957,gps,lon,-70.599017
1779907134957,gps,alt,502.0
1779907135760,imu,accel_x,-1.12
1779907135760,imu,accel_y,1.9000000000000001
1779907135760,imu,accel_z,9.88
1779907135760,imu,gyro_x,-0.11
1779907135760,imu,gyro_y,0.31
1779907135760,imu,gyro_z,-0.42
1779907135760,imu,mag_x,29.700000000000003
1779907135760,imu,mag_y,-17.400000000000002
1779907135760,imu,mag_z,-0.6000000000000001
1779907135859,baro,presion,1012.4
1779907135859,baro,temp,20.46
1779907135859,baro,alt,499.9
1779907135960,gps,lat,-33.29901
1779907135960,gps,lon,-70.600688
1779907135960,gps,alt,500.0
1779907136762,imu,accel_x,-1.19
1779907136762,imu,accel_y,-0.23
1779907136762,imu,accel_z,9.86
1779907136762,imu,gyro_x,0.22
1779907136762,imu,gyro_y,-0.38
1779907136762,imu,gyro_z,0.03
1779907136762,imu,mag_x,-16.400000000000002
1779907136762,imu,mag_y,19.5
1779907136762,imu,mag_z,6.0
1779907136862,baro,presion,1013.8
1779907136862,baro,temp,20.13
1779907136862,baro,alt,500.6
1779907136962,gps,lat,-33.300752
1779907136962,gps,lon,-70.60003
1779907136962,gps,alt,495.0
1779907137765,imu,accel_x,1.17
1779907137765,imu,accel_y,-0.17
1779907137765,imu,accel_z,9.77
1779907137765,imu,gyro_x,0.21
1779907137765,imu,gyro_y,0.37
1779907137765,imu,gyro_z,-0.29
1779907137765,imu,mag_x,29.400000000000002
1779907137765,imu,mag_y,-16.0
1779907137765,imu,mag_z,26.8
1779907137865,baro,presion,1013.7
1779907137865,baro,temp,20.4
1779907137865,baro,alt,500.3
1779907137965,gps,lat,-33.30011
1779907137965,gps,lon,-70.599678
1779907137965,gps,alt,500.0
1779907138768,imu,accel_x,-0.17
1779907138768,imu,accel_y,-0.79
1779907138768,imu,accel_z,9.85
1779907138768,imu,gyro_x,0.33
1779907138768,imu,gyro_y,0.16
1779907138768,imu,gyro_z,-0.21
1779907138768,imu,mag_x,-6.4
1779907138768,imu,mag_y,20.200000000000003
1779907138768,imu,mag_z,11.600000000000001
1779907138867,baro,presion,1013.8
1779907138867,baro,temp,19.97
1779907138867,baro,alt,499.6
1779907138967,gps,lat,-33.300475
1779907138967,gps,lon,-70.599728
1779907138967,gps,alt,502.0
1779907139770,imu,accel_x,-1.28
1779907139770,imu,accel_y,0.49
1779907139770,imu,accel_z,9.85
1779907139770,imu,gyro_x,-0.45
1779907139770,imu,gyro_y,-0.07
1779907139770,imu,gyro_z,-0.42
1779907139770,imu,mag_x,-25.0
1779907139770,imu,mag_y,-17.8
1779907139770,imu,mag_z,-6.800000000000001
1779907139870,baro,presion,1012.9
1779907139870,baro,temp,20.13
1779907139870,baro,alt,499.9
1779907139970,gps,lat,-33.299126
1779907139970,gps,lon,-70.600154
1779907139970,gps,alt,499.0
1779907140773,imu,accel_x,-1.3
1779907140773,imu,accel_y,-0.39
1779907140773,imu,accel_z,9.83
1779907140773,imu,gyro_x,0.32
1779907140773,imu,gyro_y,0.43
1779907140773,imu,gyro_z,-0.21
1779907140773,imu,mag_x,-5.2
1779907140773,imu,mag_y,15.100000000000001
1779907140773,imu,mag_z,12.5
1779907140872,baro,presion,1012.3
1779907140872,baro,temp,19.86
1779907140872,baro,alt,499.5
1779907140973,gps,lat,-33.300754
1779907140973,gps,lon,-70.600905
1779907140973,gps,alt,503.0
1779907141775,imu,accel_x,0.08
1779907141775,imu,accel_y,1.99
1779907141775,imu,accel_z,9.700000000000001
1779907141775,imu,gyro_x,0.34
1779907141775,imu,gyro_y,0.06
1779907141775,imu,gyro_z,0.32
1779907141775,imu,mag_x,-1.5
1779907141775,imu,mag_y,-27.1
1779907141775,imu,mag_z,19.900000000000002
1779907141874,baro,presion,1012.1
1779907141874,baro,temp,19.53
1779907141874,baro,alt,499.2
1779907141976,gps,lat,-33.300997
1779907141976,gps,lon,-70.599881
1779907141976,gps,alt,495.0
1779907142779,imu,accel_x,-0.7000000000000001
1779907142779,imu,accel_y,-0.99
1779907142779,imu,accel_z,9.86
1779907142779,imu,gyro_x,-0.5
1779907142779,imu,gyro_y,0.39
1779907142779,imu,gyro_z,0.4
1779907142779,imu,mag_x,-2.5
1779907142779,imu,mag_y,29.1
1779907142779,imu,mag_z,-10.700000000000001
1779907142879,baro,presion,1013.1
1779907142879,baro,temp,20.18
1779907142879,baro,alt,500.2
1779907142979,gps,lat,-33.300381
1779907142979,gps,lon,-70.599043
1779907142979,gps,alt,498.0
1779907143781,imu,accel_x,1.01
1779907143781,imu,accel_y,1.62
1779907143781,imu,accel_z,9.72
1779907143781,imu,gyro_x,-0.38
1779907143781,imu,gyro_y,0.23
1779907143781,imu,gyro_z,-0.49
1779907143781,imu,mag_x,-3.1
1779907143781,imu,mag_y,-6.4
1779907143781,imu,mag_z,29.5
1779907143881,baro,presion,1013.2
1779907143881,baro,temp,19.7
1779907143881,baro,alt,499.1
1779907143982,gps,lat,-33.299498
1779907143982,gps,lon,-70.600648
1779907143982,gps,alt,496.0
1779907144784,imu,accel_x,0.84
1779907144784,imu,accel_y,0.79
1779907144784,imu,accel_z,9.86
1779907144784,imu,gyro_x,0.18
1779907144784,imu,gyro_y,0.17
1779907144784,imu,gyro_z,0.29
1779907144784,imu,mag_x,-21.0
1779907144784,imu,mag_y,-10.5
1779907144784,imu,mag_z,-15.100000000000001
1779907144884,baro,presion,1013.0
1779907144884,baro,temp,19.58
1779907144884,baro,alt,500.6
1779907144984,gps,lat,-33.300042
1779907144984,gps,lon,-70.600945
1779907144984,gps,alt,499.0
1779907145786,imu,accel_x,1.85
1779907145786,imu,accel_y,0.65
1779907145786,imu,accel_z,9.700000000000001
1779907145786,imu,gyro_x,-0.3
1779907145786,imu,gyro_y,-0.42
1779907145786,imu,gyro_z,0.17
1779907145786,imu,mag_x,-3.6
1779907145786,imu,mag_y,26.400000000000002
1779907145786,imu,mag_z,11.100000000000001
1779907145886,baro,presion,1013.9
1779907145886,baro,temp,19.5
1779907145886,baro,alt,500.4
1779907145987,gps,lat,-33.299382
1779907145987,gps,lon,-70.599589
1779907145987,gps,alt,498.0
1779907146788,imu,accel_x,0.5
1779907146788,imu,accel_y,-1.16
1779907146788,imu,accel_z,9.76
1779907146788,imu,gyro_x,0.05
1779907146788,imu,gyro_y,-0.43
1779907146788,imu,gyro_z,0.16
1779907146788,imu,mag_x,5.4
1779907146788,imu,mag_y,23.200000000000003
1779907146788,imu,mag_z,25.3
1779907146889,baro,presion,1013.2
1779907146889,baro,temp,19.58
1779907146889,baro,alt,499.8
1779907146989,gps,lat,-33.300626
1779907146989,gps,lon,-70.60035
1779907146989,gps,alt,499.0
1779907147792,imu,accel_x,-1.45
1779907147792,imu,accel_y,0.58
1779907147792,imu,accel_z,9.870000000000001
1779907147792,imu,gyro_x,0.41000000000000003
1779907147792,imu,gyro_y,0.06
1779907147792,imu,gyro_z,0.11
1779907147792,imu,mag_x,-19.900000000000002
1779907147792,imu,mag_y,27.1
1779907147792,imu,mag_z,7.6000000000000005
1779907147892,baro,presion,1012.6
1779907147892,baro,temp,19.54
1779907147892,baro,alt,500.5
1779907147992,gps,lat,-33.300535
1779907147992,gps,lon,-70.599062
1779907147992,gps,alt,498.0
1779907148794,imu,accel_x,-1.57
1779907148794,imu,accel_y,-1.06
1779907148794,imu,accel_z,9.72
1779907148794,imu,gyro_x,-0.29
1779907148794,imu,gyro_y,0.29
1779907148794,imu,gyro_z,-0.1
1779907148794,imu,mag_x,17.7
1779907148794,imu,mag_y,-2.3000000000000003
1779907148794,imu,mag_z,3.2
1779907148894,baro,presion,1012.5
1779907148894,baro,temp,20.39
1779907148894,baro,alt,500.3
1779907148995,gps,lat,-33.299418
1779907148995,gps,lon,-70.600389
1779907148995,gps,alt,495.0
1779907149797,imu,accel_x,1.98
1779907149797,imu,accel_y,-1.62
1779907149797,imu,accel_z,9.83
1779907149797,imu,gyro_x,0.23
1779907149797,imu,gyro_y,-0.4
1779907149797,imu,gyro_z,0.25
1779907149797,imu,mag_x,-14.9
1779907149797,imu,mag_y,-14.9
1779907149797,imu,mag_z,21.200000000000003
1779907149896,baro,presion,1012.4
1779907149896,baro,temp,20.19
1779907149896,baro,alt,499.6
1779907149997,gps,lat,-33.300599
1779907149997,gps,lon,-70.599453
1779907149997,gps,alt,497.0
1779907150799,imu,accel_x,0.98
1779907150799,imu,accel_y,0.73
1779907150799,imu,accel_z,9.76
1779907150799,imu,gyro_x,-0.07
1779907150799,imu,gyro_y,0.02
1779907150799,imu,gyro_z,0.44
1779907150799,imu,mag_x,-2.7
1779907150799,imu,mag_y,-16.400000000000002
1779907150799,imu,mag_z,16.0
1779907150900,baro,presion,1012.2
1779907150900,baro,temp,19.81
1779907150900,baro,alt,500.3
1779907151001,gps,lat,-33.300519
1779907151001,gps,lon,-70.599405
1779907151001,gps,alt,499.0
1779907151803,imu,accel_x,-1.42
1779907151803,imu,accel_y,-1.18
1779907151803,imu,accel_z,9.89
1779907151803,imu,gyro_x,0.16
1779907151803,imu,gyro_y,0.28
1779907151803,imu,gyro_z,0.16
1779907151803,imu,mag_x,10.700000000000001
1779907151803,imu,mag_y,-17.900000000000002
1779907151803,imu,mag_z,20.400000000000002
1779907151902,baro,presion,1013.4
1779907151902,baro,temp,19.51
1779907151902,baro,alt,500.1
1779907152003,gps,lat,-33.299715
1779907152003,gps,lon,-70.599394
1779907152003,gps,alt,496.0
1779907152805,imu,accel_x,-1.42
1779907152805,imu,accel_y,0.05
1779907152805,imu,accel_z,9.71
1779907152805,imu,gyro_x,-0.15
1779907152805,imu,gyro_y,0.19
1779907152805,imu,gyro_z,-0.27
1779907152805,imu,mag_x,17.400000000000002
1779907152805,imu,mag_y,-13.3
1779907152805,imu,mag_z,11.100000000000001
1779907152905,baro,presion,1013.4
1779907152905,baro,temp,20.11
1779907152905,baro,alt,500.9
1779907153006,gps,lat,-33.299403
1779907153006,gps,lon,-70.600245
1779907153006,gps,alt,496.0
1779907153808,imu,accel_x,0.84
1779907153808,imu,accel_y,-1.62
1779907153808,imu,accel_z,9.77
1779907153808,imu,gyro_x,0.04
1779907153808,imu,gyro_y,0.12
1779907153808,imu,gyro_z,-0.11
1779907153808,imu,mag_x,13.200000000000001
1779907153808,imu,mag_y,27.8
1779907153808,imu,mag_z,0.4
1779907153907,baro,presion,1012.5
1779907153907,baro,temp,20.49
1779907153907,baro,alt,499.9
1779907154008,gps,lat,-33.300204
1779907154008,gps,lon,-70.599498
1779907154008,gps,alt,503.0
1779907154811,imu,accel_x,-1.45
1779907154811,imu,accel_y,0.31
1779907154811,imu,accel_z,9.790000000000001
1779907154811,imu,gyro_x,-0.14
1779907154811,imu,gyro_y,0.13
1779907154811,imu,gyro_z,0.31
1779907154811,imu,mag_x,18.8
1779907154811,imu,mag_y,-1.5
1779907154811,imu,mag_z,-23.6
1779907154910,baro,presion,1013.0
1779907154910,baro,temp,20.38
1779907154910,baro,alt,499.0
1779907155010,gps,lat,-33.299811
1779907155010,gps,lon,-70.599153
1779907155010,gps,alt,499.0
1779907155814,imu,accel_x,-0.07
1779907155814,imu,accel_y,-1.93
1779907155814,imu,accel_z,9.78
1779907155814,imu,gyro_x,-0.46
1779907155814,imu,gyro_y,-0.03
1779907155814,imu,gyro_z,-0.07
1779907155814,imu,mag_x,3.8000000000000003
1779907155814,imu,mag_y,-7.4
1779907155814,imu,mag_z,-2.7
1779907155913,baro,presion,1012.2
1779907155913,baro,temp,19.94
1779907155913,baro,alt,500.5
1779907156014,gps,lat,-33.300391
1779907156014,gps,lon,-70.599666
1779907156014,gps,alt,496.0
1779907156816,imu,accel_x,-0.37
1779907156816,imu,accel_y,-1.1400000000000001
1779907156816,imu,accel_z,9.82
1779907156816,imu,gyro_x,0.28
1779907156816,imu,gyro_y,0.18
1779907156816,imu,gyro_z,0.1
1779907156816,imu,mag_x,1.6
1779907156816,imu,mag_y,-20.400000000000002
1779907156816,imu,mag_z,8.700000000000001
1779907156915,baro,presion,1012.2
1779907156915,baro,temp,19.99
1779907156915,baro,alt,500.6
1779907157016,gps,lat,-33.299103
1779907157016,gps,lon,-70.600334
1779907157016,gps,alt,503.0
1779907157818,imu,accel_x,-0.5700000000000001
1779907157818,imu,accel_y,0.75
1779907157818,imu,accel_z,9.82
1779907157818,imu,gyro_x,0.06
1779907157818,imu,gyro_y,0.24
1779907157818,imu,gyro_z,0.41000000000000003
1779907157818,imu,mag_x,29.5
1779907157818,imu,mag_y,14.0
1779907157818,imu,mag_z,-6.800000000000001
1779907157919,baro,presion,1012.6
1779907157919,baro,temp,20.46
1779907157919,baro,alt,500.9
1779907158019,gps,lat,-33.300867
1779907158019,gps,lon,-70.59974
1779907158019,gps,alt,502.0
1779907158822,imu,accel_x,-0.05
1779907158822,imu,accel_y,-0.55
1779907158822,imu,accel_z,9.84
1779907158822,imu,gyro_x,0.4
1779907158822,imu,gyro_y,0.03
1779907158822,imu,gyro_z,0.43
1779907158822,imu,mag_x,-15.9
1779907158822,imu,mag_y,21.8
1779907158822,imu,mag_z,4.800000000000001
1779907158921,baro,presion,1012.2
1779907158921,baro,temp,19.84
1779907158921,baro,alt,499.3
1779907159021,gps,lat,-33.299395
1779907159021,gps,lon,-70.599737
1779907159021,gps,alt,503.0
1779907159824,imu,accel_x,1.99
1779907159824,imu,accel_y,-0.9
1779907159824,imu,accel_z,9.76
1779907159824,imu,gyro_x,0.06
1779907159824,imu,gyro_y,0.34
1779907159824,imu,gyro_z,0.41000000000000003
1779907159824,imu,mag_x,-22.900000000000002
1779907159824,imu,mag_y,16.0
1779907159824,imu,mag_z,6.300000000000001
1779907159924,baro,presion,1012.4
1779907159924,baro,temp,19.64
1779907159924,baro,alt,499.5
1779907160025,gps,lat,-33.300632
1779907160025,gps,lon,-70.600201
1779907160025,gps,alt,503.0
1779907160827,imu,accel_x,-1.3
1779907160827,imu,accel_y,-0.96
1779907160827,imu,accel_z,9.78
1779907160827,imu,gyro_x,0.42
1779907160827,imu,gyro_y,-0.36
1779907160827,imu,gyro_z,-0.49
1779907160827,imu,mag_x,22.1
1779907160827,imu,mag_y,-11.4
1779907160827,imu,mag_z,-24.200000000000003
1779907160926,baro,presion,1013.0
1779907160926,baro,temp,20.18
1779907160926,baro,alt,500.1
1779907161028,gps,lat,-33.299279
1779907161028,gps,lon,-70.599039
1779907161028,gps,alt,502.0
1779907161829,imu,accel_x,0.93
1779907161829,imu,accel_y,-1.56
1779907161829,imu,accel_z,9.73
1779907161829,imu,gyro_x,0.45
1779907161829,imu,gyro_y,-0.28
1779907161829,imu,gyro_z,0.48
1779907161829,imu,mag_x,-13.700000000000001
1779907161829,imu,mag_y,5.9
1779907161829,imu,mag_z,19.400000000000002
1779907161929,baro,presion,1012.4
1779907161929,baro,temp,20.32
1779907161929,baro,alt,499.7
1779907162029,gps,lat,-33.299627
1779907162029,gps,lon,-70.599243
1779907162029,gps,alt,501.0
1779907162832,imu,accel_x,-1.28
1779907162832,imu,accel_y,-0.33
1779907162832,imu,accel_z,9.74
1779907162832,imu,gyro_x,-0.41000000000000003
1779907162832,imu,gyro_y,0.13
1779907162832,imu,gyro_z,-0.01
1779907162832,imu,mag_x,10.5
1779907162832,imu,mag_y,-1.4000000000000001
1779907162832,imu,mag_z,7.7
1779907162932,baro,presion,1013.3
1779907162932,baro,temp,19.72
1779907162932,baro,alt,499.2
1779907163033,gps,lat,-33.299953
1779907163033,gps,lon,-70.599936
1779907163033,gps,alt,496.0
1779907163835,imu,accel_x,0.28
1779907163835,imu,accel_y,-0.64
1779907163835,imu,accel_z,9.72
1779907163835,imu,gyro_x,0.4
1779907163835,imu,gyro_y,0.12
1779907163835,imu,gyro_z,-0.49
1779907163835,imu,mag_x,5.9
1779907163835,imu,mag_y,-2.2
1779907163835,imu,mag_z,2.6
1779907163935,baro,presion,1012.8
1779907163935,baro,temp,20.02
1779907163935,baro,alt,500.4
1779907164036,gps,lat,-33.300831
1779907164036,gps,lon,-70.600101
1779907164036,gps,alt,495.0
1779907164837,imu,accel_x,-0.59
1779907164837,imu,accel_y,-0.29
1779907164837,imu,accel_z,9.86
1779907164837,imu,gyro_x,0.23
1779907164837,imu,gyro_y,-0.32
1779907164837,imu,gyro_z,-0.04
1779907164837,imu,mag_x,-5.5
1779907164837,imu,mag_y,26.700000000000003
1779907164837,imu,mag_z,-9.0
1779907164938,baro,presion,1012.7
1779907164938,baro,temp,20.39
1779907164938,baro,alt,499.6
1779907165038,gps,lat,-33.300644
1779907165038,gps,lon,-70.599094
1779907165038,gps,alt,496.0
1779907165840,imu,accel_x,-1.86
1779907165840,imu,accel_y,-0.77
1779907165840,imu,accel_z,9.84
1779907165840,imu,gyro_x,0.06
1779907165840,imu,gyro_y,0.4
1779907165840,imu,gyro_z,-0.14
1779907165840,imu,mag_x,3.9000000000000004
1779907165840,imu,mag_y,-6.300000000000001
1779907165840,imu,mag_z,13.5
1779907165940,baro,presion,1012.3
1779907165940,baro,temp,19.99
1779907165940,baro,alt,500.7
1779907166041,gps,lat,-33.30032
1779907166041,gps,lon,-70.600489
1779907166041,gps,alt,498.0
1779907166843,imu,accel_x,-1.41
1779907166843,imu,accel_y,1.45
1779907166843,imu,accel_z,9.72
1779907166843,imu,gyro_x,0.32
1779907166843,imu,gyro_y,0.45
1779907166843,imu,gyro_z,-0.39
1779907166843,imu,mag_x,-26.1
1779907166843,imu,mag_y,-23.8
1779907166843,imu,mag_z,-16.5
1779907166943,baro,presion,1013.2
1779907166943,baro,temp,19.68
1779907166943,baro,alt,499.3
1779907167043,gps,lat,-33.300703
1779907167043,gps,lon,-70.599232
1779907167043,gps,alt,497.0
1779907167846,imu,accel_x,-1.9000000000000001
1779907167846,imu,accel_y,-1.61
1779907167846,imu,accel_z,9.74
1779907167846,imu,gyro_x,-0.27
1779907167846,imu,gyro_y,0.47000000000000003
1779907167846,imu,gyro_z,0.19
1779907167846,imu,mag_x,-0.7000000000000001
1779907167846,imu,mag_y,-6.300000000000001
1779907167846,imu,mag_z,23.6
1779907167945,baro,presion,1012.6
1779907167945,baro,temp,20.26
1779907167945,baro,alt,499.3
1779907168046,gps,lat,-33.299269
1779907168046,gps,lon,-70.600935
1779907168046,gps,alt,500.0
1779907168849,imu,accel_x,0.3
1779907168849,imu,accel_y,0.37
1779907168849,imu,accel_z,9.76
1779907168849,imu,gyro_x,-0.05
1779907168849,imu,gyro_y,0.16
1779907168849,imu,gyro_z,0.33
1779907168849,imu,mag_x,-12.600000000000001
1779907168849,imu,mag_y,12.100000000000001
1779907168849,imu,mag_z,15.0
1779907168948,baro,presion,1012.5
1779907168948,baro,temp,19.87
1779907168948,baro,alt,499.2
1779907169048,gps,lat,-33.300039
1779907169048,gps,lon,-70.599204
1779907169048,gps,alt,502.0
1779907169851,imu,accel_x,0.81
1779907169851,imu,accel_y,1.69
1779907169851,imu,accel_z,9.86
1779907169851,imu,gyro_x,0.45
1779907169851,imu,gyro_y,0.44
1779907169851,imu,gyro_z,0.26
1779907169851,imu,mag_x,20.3
1779907169851,imu,mag_y,19.200000000000003
1779907169851,imu,mag_z,-25.3
1779907169951,baro,presion,1012.4
1779907169951,baro,temp,20.2
1779907169951,baro,alt,499.5
1779907170051,gps,lat,-33.300046
1779907170051,gps,lon,-70.599112
1779907170051,gps,alt,503.0
1779907170854,imu,accel_x,-1.26
1779907170854,imu,accel_y,0.19
1779907170854,imu,accel_z,9.71
1779907170854,imu,gyro_x,0.16
1779907170854,imu,gyro_y,-0.1
1779907170854,imu,gyro_z,0.36
1779907170854,imu,mag_x,23.3
1779907170854,imu,mag_y,-19.1
1779907170854,imu,mag_z,26.8
1779907170954,baro,presion,1013.0
1779907170954,baro,temp,20.23
1779907170954,baro,alt,500.1
1779907171054,gps,lat,-33.299835
1779907171054,gps,lon,-70.599499
1779907171054,gps,alt,496.0
1779907171857,imu,accel_x,-0.16
1779907171857,imu,accel_y,1.78
1779907171857,imu,accel_z,9.71
1779907171857,imu,gyro_x,-0.43
1779907171857,imu,gyro_y,0.0
1779907171857,imu,gyro_z,-0.32
1779907171857,imu,mag_x,-11.3
1779907171857,imu,mag_y,-17.8
1779907171857,imu,mag_z,13.9
1779907171957,baro,presion,1012.7
1779907171957,baro,temp,20.13
1779907171957,baro,alt,499.5
1779907172056,gps,lat,-33.299171
1779907172056,gps,lon,-70.599595
1779907172056,gps,alt,497.0
1779907172859,imu,accel_x,1.73
1779907172859,imu,accel_y,0.6900000000000001
1779907172859,imu,accel_z,9.76
1779907172859,imu,gyro_x,-0.16
1779907172859,imu,gyro_y,-0.04
1779907172859,imu,gyro_z,-0.19
1779907172859,imu,mag_x,-13.0
1779907172859,imu,mag_y,4.6000000000000005
1779907172859,imu,mag_z,-19.400000000000002
1779907172959,baro,presion,1012.6
1779907172959,baro,temp,19.79
1779907172959,baro,alt,500.4
1779907173060,gps,lat,-33.299967
1779907173060,gps,lon,-70.600211
1779907173060,gps,alt,498.0
1779907173862,imu,accel_x,-1.8
1779907173862,imu,accel_y,-1.6300000000000001
1779907173862,imu,accel_z,9.88
1779907173862,imu,gyro_x,-0.15
1779907173862,imu,gyro_y,0.15
1779907173862,imu,gyro_z,0.46
1779907173862,imu,mag_x,-11.8
1779907173862,imu,mag_y,4.800000000000001
1779907173862,imu,mag_z,8.200000000000001
1779907173962,baro,presion,1012.6
1779907173962,baro,temp,19.57
1779907173962,baro,alt,500.5
1779907174061,gps,lat,-33.300012
1779907174061,gps,lon,-70.600121
1779907174061,gps,alt,500.0
1779907174865,imu,accel_x,-0.6
1779907174865,imu,accel_y,1.1500000000000001
1779907174865,imu,accel_z,9.89
1779907174865,imu,gyro_x,-0.14
1779907174865,imu,gyro_y,-0.03
1779907174865,imu,gyro_z,-0.17
1779907174865,imu,mag_x,-22.6
1779907174865,imu,mag_y,29.900000000000002
1779907174865,imu,mag_z,2.1
1779907174964,baro,presion,1012.8
1779907174964,baro,temp,20.04
1779907174964,baro,alt,500.3
1779907175065,gps,lat,-33.299017
1779907175065,gps,lon,-70.600123
1779907175065,gps,alt,500.0
1779907175867,imu,accel_x,1.75
1779907175867,imu,accel_y,-1.8800000000000001
1779907175867,imu,accel_z,9.88
1779907175867,imu,gyro_x,-0.35000000000000003
1779907175867,imu,gyro_y,-0.46
1779907175867,imu,gyro_z,0.21
1779907175867,imu,mag_x,-19.0
1779907175867,imu,mag_y,27.400000000000002
1779907175867,imu,mag_z,22.900000000000002
1779907175967,baro,presion,1012.7
1779907175967,baro,temp,19.85
1779907175967,baro,alt,500.0
1779907176067,gps,lat,-33.300655
1779907176067,gps,lon,-70.600679
1779907176067,gps,alt,504.0
1779907176870,imu,accel_x,1.1500000000000001
1779907176870,imu,accel_y,-0.9
1779907176870,imu,accel_z,9.790000000000001
1779907176870,imu,gyro_x,-0.15
1779907176870,imu,gyro_y,0.0
1779907176870,imu,gyro_z,-0.28
1779907176870,imu,mag_x,-8.8
1779907176870,imu,mag_y,-19.700000000000003
1779907176870,imu,mag_z,28.400000000000002
1779907176970,baro,presion,1012.0
1779907176970,baro,temp,19.92
1779907176970,baro,alt,499.8
1779907177071,gps,lat,-33.300911
1779907177071,gps,lon,-70.600937
1779907177071,gps,alt,502.0
1779907177872,imu,accel_x,0.29
1779907177872,imu,accel_y,0.97
1779907177872,imu,accel_z,9.790000000000001
1779907177872,imu,gyro_x,0.13
1779907177872,imu,gyro_y,-0.16
1779907177872,imu,gyro_z,-0.07
1779907177872,imu,mag_x,0.7000000000000001
1779907177872,imu,mag_y,-14.8
1779907177872,imu,mag_z,23.1
1779907177973,baro,presion,1012.7
1779907177973,baro,temp,19.57
1779907177973,baro,alt,499.4
1779907178073,gps,lat,-33.300202
1779907178073,gps,lon,-70.60019
1779907178073,gps,alt,502.0
1779907178876,imu,accel_x,-1.58
1779907178876,imu,accel_y,1.81
1779907178876,imu,accel_z,9.75
1779907178876,imu,gyro_x,0.19
1779907178876,imu,gyro_y,0.42
1779907178876,imu,gyro_z,-0.19
1779907178876,imu,mag_x,-16.0
1779907178876,imu,mag_y,-3.5
1779907178876,imu,mag_z,-25.900000000000002
1779907178975,baro,presion,1013.2
1779907178975,baro,temp,19.75
1779907178975,baro,alt,500.7
1779907179076,gps,lat,-33.300838
1779907179076,gps,lon,-70.599044
1779907179076,gps,alt,498.0
1779907179878,imu,accel_x,-1.54
1779907179878,imu,accel_y,0.07
1779907179878,imu,accel_z,9.700000000000001
1779907179878,imu,gyro_x,-0.41000000000000003
1779907179878,imu,gyro_y,0.47000000000000003
1779907179878,imu,gyro_z,-0.29
1779907179878,imu,mag_x,-17.2
1779907179878,imu,mag_y,-20.900000000000002
1779907179878,imu,mag_z,17.900000000000002
1779907179978,baro,presion,1013.4
1779907179978,baro,temp,20.36
1779907179978,baro,alt,500.2
1779907180077,gps,lat,-33.299775
1779907180077,gps,lon,-70.599366
1779907180077,gps,alt,495.0
1779907180881,imu,accel_x,1.12
1779907180881,imu,accel_y,-1.1500000000000001
1779907180881,imu,accel_z,9.81
1779907180881,imu,gyro_x,0.42
1779907180881,imu,gyro_y,0.11
1779907180881,imu,gyro_z,0.16
1779907180881,imu,mag_x,4.5
1779907180881,imu,mag_y,23.400000000000002
1779907180881,imu,mag_z,-24.0
1779907180980,baro,presion,1012.6
1779907180980,baro,temp,19.6
1779907180980,baro,alt,499.6
1779907181080,gps,lat,-33.30018
1779907181080,gps,lon,-70.600335
1779907181080,gps,alt,497.0
1779907181883,imu,accel_x,1.17
1779907181883,imu,accel_y,-0.2
1779907181883,imu,accel_z,9.78
1779907181883,imu,gyro_x,0.32
1779907181883,imu,gyro_y,0.42
1779907181883,imu,gyro_z,-0.09
1779907181883,imu,mag_x,26.900000000000002
1779907181883,imu,mag_y,-17.8
1779907181883,imu,mag_z,-10.600000000000001
1779907181983,baro,presion,1012.5
1779907181983,baro,temp,20.26
1779907181983,baro,alt,500.1
1779907182083,gps,lat,-33.299756
1779907182083,gps,lon,-70.599608
1779907182083,gps,alt,498.0
1779907182886,imu,accel_x,-1.81
1779907182886,imu,accel_y,1.32
1779907182886,imu,accel_z,9.74
1779907182886,imu,gyro_x,-0.07
1779907182886,imu,gyro_y,-0.11
1779907182886,imu,gyro_z,0.06
1779907182886,imu,mag_x,-27.8
1779907182886,imu,mag_y,24.0
1779907182886,imu,mag_z,5.1000000000000005
1779907182985,baro,presion,1012.3
1779907182985,baro,temp,19.6
1779907182985,baro,alt,499.4
1779907183086,gps,lat,-33.300136
1779907183086,gps,lon,-70.599226
1779907183086,gps,alt,499.0
1779907183888,imu,accel_x,1.41
1779907183888,imu,accel_y,-0.49
1779907183888,imu,accel_z,9.73
1779907183888,imu,gyro_x,0.2
1779907183888,imu,gyro_y,0.41000000000000003
1779907183888,imu,gyro_z,0.39
1779907183888,imu,mag_x,-0.30000000000000004
1779907183888,imu,mag_y,10.100000000000001
1779907183888,imu,mag_z,4.9
1779907183988,baro,presion,1012.9
1779907183988,baro,temp,20.47
1779907183988,baro,alt,499.6
1779907184090,gps,lat,-33.300315
1779907184090,gps,lon,-70.599812
1779907184090,gps,alt,498.0
1779907184890,imu,accel_x,0.3
1779907184890,imu,accel_y,-1.17
1779907184890,imu,accel_z,9.84
1779907184890,imu,gyro_x,-0.05
1779907184890,imu,gyro_y,0.11
1779907184890,imu,gyro_z,0.19
1779907184890,imu,mag_x,-14.100000000000001
1779907184890,imu,mag_y,29.8
1779907184890,imu,mag_z,-21.8
1779907184991,baro,presion,1013.5
1779907184991,baro,temp,19.88
1779907184991,baro,alt,500.5
1779907185091,gps,lat,-33.30045
1779907185091,gps,lon,-70.600018
1779907185091,gps,alt,500.0
1779907185895,imu,accel_x,1.22
1779907185895,imu,accel_y,0.44
1779907185895,imu,accel_z,9.77
1779907185895,imu,gyro_x,-0.43
1779907185895,imu,gyro_y,-0.2
1779907185895,imu,gyro_z,-0.4
1779907185895,imu,mag_x,8.200000000000001
1779907185895,imu,mag_y,19.1
1779907185895,imu,mag_z,15.100000000000001
1779907185994,baro,presion,1013.1
1779907185994,baro,temp,20.15
1779907185994,baro,alt,499.6
1779907186094,gps,lat,-33.300954
1779907186094,gps,lon,-70.599473
1779907186094,gps,alt,504.0
1779907186897,imu,accel_x,1.78
1779907186897,imu,accel_y,1.1
1779907186897,imu,accel_z,9.77
1779907186897,imu,gyro_x,0.01
1779907186897,imu,gyro_y,-0.09
1779907186897,imu,gyro_z,-0.2
1779907186897,imu,mag_x,-24.1
1779907186897,imu,mag_y,11.9
1779907186897,imu,mag_z,-2.8000000000000003
1779907186996,baro,presion,1012.3
1779907186996,baro,temp,20.48
1779907186996,baro,alt,499.1
1779907187097,gps,lat,-33.299738
1779907187097,gps,lon,-70.600644
1779907187097,gps,alt,504.0
1779907187899,imu,accel_x,-1.95
1779907187899,imu,accel_y,-0.93
1779907187899,imu,accel_z,9.83
1779907187899,imu,gyro_x,0.29
1779907187899,imu,gyro_y,0.08
1779907187899,imu,gyro_z,0.11
1779907187899,imu,mag_x,3.9000000000000004
1779907187899,imu,mag_y,-9.5
1779907187899,imu,mag_z,9.8
1779907187999,baro,presion,1013.5
1779907187999,baro,temp,20.15
1779907187999,baro,alt,499.4
1779907188100,gps,lat,-33.299629
1779907188100,gps,lon,-70.600051
1779907188100,gps,alt,502.0
1779907188901,imu,accel_x,-0.71
1779907188901,imu,accel_y,-0.42
1779907188901,imu,accel_z,9.86
1779907188901,imu,gyro_x,0.09
1779907188901,imu,gyro_y,0.35000000000000003
1779907188901,imu,gyro_z,-0.09
1779907188901,imu,mag_x,-13.4
1779907188901,imu,mag_y,4.7
1779907188901,imu,mag_z,-23.400000000000002
1779907189001,baro,presion,1013.9
1779907189001,baro,temp,20.29
1779907189001,baro,alt,500.5
1779907189103,gps,lat,-33.300549
1779907189103,gps,lon,-70.600546
1779907189103,gps,alt,503.0
1779907189905,imu,accel_x,0.2
1779907189905,imu,accel_y,1.73
1779907189905,imu,accel_z,9.84
1779907189905,imu,gyro_x,-0.49
1779907189905,imu,gyro_y,-0.02
1779907189905,imu,gyro_z,-0.1
1779907189905,imu,mag_x,10.600000000000001
1779907189905,imu,mag_y,-26.3
1779907189905,imu,mag_z,24.5
1779907190004,baro,presion,1013.0
1779907190004,baro,temp,19.75
1779907190004,baro,alt,500.6
1779907190105,gps,lat,-33.300509
1779907190105,gps,lon,-70.600996
1779907190105,gps,alt,503.0
1779907190908,imu,accel_x,-0.61
1779907190908,imu,accel_y,-1.05
1779907190908,imu,accel_z,9.76
1779907190908,imu,gyro_x,0.27
1779907190908,imu,gyro_y,0.36
1779907190908,imu,gyro_z,0.48
1779907190908,imu,mag_x,17.7
1779907190908,imu,mag_y,18.5
1779907190908,imu,mag_z,-29.400000000000002
1779907191007,baro,presion,1013.0
1779907191007,baro,temp,19.88
1779907191007,baro,alt,500.0
1779907191108,gps,lat,-33.300601
1779907191108,gps,lon,-70.60088
1779907191108,gps,alt,495.0
1779907191909,imu,accel_x,-0.2
1779907191909,imu,accel_y,-1.78
1779907191909,imu,accel_z,9.83
1779907191909,imu,gyro_x,0.43
1779907191909,imu,gyro_y,-0.42
1779907191909,imu,gyro_z,0.28
1779907191909,imu,mag_x,27.6
1779907191909,imu,mag_y,3.8000000000000003
1779907191909,imu,mag_z,6.2
1779907192010,baro,presion,1013.5
1779907192010,baro,temp,19.81
1779907192010,baro,alt,499.2
1779907192110,gps,lat,-33.29942
1779907192110,gps,lon,-70.600671
1779907192110,gps,alt,498.0
1779907192913,imu,accel_x,-1.85
1779907192913,imu,accel_y,1.12
1779907192913,imu,accel_z,9.88
1779907192913,imu,gyro_x,-0.02
1779907192913,imu,gyro_y,0.46
1779907192913,imu,gyro_z,0.49
1779907192913,imu,mag_x,-10.5
1779907192913,imu,mag_y,4.1000000000000005
1779907192913,imu,mag_z,-11.200000000000001
1779907193013,baro,presion,1012.5
1779907193013,baro,temp,20.1
1779907193013,baro,alt,500.4
1779907193113,gps,lat,-33.300749
1779907193113,gps,lon,-70.600643
1779907193113,gps,alt,499.0
1779907193916,imu,accel_x,0.32
1779907193916,imu,accel_y,1.37
1779907193916,imu,accel_z,9.81
1779907193916,imu,gyro_x,-0.18
1779907193916,imu,gyro_y,-0.29
1779907193916,imu,gyro_z,0.46
1779907193916,imu,mag_x,22.8
1779907193916,imu,mag_y,-3.3000000000000003
1779907193916,imu,mag_z,-22.400000000000002
1779907194015,baro,presion,1012.8
1779907194015,baro,temp,20.45
1779907194015,baro,alt,500.5
1779907194117,gps,lat,-33.299865
1779907194117,gps,lon,-70.600842
1779907194117,gps,alt,504.0
1779907194919,imu,accel_x,1.07
1779907194919,imu,accel_y,1.8
1779907194919,imu,accel_z,9.81
1779907194919,imu,gyro_x,-0.08
1779907194919,imu,gyro_y,-0.32
1779907194919,imu,gyro_z,0.38
1779907194919,imu,mag_x,-27.0
1779907194919,imu,mag_y,-3.7
1779907194919,imu,mag_z,-21.700000000000003
1779907195018,baro,presion,1012.5
1779907195018,baro,temp,20.17
1779907195018,baro,alt,499.7
1779907195119,gps,lat,-33.300683
1779907195119,gps,lon,-70.599296
1779907195119,gps,alt,500.0
1779907195921,imu,accel_x,1.61
1779907195921,imu,accel_y,-0.34
1779907195921,imu,accel_z,9.8
1779907195921,imu,gyro_x,-0.18
1779907195921,imu,gyro_y,-0.5
1779907195921,imu,gyro_z,0.28
1779907195921,imu,mag_x,19.6
1779907195921,imu,mag_y,-24.6
1779907195921,imu,mag_z,-2.3000000000000003
1779907196021,baro,presion,1013.2
1779907196021,baro,temp,19.98
1779907196021,baro,alt,499.2
1779907196122,gps,lat,-33.300912
1779907196122,gps,lon,-70.599471
1779907196122,gps,alt,503.0
1779907196923,imu,accel_x,-1.11
1779907196923,imu,accel_y,0.22
1779907196923,imu,accel_z,9.86
1779907196923,imu,gyro_x,0.03
1779907196923,imu,gyro_y,0.36
1779907196923,imu,gyro_z,0.43
1779907196923,imu,mag_x,-29.900000000000002
1779907196923,imu,mag_y,22.700000000000003
1779907196923,imu,mag_z,25.1
1779907197023,baro,presion,1013.1
1779907197023,baro,temp,20.38
1779907197023,baro,alt,500.8
1779907197124,gps,lat,-33.300121
1779907197124,gps,lon,-70.599536
1779907197124,gps,alt,497.0
1779907197927,imu,accel_x,-1.3
1779907197927,imu,accel_y,0.42
1779907197927,imu,accel_z,9.89
1779907197927,imu,gyro_x,-0.01
1779907197927,imu,gyro_y,-0.39
1779907197927,imu,gyro_z,-0.04
1779907197927,imu,mag_x,16.1
1779907197927,imu,mag_y,-0.7000000000000001
1779907197927,imu,mag_z,-18.5
1779907198026,baro,presion,1012.0
1779907198026,baro,temp,20.28
1779907198026,baro,alt,500.4
1779907198127,gps,lat,-33.300414
1779907198127,gps,lon,-70.599532
1779907198127,gps,alt,495.0
1779907198930,imu,accel_x,-0.43
1779907198930,imu,accel_y,1.29
1779907198930,imu,accel_z,9.790000000000001
1779907198930,imu,gyro_x,-0.46
1779907198930,imu,gyro_y,-0.43
1779907198930,imu,gyro_z,0.48
1779907198930,imu,mag_x,2.8000000000000003
1779907198930,imu,mag_y,-16.6
1779907198930,imu,mag_z,27.900000000000002
1779907199028,baro,presion,1013.3
1779907199028,baro,temp,19.51
1779907199028,baro,alt,500.2
1779907199130,gps,lat,-33.300259
1779907199130,gps,lon,-70.599465
1779907199130,gps,alt,496.0
1779907199932,imu,accel_x,0.55
1779907199932,imu,accel_y,-0.31
1779907199932,imu,accel_z,9.8
1779907199932,imu,gyro_x,-0.47000000000000003
1779907199932,imu,gyro_y,0.31
1779907199932,imu,gyro_z,-0.03
1779907199932,imu,mag_x,2.7
1779907199932,imu,mag_y,14.5
1779907199932,imu,mag_z,19.900000000000002
1779907200032,baro,presion,1012.3
1779907200032,baro,temp,19.9
1779907200032,baro,alt,499.5
1779907200132,gps,lat,-33.299212
1779907200132,gps,lon,-70.599314
1779907200132,gps,alt,495.0
1779907200935,imu,accel_x,-0.46
1779907200935,imu,accel_y,0.93
1779907200935,imu,accel_z,9.72
1779907200935,imu,gyro_x,-0.36
1779907200935,imu,gyro_y,0.17
1779907200935,imu,gyro_z,-0.19
1779907200935,imu,mag_x,7.2
1779907200935,imu,mag_y,5.800000000000001
1779907200935,imu,mag_z,-0.7000000000000001
1779907201034,baro,presion,1012.9
1779907201034,baro,temp,19.89
1779907201034,baro,alt,500.1
1779907201134,gps,lat,-33.299395
1779907201134,gps,lon,-70.600281
1779907201134,gps,alt,498.0
1779907201938,imu,accel_x,-1.18
1779907201938,imu,accel_y,1.49
1779907201938,imu,accel_z,9.86
1779907201938,imu,gyro_x,0.27
1779907201938,imu,gyro_y,0.1
1779907201938,imu,gyro_z,0.15
1779907201938,imu,mag_x,13.3
1779907201938,imu,mag_y,-24.400000000000002
1779907201938,imu,mag_z,12.200000000000001
1779907202037,baro,presion,1013.8
1779907202037,baro,temp,19.82
1779907202037,baro,alt,500.8
1779907202138,gps,lat,-33.300819
1779907202138,gps,lon,-70.600934
1779907202138,gps,alt,503.0
1779907202940,imu,accel_x,-1.46
1779907202940,imu,accel_y,1.4000000000000001
1779907202940,imu,accel_z,9.88
1779907202940,imu,gyro_x,-0.21
1779907202940,imu,gyro_y,-0.5
1779907202940,imu,gyro_z,0.06
1779907202940,imu,mag_x,-14.100000000000001
1779907202940,imu,mag_y,15.4
1779907202940,imu,mag_z,1.8
1779907203040,baro,presion,1012.4
1779907203040,baro,temp,19.67
1779907203040,baro,alt,500.6
1779907203141,gps,lat,-33.300276
1779907203141,gps,lon,-70.600337
1779907203141,gps,alt,495.0
1779907203942,imu,accel_x,-0.44
1779907203942,imu,accel_y,-1.3
1779907203942,imu,accel_z,9.78
1779907203942,imu,gyro_x,-0.34
1779907203942,imu,gyro_y,0.17
1779907203942,imu,gyro_z,0.44
1779907203942,imu,mag_x,13.700000000000001
1779907203942,imu,mag_y,16.3
1779907203942,imu,mag_z,7.5
1779907204042,baro,presion,1012.3
1779907204042,baro,temp,19.98
1779907204042,baro,alt,500.4
1779907204143,gps,lat,-33.300287
1779907204143,gps,lon,-70.600497
1779907204143,gps,alt,498.0
1779907204946,imu,accel_x,-1.67
1779907204946,imu,accel_y,-1.3
1779907204946,imu,accel_z,9.89
1779907204946,imu,gyro_x,0.35000000000000003
1779907204946,imu,gyro_y,0.41000000000000003
1779907204946,imu,gyro_z,0.46
1779907204946,imu,mag_x,13.100000000000001
1779907204946,imu,mag_y,2.5
1779907204946,imu,mag_z,5.7
1779907205046,baro,presion,1013.3
1779907205046,baro,temp,20.0
1779907205046,baro,alt,500.4
1779907205146,gps,lat,-33.300638
1779907205146,gps,lon,-70.599408
1779907205146,gps,alt,501.0
1779907205948,imu,accel_x,-0.44
1779907205948,imu,accel_y,1.59
1779907205948,imu,accel_z,9.72
1779907205948,imu,gyro_x,-0.3
1779907205948,imu,gyro_y,-0.1
1779907205948,imu,gyro_z,-0.32
1779907205948,imu,mag_x,-17.400000000000002
1779907205948,imu,mag_y,3.3000000000000003
1779907205948,imu,mag_z,8.700000000000001
1779907206048,baro,presion,1012.4
1779907206048,baro,temp,20.33
1779907206048,baro,alt,499.9
1779907206148,gps,lat,-33.300823
1779907206148,gps,lon,-70.600806
1779907206148,gps,alt,504.0
1779907206950,imu,accel_x,-0.63
1779907206950,imu,accel_y,-0.3
1779907206950,imu,accel_z,9.71
1779907206950,imu,gyro_x,0.32
1779907206950,imu,gyro_y,0.49
1779907206950,imu,gyro_z,0.19
1779907206950,imu,mag_x,-26.0
1779907206950,imu,mag_y,14.200000000000001
1779907206950,imu,mag_z,-0.7000000000000001
1779907207051,baro,presion,1013.4
1779907207051,baro,temp,19.55
1779907207051,baro,alt,500.5
1779907207151,gps,lat,-33.300972
1779907207151,gps,lon,-70.599048
1779907207151,gps,alt,500.0
1779907207953,imu,accel_x,-1.04
1779907207953,imu,accel_y,1.97
1779907207953,imu,accel_z,9.870000000000001
1779907207953,imu,gyro_x,-0.3
1779907207953,imu,gyro_y,-0.02
1779907207953,imu,gyro_z,0.43
1779907207953,imu,mag_x,20.200000000000003
1779907207953,imu,mag_y,5.7
1779907207953,imu,mag_z,-4.9
1779907208053,baro,presion,1012.3
1779907208053,baro,temp,20.32
1779907208053,baro,alt,499.8
1779907208153,gps,lat,-33.299681
1779907208153,gps,lon,-70.600717
1779907208153,gps,alt,501.0
1779907208956,imu,accel_x,-1.67
1779907208956,imu,accel_y,1.96
1779907208956,imu,accel_z,9.85
1779907208956,imu,gyro_x,0.27
1779907208956,imu,gyro_y,0.18
1779907208956,imu,gyro_z,0.45
1779907208956,imu,mag_x,4.5
1779907208956,imu,mag_y,8.0
1779907208956,imu,mag_z,20.400000000000002
1779907209056,baro,presion,1013.4
1779907209056,baro,temp,19.88
1779907209056,baro,alt,500.1
1779907209157,gps,lat,-33.299856
1779907209157,gps,lon,-70.59999
1779907209157,gps,alt,497.0
1779907209959,imu,accel_x,-1.22
1779907209959,imu,accel_y,0.96
1779907209959,imu,accel_z,9.86
1779907209959,imu,gyro_x,-0.28
1779907209959,imu,gyro_y,-0.41000000000000003
1779907209959,imu,gyro_z,-0.33
1779907209959,imu,mag_x,21.6
1779907209959,imu,mag_y,22.3
1779907209959,imu,mag_z,-6.4
1779907210059,baro,presion,1012.6
1779907210059,baro,temp,19.8
1779907210059,baro,alt,500.9
1779907210159,gps,lat,-33.300281
1779907210159,gps,lon,-70.600427
1779907210159,gps,alt,497.0
1779907210961,imu,accel_x,1.55
1779907210961,imu,accel_y,1.55
1779907210961,imu,accel_z,9.76
1779907210961,imu,gyro_x,-0.42
1779907210961,imu,gyro_y,-0.36
1779907210961,imu,gyro_z,0.2
1779907210961,imu,mag_x,-13.600000000000001
1779907210961,imu,mag_y,-16.5
1779907210961,imu,mag_z,20.0
1779907211062,baro,presion,1013.5
1779907211062,baro,temp,19.96
1779907211062,baro,alt,500.1
1779907211162,gps,lat,-33.300195
1779907211162,gps,lon,-70.599205
1779907211162,gps,alt,500.0
1779907211965,imu,accel_x,-1.27
1779907211965,imu,accel_y,0.41000000000000003
1779907211965,imu,accel_z,9.790000000000001
1779907211965,imu,gyro_x,-0.39
1779907211965,imu,gyro_y,0.41000000000000003
1779907211965,imu,gyro_z,-0.06
1779907211965,imu,mag_x,25.1
1779907211965,imu,mag_y,-6.9
1779907211965,imu,mag_z,-2.4000000000000004
1779907212063,baro,presion,1012.8
1779907212063,baro,temp,20.33
1779907212063,baro,alt,500.1
1779907212164,gps,lat,-33.29948
1779907212164,gps,lon,-70.599744
1779907212164,gps,alt,500.0
1779907212967,imu,accel_x,-1.06
1779907212967,imu,accel_y,0.8200000000000001
1779907212967,imu,accel_z,9.8
1779907212967,imu,gyro_x,-0.26
1779907212967,imu,gyro_y,0.14
1779907212967,imu,gyro_z,0.3
1779907212967,imu,mag_x,-1.4000000000000001
1779907212967,imu,mag_y,-27.200000000000003
1779907212967,imu,mag_z,5.0
1779907213067,baro,presion,1012.1
1779907213067,baro,temp,19.57
1779907213067,baro,alt,499.6
1779907213168,gps,lat,-33.300152
1779907213168,gps,lon,-70.599977
1779907213168,gps,alt,495.0
1779907213970,imu,accel_x,-1.57
1779907213970,imu,accel_y,-0.26
1779907213970,imu,accel_z,9.89
1779907213970,imu,gyro_x,0.17
1779907213970,imu,gyro_y,0.19
1779907213970,imu,gyro_z,-0.19
1779907213970,imu,mag_x,22.6
1779907213970,imu,mag_y,12.0
1779907213970,imu,mag_z,-6.6000000000000005
1779907214070,baro,presion,1013.5
1779907214070,baro,temp,20.16
1779907214070,baro,alt,500.2
1779907214169,gps,lat,-33.300302
1779907214169,gps,lon,-70.599117
1779907214169,gps,alt,497.0
1779907214972,imu,accel_x,1.95
1779907214972,imu,accel_y,-0.84
1779907214972,imu,accel_z,9.72
1779907214972,imu,gyro_x,-0.08
1779907214972,imu,gyro_y,-0.2
1779907214972,imu,gyro_z,-0.28
1779907214972,imu,mag_x,-11.700000000000001
1779907214972,imu,mag_y,-18.6
1779907214972,imu,mag_z,-23.900000000000002
1779907215072,baro,presion,1012.3
1779907215072,baro,temp,20.02
1779907215072,baro,alt,499.1
1779907215172,gps,lat,-33.300575
1779907215172,gps,lon,-70.599386
1779907215172,gps,alt,499.0
1779907215975,imu,accel_x,-0.58
1779907215975,imu,accel_y,-1.02
1779907215975,imu,accel_z,9.790000000000001
1779907215975,imu,gyro_x,-0.3
1779907215975,imu,gyro_y,-0.15
1779907215975,imu,gyro_z,-0.08
1779907215975,imu,mag_x,1.4000000000000001
1779907215975,imu,mag_y,-5.2
1779907215975,imu,mag_z,-8.9
1779907216075,baro,presion,1012.9
1779907216075,baro,temp,19.57
1779907216075,baro,alt,500.1
1779907216176,gps,lat,-33.300711
1779907216176,gps,lon,-70.600588
1779907216176,gps,alt,495.0
1779907216977,imu,accel_x,0.28
1779907216977,imu,accel_y,-1.3
1779907216977,imu,accel_z,9.790000000000001
1779907216977,imu,gyro_x,0.48
1779907216977,imu,gyro_y,0.41000000000000003
1779907216977,imu,gyro_z,0.26
1779907216977,imu,mag_x,-17.8
1779907216977,imu,mag_y,-9.1
1779907216977,imu,mag_z,6.300000000000001
1779907217077,baro,presion,1013.4
1779907217077,baro,temp,20.34
1779907217077,baro,alt,499.0
1779907217177,gps,lat,-33.299915
1779907217177,gps,lon,-70.599002
1779907217177,gps,alt,497.0
1779907217981,imu,accel_x,-0.17
1779907217981,imu,accel_y,1.84
1779907217981,imu,accel_z,9.75
1779907217981,imu,gyro_x,-0.33
1779907217981,imu,gyro_y,-0.35000000000000003
1779907217981,imu,gyro_z,0.24
1779907217981,imu,mag_x,1.3
1779907217981,imu,mag_y,21.0
1779907217981,imu,mag_z,-6.300000000000001
1779907218080,baro,presion,1013.2
1779907218080,baro,temp,20.33
1779907218080,baro,alt,500.1
1779907218181,gps,lat,-33.300593
1779907218181,gps,lon,-70.600501
1779907218181,gps,alt,500.0
1779907218983,imu,accel_x,0.31
1779907218983,imu,accel_y,-0.05
1779907218983,imu,accel_z,9.74
1779907218983,imu,gyro_x,0.01
1779907218983,imu,gyro_y,-0.45
1779907218983,imu,gyro_z,-0.23
1779907218983,imu,mag_x,-20.8
1779907218983,imu,mag_y,-8.200000000000001
1779907218983,imu,mag_z,29.6
1779907219082,baro,presion,1012.4
1779907219082,baro,temp,19.56
1779907219082,baro,alt,500.1
1779907219184,gps,lat,-33.300282
1779907219184,gps,lon,-70.60036
1779907219184,gps,alt,497.0
1779907219986,imu,accel_x,0.17
1779907219986,imu,accel_y,1.51
1779907219986,imu,accel_z,9.78
1779907219986,imu,gyro_x,0.37
1779907219986,imu,gyro_y,-0.17
1779907219986,imu,gyro_z,0.1
1779907219986,imu,mag_x,-12.3
1779907219986,imu,mag_y,-13.4
1779907219986,imu,mag_z,-15.9
1779907220086,baro,presion,1013.8
1779907220086,baro,temp,19.57
1779907220086,baro,alt,500.4
1779907220186,gps,lat,-33.299303
1779907220186,gps,lon,-70.600665
1779907220186,gps,alt,501.0
1779907220989,imu,accel_x,1.28
1779907220989,imu,accel_y,0.39
1779907220989,imu,accel_z,9.89
1779907220989,imu,gyro_x,-0.03
1779907220989,imu,gyro_y,0.32
1779907220989,imu,gyro_z,-0.27
1779907220989,imu,mag_x,2.4000000000000004
1779907220989,imu,mag_y,-17.900000000000002
1779907220989,imu,mag_z,-29.700000000000003
1779907221088,baro,presion,1012.4
1779907221088,baro,temp,20.14
1779907221088,baro,alt,500.7
1779907221188,gps,lat,-33.300691
1779907221188,gps,lon,-70.600735
1779907221188,gps,alt,497.0
1779907221991,imu,accel_x,-0.08
1779907221991,imu,accel_y,-1.21
1779907221991,imu,accel_z,9.89
1779907221991,imu,gyro_x,-0.05
1779907221991,imu,gyro_y,0.34
1779907221991,imu,gyro_z,0.3
1779907221991,imu,mag_x,-17.3
1779907221991,imu,mag_y,-25.700000000000003
1779907221991,imu,mag_z,18.3
1779907222091,baro,presion,1013.4
1779907222091,baro,temp,19.98
1779907222091,baro,alt,499.6
1779907222191,gps,lat,-33.299819
1779907222191,gps,lon,-70.600097
1779907222191,gps,alt,498.0
1779907222994,imu,accel_x,0.28
1779907222994,imu,accel_y,-0.29
1779907222994,imu,accel_z,9.74
1779907222994,imu,gyro_x,-0.08
1779907222994,imu,gyro_y,-0.49
1779907222994,imu,gyro_z,-0.16
1779907222994,imu,mag_x,-7.9
1779907222994,imu,mag_y,14.8
1779907222994,imu,mag_z,1.2000000000000002
1779907223093,baro,presion,1013.0
1779907223093,baro,temp,20.19
1779907223093,baro,alt,500.0
1779907223195,gps,lat,-33.299717
1779907223195,gps,lon,-70.599547
1779907223195,gps,alt,502.0
1779907223997,imu,accel_x,1.1500000000000001
1779907223997,imu,accel_y,0.25
1779907223997,imu,accel_z,9.71
1779907223997,imu,gyro_x,-0.17
1779907223997,imu,gyro_y,0.11
1779907223997,imu,gyro_z,-0.12
1779907223997,imu,mag_x,13.5
1779907223997,imu,mag_y,-17.8
1779907223997,imu,mag_z,5.9
1779907224096,baro,presion,1013.8
1779907224096,baro,temp,20.01
1779907224096,baro,alt,500.9
1779907224197,gps,lat,-33.300166
1779907224197,gps,lon,-70.599883
1779907224197,gps,alt,499.0
1779907225000,imu,accel_x,1.86
1779907225000,imu,accel_y,0.86
1779907225000,imu,accel_z,9.84
1779907225000,imu,gyro_x,0.19
1779907225000,imu,gyro_y,-0.43
1779907225000,imu,gyro_z,0.3
1779907225000,imu,mag_x,2.2
1779907225000,imu,mag_y,21.1
1779907225000,imu,mag_z,-3.7
1779907225099,baro,presion,1013.6
1779907225099,baro,temp,20.28
1779907225099,baro,alt,500.4
1779907225200,gps,lat,-33.29967
1779907225200,gps,lon,-70.599881
1779907225200,gps,alt,503.0
1779907226002,imu,accel_x,-1.58
1779907226002,imu,accel_y,-1.93
1779907226002,imu,accel_z,9.78
1779907226002,imu,gyro_x,-0.43
1779907226002,imu,gyro_y,0.16
1779907226002,imu,gyro_z,0.4
1779907226002,imu,mag_x,-29.3
1779907226002,imu,mag_y,19.200000000000003
1779907226002,imu,mag_z,-6.1000000000000005
1779907226102,baro,presion,1012.7
1779907226102,baro,temp,20.22
1779907226102,baro,alt,500.4
1779907226202,gps,lat,-33.299582
1779907226202,gps,lon,-70.600387
1779907226202,gps,alt,502.0
1779907227005,imu,accel_x,0.33
1779907227005,imu,accel_y,0.89
1779907227005,imu,accel_z,9.76
1779907227005,imu,gyro_x,0.27
1779907227005,imu,gyro_y,-0.33
1779907227005,imu,gyro_z,-0.12
1779907227005,imu,mag_x,-19.6
1779907227005,imu,mag_y,1.5
1779907227005,imu,mag_z,27.700000000000003
1779907227105,baro,presion,1012.0
1779907227105,baro,temp,19.9
1779907227105,baro,alt,499.9
1779907227205,gps,lat,-33.300944
1779907227205,gps,lon,-70.599133
1779907227205,gps,alt,496.0
1779907228007,imu,accel_x,1.71
1779907228007,imu,accel_y,-0.3
1779907228007,imu,accel_z,9.73
1779907228007,imu,gyro_x,-0.31
1779907228007,imu,gyro_y,-0.19
1779907228007,imu,gyro_z,-0.05
1779907228007,imu,mag_x,3.7
1779907228007,imu,mag_y,16.1
1779907228007,imu,mag_z,8.5
1779907228107,baro,presion,1013.2
1779907228107,baro,temp,20.35
1779907228107,baro,alt,499.7
1779907228208,gps,lat,-33.299863
1779907228208,gps,lon,-70.599911
1779907228208,gps,alt,501.0
1779907229010,imu,accel_x,0.6900000000000001
1779907229010,imu,accel_y,-1.2
1779907229010,imu,accel_z,9.89
1779907229010,imu,gyro_x,-0.35000000000000003
1779907229010,imu,gyro_y,-0.18
1779907229010,imu,gyro_z,0.23
1779907229010,imu,mag_x,6.2
1779907229010,imu,mag_y,19.900000000000002
1779907229010,imu,mag_z,-0.5
1779907229110,baro,presion,1013.6
1779907229110,baro,temp,20.15
1779907229110,baro,alt,499.5
1779907229211,gps,lat,-33.300651
1779907229211,gps,lon,-70.599968
1779907229211,gps,alt,498.0
1779907230012,imu,accel_x,1.08
1779907230012,imu,accel_y,0.8300000000000001
1779907230012,imu,accel_z,9.82
1779907230012,imu,gyro_x,0.14
1779907230012,imu,gyro_y,-0.1
1779907230012,imu,gyro_z,-0.41000000000000003
1779907230012,imu,mag_x,24.900000000000002
1779907230012,imu,mag_y,4.2
1779907230012,imu,mag_z,1.7000000000000002
1779907230112,baro,presion,1013.1
1779907230112,baro,temp,20.47
1779907230112,baro,alt,500.1
1779907230213,gps,lat,-33.299465
1779907230213,gps,lon,-70.599298
1779907230213,gps,alt,501.0
1779907231016,imu,accel_x,-1.93
1779907231016,imu,accel_y,-1.83
1779907231016,imu,accel_z,9.700000000000001
1779907231016,imu,gyro_x,0.12
1779907231016,imu,gyro_y,-0.1
1779907231016,imu,gyro_z,0.11
1779907231016,imu,mag_x,-26.6
1779907231016,imu,mag_y,22.200000000000003
1779907231016,imu,mag_z,-0.2
1779907231115,baro,presion,1012.2
1779907231115,baro,temp,19.64
1779907231115,baro,alt,499.4
1779907231216,gps,lat,-33.299597
1779907231216,gps,lon,-70.599391
1779907231216,gps,alt,500.0
1779907232019,imu,accel_x,-1.67
1779907232019,imu,accel_y,0.17
1779907232019,imu,accel_z,9.83
1779907232019,imu,gyro_x,-0.34
1779907232019,imu,gyro_y,-0.08
1779907232019,imu,gyro_z,0.24
1779907232019,imu,mag_x,-3.8000000000000003
1779907232019,imu,mag_y,15.3
1779907232019,imu,mag_z,23.900000000000002
1779907232118,baro,presion,1013.7
1779907232118,baro,temp,20.01
1779907232118,baro,alt,500.6
1779907232218,gps,lat,-33.2997
1779907232218,gps,lon,-70.59974
1779907232218,gps,alt,498.0
1779907233021,imu,accel_x,1.22
1779907233021,imu,accel_y,-0.75
1779907233021,imu,accel_z,9.85
1779907233021,imu,gyro_x,-0.14
1779907233021,imu,gyro_y,-0.49
1779907233021,imu,gyro_z,0.01
1779907233021,imu,mag_x,-8.3
1779907233021,imu,mag_y,27.400000000000002
1779907233021,imu,mag_z,-22.5
1779907233121,baro,presion,1013.7
1779907233121,baro,temp,20.31
1779907233121,baro,alt,499.1
1779907233221,gps,lat,-33.300896
1779907233221,gps,lon,-70.600359
1779907233221,gps,alt,501.0
1779907234024,imu,accel_x,-1.19
1779907234024,imu,accel_y,-1.83
1779907234024,imu,accel_z,9.74
1779907234024,imu,gyro_x,-0.45
1779907234024,imu,gyro_y,0.17
1779907234024,imu,gyro_z,-0.25
1779907234024,imu,mag_x,-17.1
1779907234024,imu,mag_y,8.0
1779907234024,imu,mag_z,29.1
1779907234123,baro,presion,1012.7
1779907234123,baro,temp,19.67
1779907234123,baro,alt,500.5
1779907234224,gps,lat,-33.299737
1779907234224,gps,lon,-70.599964
1779907234224,gps,alt,497.0
1779907235027,imu,accel_x,0.81
1779907235027,imu,accel_y,1.6400000000000001
1779907235027,imu,accel_z,9.71
1779907235027,imu,gyro_x,-0.28
1779907235027,imu,gyro_y,0.25
1779907235027,imu,gyro_z,0.31
1779907235027,imu,mag_x,-12.8
1779907235027,imu,mag_y,26.3
1779907235027,imu,mag_z,18.400000000000002
1779907235125,baro,presion,1013.9
1779907235125,baro,temp,20.17
1779907235125,baro,alt,500.5
1779907235227,gps,lat,-33.300743
1779907235227,gps,lon,-70.600253
1779907235227,gps,alt,500.0
1779907236029,imu,accel_x,0.64
1779907236029,imu,accel_y,-1.03
1779907236029,imu,accel_z,9.83
1779907236029,imu,gyro_x,-0.14
1779907236029,imu,gyro_y,-0.38
1779907236029,imu,gyro_z,-0.03
1779907236029,imu,mag_x,9.4
1779907236029,imu,mag_y,26.5
1779907236029,imu,mag_z,4.4
1779907236129,baro,presion,1013.6
1779907236129,baro,temp,20.43
1779907236129,baro,alt,500.0
1779907236229,gps,lat,-33.300262
1779907236229,gps,lon,-70.600852
1779907236229,gps,alt,504.0
1779907237031,imu,accel_x,1.22
1779907237031,imu,accel_y,0.63
1779907237031,imu,accel_z,9.72
1779907237031,imu,gyro_x,-0.33
1779907237031,imu,gyro_y,-0.05
1779907237031,imu,gyro_z,0.01
1779907237031,imu,mag_x,-20.400000000000002
1779907237031,imu,mag_y,-6.2
1779907237031,imu,mag_z,20.700000000000003
1779907237132,baro,presion,1013.5
1779907237132,baro,temp,19.93
1779907237132,baro,alt,500.8
1779907237232,gps,lat,-33.300544
1779907237232,gps,lon,-70.599624
1779907237232,gps,alt,495.0
1779907238034,imu,accel_x,0.12
1779907238034,imu,accel_y,1.45
1779907238034,imu,accel_z,9.88
1779907238034,imu,gyro_x,0.22
1779907238034,imu,gyro_y,-0.03
1779907238034,imu,gyro_z,0.25
1779907238034,imu,mag_x,-1.6
1779907238034,imu,mag_y,18.2
1779907238034,imu,mag_z,23.400000000000002
1779907238134,baro,presion,1013.7
1779907238134,baro,temp,19.76
1779907238134,baro,alt,500.7
1779907238235,gps,lat,-33.300251
1779907238235,gps,lon,-70.600754
1779907238235,gps,alt,504.0
1779907239038,imu,accel_x,-0.16
1779907239038,imu,accel_y,-1.06
1779907239038,imu,accel_z,9.84
1779907239038,imu,gyro_x,-0.09
1779907239038,imu,gyro_y,-0.32
1779907239038,imu,gyro_z,0.08
1779907239038,imu,mag_x,8.700000000000001
1779907239038,imu,mag_y,-29.6
1779907239038,imu,mag_z,23.3
1779907239137,baro,presion,1012.4
1779907239137,baro,temp,20.24
1779907239137,baro,alt,500.2
1779907239238,gps,lat,-33.300684
1779907239238,gps,lon,-70.600453
1779907239238,gps,alt,497.0
1779907240040,imu,accel_x,-0.64
1779907240040,imu,accel_y,0.12
1779907240040,imu,accel_z,9.78
1779907240040,imu,gyro_x,0.05
1779907240040,imu,gyro_y,0.07
1779907240040,imu,gyro_z,-0.14
1779907240040,imu,mag_x,-18.3
1779907240040,imu,mag_y,-8.1
1779907240040,imu,mag_z,5.1000000000000005
1779907240140,baro,presion,1013.9
1779907240140,baro,temp,19.69
1779907240140,baro,alt,499.8
1779907240240,gps,lat,-33.300482
1779907240240,gps,lon,-70.600329
1779907240240,gps,alt,496.0
1779907241042,imu,accel_x,0.9500000000000001
1779907241042,imu,accel_y,-1.5
1779907241042,imu,accel_z,9.83
1779907241042,imu,gyro_x,-0.11
1779907241042,imu,gyro_y,0.27
1779907241042,imu,gyro_z,0.19
1779907241042,imu,mag_x,-4.6000000000000005
1779907241042,imu,mag_y,-22.8
1779907241042,imu,mag_z,-6.800000000000001
1779907241143,baro,presion,1013.8
1779907241143,baro,temp,19.65
1779907241143,baro,alt,500.0
1779907241243,gps,lat,-33.299307
1779907241243,gps,lon,-70.599274
1779907241243,gps,alt,502.0
1779907242046,imu,accel_x,-1.98
1779907242046,imu,accel_y,-1.1300000000000001
1779907242046,imu,accel_z,9.77
1779907242046,imu,gyro_x,0.37
1779907242046,imu,gyro_y,-0.22
1779907242046,imu,gyro_z,-0.49
1779907242046,imu,mag_x,-21.6
1779907242046,imu,mag_y,10.200000000000001
1779907242046,imu,mag_z,12.5
1779907242145,baro,presion,1013.3
1779907242145,baro,temp,19.64
1779907242145,baro,alt,500.7
1779907242245,gps,lat,-33.299375
1779907242245,gps,lon,-70.600628
1779907242245,gps,alt,496.0
1779907243048,imu,accel_x,0.41000000000000003
1779907243048,imu,accel_y,-1.78
1779907243048,imu,accel_z,9.74
1779907243048,imu,gyro_x,0.44
1779907243048,imu,gyro_y,0.15
1779907243048,imu,gyro_z,-0.38
1779907243048,imu,mag_x,-7.1000000000000005
1779907243048,imu,mag_y,-3.0
1779907243048,imu,mag_z,-12.4
1779907243148,baro,presion,1012.9
1779907243148,baro,temp,20.15
1779907243148,baro,alt,500.1
1779907243249,gps,lat,-33.300661
1779907243249,gps,lon,-70.600629
1779907243249,gps,alt,502.0
1779907244050,imu,accel_x,1.18
1779907244050,imu,accel_y,1.74
1779907244050,imu,accel_z,9.75
1779907244050,imu,gyro_x,0.02
1779907244050,imu,gyro_y,-0.27
1779907244050,imu,gyro_z,0.01
1779907244050,imu,mag_x,4.800000000000001
1779907244050,imu,mag_y,20.400000000000002
1779907244050,imu,mag_z,-26.700000000000003
1779907244150,baro,presion,1012.6
1779907244150,baro,temp,20.38
1779907244150,baro,alt,500.2
1779907244250,gps,lat,-33.300245
1779907244250,gps,lon,-70.600398
1779907244250,gps,alt,496.0
1779907245054,imu,accel_x,0.13
1779907245054,imu,accel_y,1.33
1779907245054,imu,accel_z,9.8
1779907245054,imu,gyro_x,-0.44
1779907245054,imu,gyro_y,0.32
1779907245054,imu,gyro_z,-0.35000000000000003
1779907245054,imu,mag_x,28.6
1779907245054,imu,mag_y,21.0
1779907245054,imu,mag_z,-4.4
1779907245153,baro,presion,1013.6
1779907245153,baro,temp,19.51
1779907245153,baro,alt,499.8
1779907245253,gps,lat,-33.299037
1779907245253,gps,lon,-70.599194
1779907245253,gps,alt,498.0
1779907246056,imu,accel_x,-1.45
1779907246056,imu,accel_y,-0.71
1779907246056,imu,accel_z,9.88
1779907246056,imu,gyro_x,-0.38
1779907246056,imu,gyro_y,0.47000000000000003
1779907246056,imu,gyro_z,-0.46
1779907246056,imu,mag_x,13.600000000000001
1779907246056,imu,mag_y,4.0
1779907246056,imu,mag_z,-22.0
1779907246155,baro,presion,1013.5
1779907246155,baro,temp,19.66
1779907246155,baro,alt,500.3
1779907246257,gps,lat,-33.300726
1779907246257,gps,lon,-70.599916
1779907246257,gps,alt,502.0
1779907247059,imu,accel_x,0.51
1779907247059,imu,accel_y,1.12
1779907247059,imu,accel_z,9.74
1779907247059,imu,gyro_x,0.43
1779907247059,imu,gyro_y,-0.48
1779907247059,imu,gyro_z,-0.43
1779907247059,imu,mag_x,4.800000000000001
1779907247059,imu,mag_y,19.6
1779907247059,imu,mag_z,-3.7
1779907247158,baro,presion,1012.0
1779907247158,baro,temp,19.91
1779907247158,baro,alt,499.7
1779907247259,gps,lat,-33.299498
1779907247259,gps,lon,-70.60041
1779907247259,gps,alt,497.0
1779907248062,imu,accel_x,0.66
1779907248062,imu,accel_y,1.74
1779907248062,imu,accel_z,9.74
1779907248062,imu,gyro_x,0.49
1779907248062,imu,gyro_y,0.02
1779907248062,imu,gyro_z,-0.04
1779907248062,imu,mag_x,-12.700000000000001
1779907248062,imu,mag_y,-10.600000000000001
1779907248062,imu,mag_z,-18.900000000000002
1779907248161,baro,presion,1012.3
1779907248161,baro,temp,19.75
1779907248161,baro,alt,500.7
1779907248261,gps,lat,-33.299536
1779907248261,gps,lon,-70.600462
1779907248261,gps,alt,498.0
1779907249064,imu,accel_x,1.8800000000000001
1779907249064,imu,accel_y,-1.6400000000000001
1779907249064,imu,accel_z,9.790000000000001
1779907249064,imu,gyro_x,0.43
1779907249064,imu,gyro_y,0.09
1779907249064,imu,gyro_z,-0.05
1779907249064,imu,mag_x,-12.8
1779907249064,imu,mag_y,-4.1000000000000005
1779907249064,imu,mag_z,-10.700000000000001
1779907249164,baro,presion,1012.6
1779907249164,baro,temp,19.6
1779907249164,baro,alt,500.6
1779907249264,gps,lat,-33.300382
1779907249264,gps,lon,-70.599027
1779907249264,gps,alt,498.0
1779907250067,imu,accel_x,-1.1400000000000001
1779907250067,imu,accel_y,0.48
1779907250067,imu,accel_z,9.74
1779907250067,imu,gyro_x,0.47000000000000003
1779907250067,imu,gyro_y,0.34
1779907250067,imu,gyro_z,0.0
1779907250067,imu,mag_x,16.7
1779907250067,imu,mag_y,-1.5
1779907250067,imu,mag_z,6.5
1779907250166,baro,presion,1012.8
1779907250166,baro,temp,20.32
1779907250166,baro,alt,500.0
1779907250268,gps,lat,-33.300551
1779907250268,gps,lon,-70.600887
1779907250268,gps,alt,498.0
1779907251069,imu,accel_x,-0.3
1779907251069,imu,accel_y,-0.98
1779907251069,imu,accel_z,9.71
1779907251069,imu,gyro_x,0.08
1779907251069,imu,gyro_y,-0.42
1779907251069,imu,gyro_z,-0.03
1779907251069,imu,mag_x,12.9
1779907251069,imu,mag_y,-5.6000000000000005
1779907251069,imu,mag_z,24.0
1779907251169,baro,presion,1013.9
1779907251169,baro,temp,20.18
1779907251169,baro,alt,499.4
1779907251270,gps,lat,-33.300129
1779907251270,gps,lon,-70.599324
1779907251270,gps,alt,498.0
1779907252073,imu,accel_x,-1.37
1779907252073,imu,accel_y,-1.6400000000000001
1779907252073,imu,accel_z,9.76
1779907252073,imu,gyro_x,0.13
1779907252073,imu,gyro_y,0.48
1779907252073,imu,gyro_z,0.18
1779907252073,imu,mag_x,-2.6
1779907252073,imu,mag_y,-12.9
1779907252073,imu,mag_z,-28.3
1779907252171,baro,presion,1013.5
1779907252171,baro,temp,19.61
1779907252171,baro,alt,500.8
1779907252273,gps,lat,-33.299165
1779907252273,gps,lon,-70.600067
1779907252273,gps,alt,500.0
1779907253075,imu,accel_x,-1.84
1779907253075,imu,accel_y,-1.27
1779907253075,imu,accel_z,9.76
1779907253075,imu,gyro_x,-0.47000000000000003
1779907253075,imu,gyro_y,0.32
1779907253075,imu,gyro_z,-0.27
1779907253075,imu,mag_x,8.4
1779907253075,imu,mag_y,6.6000000000000005
1779907253075,imu,mag_z,17.0
1779907253175,baro,presion,1012.6
1779907253175,baro,temp,20.28
1779907253175,baro,alt,500.8
1779907253275,gps,lat,-33.299904
1779907253275,gps,lon,-70.600496
1779907253275,gps,alt,495.0
1779907254077,imu,accel_x,1.1
1779907254077,imu,accel_y,1.33
1779907254077,imu,accel_z,9.86
1779907254077,imu,gyro_x,-0.18
1779907254077,imu,gyro_y,0.49
1779907254077,imu,gyro_z,0.07
1779907254077,imu,mag_x,1.4000000000000001
1779907254077,imu,mag_y,-15.0
1779907254077,imu,mag_z,-18.8
1779907254177,baro,presion,1013.6
1779907254177,baro,temp,19.62
1779907254177,baro,alt,499.1
1779907254278,gps,lat,-33.299551
1779907254278,gps,lon,-70.600387
1779907254278,gps,alt,495.0
1779907255080,imu,accel_x,1.6600000000000001
1779907255080,imu,accel_y,-1.24
1779907255080,imu,accel_z,9.89
1779907255080,imu,gyro_x,0.31
1779907255080,imu,gyro_y,-0.4
1779907255080,imu,gyro_z,-0.06
1779907255080,imu,mag_x,-18.2
1779907255080,imu,mag_y,14.8
1779907255080,imu,mag_z,-25.3
1779907255180,baro,presion,1013.8
1779907255180,baro,temp,20.45
1779907255180,baro,alt,500.9
1779907255281,gps,lat,-33.299982
1779907255281,gps,lon,-70.600046
1779907255281,gps,alt,504.0
1779907256083,imu,accel_x,-1.47
1779907256083,imu,accel_y,1.31
1779907256083,imu,accel_z,9.76
1779907256083,imu,gyro_x,0.14
1779907256083,imu,gyro_y,0.3
1779907256083,imu,gyro_z,-0.2
1779907256083,imu,mag_x,12.200000000000001
1779907256083,imu,mag_y,29.0
1779907256083,imu,mag_z,-13.3
1779907256182,baro,presion,1013.4
1779907256182,baro,temp,19.75
1779907256182,baro,alt,500.7
1779907256283,gps,lat,-33.299302
1779907256283,gps,lon,-70.600003
1779907256283,gps,alt,502.0
1779907257085,imu,accel_x,0.77
1779907257085,imu,accel_y,-1.6400000000000001
1779907257085,imu,accel_z,9.77
1779907257085,imu,gyro_x,-0.06
1779907257085,imu,gyro_y,0.23
1779907257085,imu,gyro_z,-0.32
1779907257085,imu,mag_x,-26.3
1779907257085,imu,mag_y,17.3
1779907257085,imu,mag_z,25.900000000000002
1779907257186,baro,presion,1013.0
1779907257186,baro,temp,19.81
1779907257186,baro,alt,500.6
1779907257287,gps,lat,-33.300199
1779907257287,gps,lon,-70.600708
1779907257287,gps,alt,496.0
1779907258089,imu,accel_x,1.06
1779907258089,imu,accel_y,0.97
1779907258089,imu,accel_z,9.84
1779907258089,imu,gyro_x,-0.35000000000000003
1779907258089,imu,gyro_y,0.01
1779907258089,imu,gyro_z,0.05
1779907258089,imu,mag_x,-0.5
1779907258089,imu,mag_y,-23.400000000000002
1779907258089,imu,mag_z,-19.0
1779907258188,baro,presion,1012.0
1779907258188,baro,temp,19.99
1779907258188,baro,alt,500.4
1779907258289,gps,lat,-33.300383
1779907258289,gps,lon,-70.600776
1779907258289,gps,alt,501.0
1779907259090,imu,accel_x,1.44
1779907259090,imu,accel_y,1.98
1779907259090,imu,accel_z,9.700000000000001
1779907259090,imu,gyro_x,0.24
1779907259090,imu,gyro_y,0.3
1779907259090,imu,gyro_z,-0.44
1779907259090,imu,mag_x,26.1
1779907259090,imu,mag_y,-10.200000000000001
1779907259090,imu,mag_z,11.0
1779907259190,baro,presion,1013.2
1779907259190,baro,temp,20.43
1779907259190,baro,alt,499.1
1779907259292,gps,lat,-33.300271
1779907259292,gps,lon,-70.599229
1779907259292,gps,alt,499.0
1779907260094,imu,accel_x,0.45
1779907260094,imu,accel_y,0.65
1779907260094,imu,accel_z,9.86
1779907260094,imu,gyro_x,-0.02
1779907260094,imu,gyro_y,-0.44
1779907260094,imu,gyro_z,0.08
1779907260094,imu,mag_x,-24.0
1779907260094,imu,mag_y,3.6
1779907260094,imu,mag_z,-29.5
1779907260193,baro,presion,1012.4
1779907260193,baro,temp,20.37
1779907260193,baro,alt,500.8
1779907260294,gps,lat,-33.300558
1779907260294,gps,lon,-70.600577
1779907260294,gps,alt,500.0
1779907261097,imu,accel_x,-0.73
1779907261097,imu,accel_y,1.72
1779907261097,imu,accel_z,9.73
1779907261097,imu,gyro_x,-0.13
1779907261097,imu,gyro_y,-0.06
1779907261097,imu,gyro_z,-0.5
1779907261097,imu,mag_x,-2.5
1779907261097,imu,mag_y,-18.7
1779907261097,imu,mag_z,0.2
1779907261195,baro,presion,1013.1
1779907261195,baro,temp,20.38
1779907261195,baro,alt,500.2
1779907261297,gps,lat,-33.299409
1779907261297,gps,lon,-70.600429
1779907261297,gps,alt,503.0
1779907262099,imu,accel_x,0.39
1779907262099,imu,accel_y,-0.03
1779907262099,imu,accel_z,9.82
1779907262099,imu,gyro_x,-0.38
1779907262099,imu,gyro_y,-0.1
1779907262099,imu,gyro_z,0.04
1779907262099,imu,mag_x,17.7
1779907262099,imu,mag_y,14.600000000000001
1779907262099,imu,mag_z,-24.200000000000003
1779907262198,baro,presion,1012.8
1779907262198,baro,temp,19.85
1779907262198,baro,alt,499.9
1779907262299,gps,lat,-33.300739
1779907262299,gps,lon,-70.599737
1779907262299,gps,alt,504.0
1779907263102,imu,accel_x,-0.27
1779907263102,imu,accel_y,0.01
1779907263102,imu,accel_z,9.83
1779907263102,imu,gyro_x,0.43
1779907263102,imu,gyro_y,0.31
1779907263102,imu,gyro_z,0.0
1779907263102,imu,mag_x,-12.3
1779907263102,imu,mag_y,-22.400000000000002
1779907263102,imu,mag_z,16.7
1779907263202,baro,presion,1013.4
1779907263202,baro,temp,19.97
1779907263202,baro,alt,500.7
1779907263302,gps,lat,-33.299153
1779907263302,gps,lon,-70.599072
1779907263302,gps,alt,496.0
1779907264105,imu,accel_x,0.4
1779907264105,imu,accel_y,1.61
1779907264105,imu,accel_z,9.75
1779907264105,imu,gyro_x,0.14
1779907264105,imu,gyro_y,0.02
1779907264105,imu,gyro_z,-0.18
1779907264105,imu,mag_x,1.2000000000000002
1779907264105,imu,mag_y,5.7
1779907264105,imu,mag_z,-26.0
1779907264204,baro,presion,1013.0
1779907264204,baro,temp,19.58
1779907264204,baro,alt,499.8
1779907264305,gps,lat,-33.299928
1779907264305,gps,lon,-70.599188
1779907264305,gps,alt,496.0
1779907265107,imu,accel_x,1.3800000000000001
1779907265107,imu,accel_y,-1.1
1779907265107,imu,accel_z,9.86
1779907265107,imu,gyro_x,0.0
1779907265107,imu,gyro_y,0.37
1779907265107,imu,gyro_z,-0.08
1779907265107,imu,mag_x,22.5
1779907265107,imu,mag_y,-24.900000000000002
1779907265107,imu,mag_z,13.9
1779907265207,baro,presion,1013.1
1779907265207,baro,temp,20.29
1779907265207,baro,alt,499.4
1779907265308,gps,lat,-33.300519
1779907265308,gps,lon,-70.600494
1779907265308,gps,alt,502.0
1779907266110,imu,accel_x,-0.72
1779907266110,imu,accel_y,0.2
1779907266110,imu,accel_z,9.71
1779907266110,imu,gyro_x,-0.01
1779907266110,imu,gyro_y,-0.17
1779907266110,imu,gyro_z,0.16
1779907266110,imu,mag_x,-16.2
1779907266110,imu,mag_y,2.9000000000000004
1779907266110,imu,mag_z,-10.4
1779907266210,baro,presion,1013.3
1779907266210,baro,temp,20.48
1779907266210,baro,alt,500.6
1779907266311,gps,lat,-33.299688
1779907266311,gps,lon,-70.599485
1779907266311,gps,alt,503.0
1779907267112,imu,accel_x,-0.03
1779907267112,imu,accel_y,-0.22
1779907267112,imu,accel_z,9.84
1779907267112,imu,gyro_x,0.25
1779907267112,imu,gyro_y,-0.38
1779907267112,imu,gyro_z,0.44
1779907267112,imu,mag_x,-14.600000000000001
1779907267112,imu,mag_y,13.5
1779907267112,imu,mag_z,-20.400000000000002
1779907267213,baro,presion,1013.5
1779907267213,baro,temp,19.85
1779907267213,baro,alt,499.5
1779907267313,gps,lat,-33.300813
1779907267313,gps,lon,-70.599439
1779907267313,gps,alt,503.0
1779907268116,imu,accel_x,1.6300000000000001
1779907268116,imu,accel_y,1.04
1779907268116,imu,accel_z,9.76
1779907268116,imu,gyro_x,-0.49
1779907268116,imu,gyro_y,0.17
1779907268116,imu,gyro_z,0.35000000000000003
1779907268116,imu,mag_x,-23.400000000000002
1779907268116,imu,mag_y,-3.6
1779907268116,imu,mag_z,-0.5
1779907268215,baro,presion,1013.5
1779907268215,baro,temp,20.31
1779907268215,baro,alt,500.7
1779907268315,gps,lat,-33.299754
1779907268315,gps,lon,-70.59989
1779907268315,gps,alt,500.0
1779907269118,imu,accel_x,-1.72
1779907269118,imu,accel_y,-1.86
1779907269118,imu,accel_z,9.8
1779907269118,imu,gyro_x,-0.47000000000000003
1779907269118,imu,gyro_y,0.32
1779907269118,imu,gyro_z,-0.06
1779907269118,imu,mag_x,23.200000000000003
1779907269118,imu,mag_y,11.3
1779907269118,imu,mag_z,-8.9
1779907269218,baro,presion,1013.2
1779907269218,baro,temp,20.24
1779907269218,baro,alt,499.4
1779907269319,gps,lat,-33.299101
1779907269319,gps,lon,-70.599344
1779907269319,gps,alt,501.0
1779907270121,imu,accel_x,1.99
1779907270121,imu,accel_y,1.32
1779907270121,imu,accel_z,9.8
1779907270121,imu,gyro_x,0.12
1779907270121,imu,gyro_y,0.43
1779907270121,imu,gyro_z,-0.47000000000000003
1779907270121,imu,mag_x,1.9000000000000001
1779907270121,imu,mag_y,19.400000000000002
1779907270121,imu,mag_z,14.700000000000001
1779907270220,baro,presion,1012.0
1779907270220,baro,temp,20.07
1779907270220,baro,alt,500.9
1779907270321,gps,lat,-33.300778
1779907270321,gps,lon,-70.600889
1779907270321,gps,alt,501.0
1779907271123,imu,accel_x,-1.6300000000000001
1779907271123,imu,accel_y,0.49
1779907271123,imu,accel_z,9.73
1779907271123,imu,gyro_x,-0.44
1779907271123,imu,gyro_y,-0.01
1779907271123,imu,gyro_z,-0.32
1779907271123,imu,mag_x,-19.900000000000002
1779907271123,imu,mag_y,22.6
1779907271123,imu,mag_z,12.600000000000001
1779907271222,baro,presion,1012.7
1779907271222,baro,temp,20.07
1779907271222,baro,alt,500.3
1779907271323,gps,lat,-33.29927
1779907271323,gps,lon,-70.599258
1779907271323,gps,alt,504.0
1779907272127,imu,accel_x,0.26
1779907272127,imu,accel_y,1.92
1779907272127,imu,accel_z,9.700000000000001
1779907272127,imu,gyro_x,0.26
1779907272127,imu,gyro_y,-0.28
1779907272127,imu,gyro_z,0.0
1779907272127,imu,mag_x,5.1000000000000005
1779907272127,imu,mag_y,11.600000000000001
1779907272127,imu,mag_z,-28.700000000000003
1779907272226,baro,presion,1012.9
1779907272226,baro,temp,19.62
1779907272226,baro,alt,500.9
1779907272327,gps,lat,-33.300576
1779907272327,gps,lon,-70.600539
1779907272327,gps,alt,498.0
1779907273128,imu,accel_x,-1.77
1779907273128,imu,accel_y,0.01
1779907273128,imu,accel_z,9.700000000000001
1779907273128,imu,gyro_x,0.0
1779907273128,imu,gyro_y,0.43
1779907273128,imu,gyro_z,-0.22
1779907273128,imu,mag_x,21.700000000000003
1779907273128,imu,mag_y,-29.3
1779907273128,imu,mag_z,24.3
1779907273228,baro,presion,1012.0
1779907273228,baro,temp,19.82
1779907273228,baro,alt,500.0
1779907273329,gps,lat,-33.300277
1779907273329,gps,lon,-70.600123
1779907273329,gps,alt,499.0
1779907274132,imu,accel_x,1.97
1779907274132,imu,accel_y,0.7000000000000001
1779907274132,imu,accel_z,9.72
1779907274132,imu,gyro_x,-0.14
1779907274132,imu,gyro_y,0.35000000000000003
1779907274132,imu,gyro_z,0.24
1779907274132,imu,mag_x,8.6
1779907274132,imu,mag_y,18.1
1779907274132,imu,mag_z,-0.5
1779907274231,baro,presion,1013.1
1779907274231,baro,temp,19.62
1779907274231,baro,alt,499.5
1779907274332,gps,lat,-33.299797
1779907274332,gps,lon,-70.599775
1779907274332,gps,alt,502.0
1779907275134,imu,accel_x,-1.22
1779907275134,imu,accel_y,1.9100000000000001
1779907275134,imu,accel_z,9.8
1779907275134,imu,gyro_x,0.36
1779907275134,imu,gyro_y,-0.27
1779907275134,imu,gyro_z,-0.4
1779907275134,imu,mag_x,8.4
1779907275134,imu,mag_y,-25.900000000000002
1779907275134,imu,mag_z,-16.0
1779907275234,baro,presion,1013.6
1779907275234,baro,temp,19.92
1779907275234,baro,alt,499.2
1779907275335,gps,lat,-33.30042
1779907275335,gps,lon,-70.600551
1779907275335,gps,alt,498.0
1779907276137,imu,accel_x,0.47000000000000003
1779907276137,imu,accel_y,-1.6400000000000001
1779907276137,imu,accel_z,9.84
1779907276137,imu,gyro_x,0.42
1779907276137,imu,gyro_y,0.24
1779907276137,imu,gyro_z,0.32
1779907276137,imu,mag_x,-23.3
1779907276137,imu,mag_y,-25.200000000000003
1779907276137,imu,mag_z,5.300000000000001
1779907276235,baro,presion,1013.3
1779907276235,baro,temp,20.11
1779907276235,baro,alt,499.4
1779907276337,gps,lat,-33.299881
1779907276337,gps,lon,-70.599679
1779907276337,gps,alt,498.0
1779907277139,imu,accel_x,1.77
1779907277139,imu,accel_y,-0.24
1779907277139,imu,accel_z,9.870000000000001
1779907277139,imu,gyro_x,0.33
1779907277139,imu,gyro_y,-0.17
1779907277139,imu,gyro_z,0.39
1779907277139,imu,mag_x,9.3
1779907277139,imu,mag_y,-4.5
1779907277139,imu,mag_z,-23.3
1779907277238,baro,presion,1013.9
1779907277238,baro,temp,19.88
1779907277238,baro,alt,500.3
1779907277340,gps,lat,-33.300379
1779907277340,gps,lon,-70.600143
1779907277340,gps,alt,498.0
1779907278142,imu,accel_x,1.69
1779907278142,imu,accel_y,0.76
1779907278142,imu,accel_z,9.74
1779907278142,imu,gyro_x,0.11
1779907278142,imu,gyro_y,0.04
1779907278142,imu,gyro_z,-0.5
1779907278142,imu,mag_x,10.4
1779907278142,imu,mag_y,-20.900000000000002
1779907278142,imu,mag_z,-25.400000000000002
1779907278241,baro,presion,1012.8
1779907278241,baro,temp,19.5
1779907278241,baro,alt,500.8
1779907278343,gps,lat,-33.299722
1779907278343,gps,lon,-70.600747
1779907278343,gps,alt,500.0
1779907279145,imu,accel_x,1.77
1779907279145,imu,accel_y,-0.93
1779907279145,imu,accel_z,9.83
1779907279145,imu,gyro_x,0.3
1779907279145,imu,gyro_y,-0.5
1779907279145,imu,gyro_z,0.41000000000000003
1779907279145,imu,mag_x,7.4
1779907279145,imu,mag_y,-17.1
1779907279145,imu,mag_z,24.700000000000003
1779907279245,baro,presion,1012.2
1779907279245,baro,temp,19.56
1779907279245,baro,alt,499.8
1779907279346,gps,lat,-33.30022
1779907279346,gps,lon,-70.599786
1779907279346,gps,alt,500.0
1779907280148,imu,accel_x,-1.68
1779907280148,imu,accel_y,1.98
1779907280148,imu,accel_z,9.84
1779907280148,imu,gyro_x,0.45
1779907280148,imu,gyro_y,0.09
1779907280148,imu,gyro_z,-0.18
1779907280148,imu,mag_x,0.4
1779907280148,imu,mag_y,-19.1
1779907280148,imu,mag_z,3.6
1779907280247,baro,presion,1013.1
1779907280247,baro,temp,20.17
1779907280247,baro,alt,499.1
1779907280348,gps,lat,-33.299483
1779907280348,gps,lon,-70.600604
1779907280348,gps,alt,498.0
1779907281150,imu,accel_x,0.05
1779907281150,imu,accel_y,1.33
1779907281150,imu,accel_z,9.81
1779907281150,imu,gyro_x,-0.31
1779907281150,imu,gyro_y,0.22
1779907281150,imu,gyro_z,0.43
1779907281150,imu,mag_x,18.6
1779907281150,imu,mag_y,-18.400000000000002
1779907281150,imu,mag_z,-8.700000000000001
1779907281249,baro,presion,1012.7
1779907281249,baro,temp,20.03
1779907281249,baro,alt,500.0
1779907281350,gps,lat,-33.299497
1779907281350,gps,lon,-70.599813
1779907281350,gps,alt,496.0
1779907282153,imu,accel_x,1.62
1779907282153,imu,accel_y,0.73
1779907282153,imu,accel_z,9.86
1779907282153,imu,gyro_x,-0.35000000000000003
1779907282153,imu,gyro_y,0.03
1779907282153,imu,gyro_z,0.25
1779907282153,imu,mag_x,28.700000000000003
1779907282153,imu,mag_y,-16.900000000000002
1779907282153,imu,mag_z,-6.6000000000000005
1779907282253,baro,presion,1013.2
1779907282253,baro,temp,19.56
1779907282253,baro,alt,499.6
1779907282353,gps,lat,-33.299139
1779907282353,gps,lon,-70.600973
1779907282353,gps,alt,497.0
1779907283156,imu,accel_x,0.9500000000000001
1779907283156,imu,accel_y,0.27
1779907283156,imu,accel_z,9.870000000000001
1779907283156,imu,gyro_x,-0.32
1779907283156,imu,gyro_y,-0.48
1779907283156,imu,gyro_z,-0.26
1779907283156,imu,mag_x,24.400000000000002
1779907283156,imu,mag_y,7.5
1779907283156,imu,mag_z,18.900000000000002
1779907283256,baro,presion,1012.9
1779907283256,baro,temp,19.8
1779907283256,baro,alt,499.0
1779907283357,gps,lat,-33.299812
1779907283357,gps,lon,-70.600753
1779907283357,gps,alt,503.0
1779907284159,imu,accel_x,-1.52
1779907284159,imu,accel_y,1.79
1779907284159,imu,accel_z,9.74
1779907284159,imu,gyro_x,-0.06
1779907284159,imu,gyro_y,-0.1
1779907284159,imu,gyro_z,-0.35000000000000003
1779907284159,imu,mag_x,-15.700000000000001
1779907284159,imu,mag_y,29.6
1779907284159,imu,mag_z,-19.8
1779907284258,baro,presion,1013.0
1779907284258,baro,temp,20.15
1779907284258,baro,alt,500.6
1779907284359,gps,lat,-33.299474
1779907284359,gps,lon,-70.60091
1779907284359,gps,alt,500.0
1779907285161,imu,accel_x,-0.51
1779907285161,imu,accel_y,-0.79
1779907285161,imu,accel_z,9.89
1779907285161,imu,gyro_x,-0.02
1779907285161,imu,gyro_y,0.39
1779907285161,imu,gyro_z,-0.31
1779907285161,imu,mag_x,11.8
1779907285161,imu,mag_y,11.0
1779907285161,imu,mag_z,-20.700000000000003
1779907285261,baro,presion,1012.5
1779907285261,baro,temp,20.23
1779907285261,baro,alt,499.7
1779907285361,gps,lat,-33.300812
1779907285361,gps,lon,-70.599153
1779907285361,gps,alt,503.0
1779907286164,imu,accel_x,1.19
1779907286164,imu,accel_y,-0.72
1779907286164,imu,accel_z,9.790000000000001
1779907286164,imu,gyro_x,-0.35000000000000003
1779907286164,imu,gyro_y,-0.15
1779907286164,imu,gyro_z,0.48
1779907286164,imu,mag_x,26.0
1779907286164,imu,mag_y,10.8
1779907286164,imu,mag_z,22.8
1779907286264,baro,presion,1013.1
1779907286264,baro,temp,20.43
1779907286264,baro,alt,500.0
1779907286364,gps,lat,-33.299334
1779907286364,gps,lon,-70.599605
1779907286364,gps,alt,496.0
1779907287167,imu,accel_x,1.57
1779907287167,imu,accel_y,1.03
1779907287167,imu,accel_z,9.74
1779907287167,imu,gyro_x,0.47000000000000003
1779907287167,imu,gyro_y,-0.22
1779907287167,imu,gyro_z,-0.13
1779907287167,imu,mag_x,2.4000000000000004
1779907287167,imu,mag_y,9.4
1779907287167,imu,mag_z,-23.1
1779907287266,baro,presion,1012.1
1779907287266,baro,temp,20.3
1779907287266,baro,alt,499.9
1779907287367,gps,lat,-33.299078
1779907287367,gps,lon,-70.599167
1779907287367,gps,alt,496.0
1779907288169,imu,accel_x,0.11
1779907288169,imu,accel_y,0.9500000000000001
1779907288169,imu,accel_z,9.73
1779907288169,imu,gyro_x,0.18
1779907288169,imu,gyro_y,0.32
1779907288169,imu,gyro_z,-0.36
1779907288169,imu,mag_x,25.6
1779907288169,imu,mag_y,21.200000000000003
1779907288169,imu,mag_z,-18.900000000000002
1779907288268,baro,presion,1013.2
1779907288268,baro,temp,19.75
1779907288268,baro,alt,499.5
1779907288370,gps,lat,-33.300131
1779907288370,gps,lon,-70.599282
1779907288370,gps,alt,502.0
1779907289172,imu,accel_x,-1.45
1779907289172,imu,accel_y,1.22
1779907289172,imu,accel_z,9.76
1779907289172,imu,gyro_x,0.36
1779907289172,imu,gyro_y,-0.44
1779907289172,imu,gyro_z,0.17
1779907289172,imu,mag_x,-26.0
1779907289172,imu,mag_y,10.600000000000001
1779907289172,imu,mag_z,-14.700000000000001
1779907289272,baro,presion,1012.2
1779907289272,baro,temp,19.54
1779907289272,baro,alt,499.1
1779907289373,gps,lat,-33.299912
1779907289373,gps,lon,-70.599831
1779907289373,gps,alt,501.0
1779907290175,imu,accel_x,0.39
1779907290175,imu,accel_y,0.8200000000000001
1779907290175,imu,accel_z,9.88
1779907290175,imu,gyro_x,0.13
1779907290175,imu,gyro_y,-0.07
1779907290175,imu,gyro_z,0.18
1779907290175,imu,mag_x,26.6
1779907290175,imu,mag_y,8.200000000000001
1779907290175,imu,mag_z,-18.2
1779907290274,baro,presion,1013.2
1779907290274,baro,temp,19.61
1779907290274,baro,alt,499.6
1779907290375,gps,lat,-33.300623
1779907290375,gps,lon,-70.599715
1779907290375,gps,alt,495.0
1779907291178,imu,accel_x,-1.78
1779907291178,imu,accel_y,1.08
1779907291178,imu,accel_z,9.85
1779907291178,imu,gyro_x,-0.41000000000000003
1779907291178,imu,gyro_y,0.34
1779907291178,imu,gyro_z,0.04
1779907291178,imu,mag_x,-6.0
1779907291178,imu,mag_y,-6.800000000000001
1779907291178,imu,mag_z,14.9
1779907291277,baro,presion,1013.2
1779907291277,baro,temp,20.23
1779907291277,baro,alt,499.0
1779907291378,gps,lat,-33.300448
1779907291378,gps,lon,-70.599205
1779907291378,gps,alt,495.0
1779907292181,imu,accel_x,-0.54
1779907292181,imu,accel_y,-1.73
1779907292181,imu,accel_z,9.74
1779907292181,imu,gyro_x,0.4
1779907292181,imu,gyro_y,-0.4
1779907292181,imu,gyro_z,-0.11
1779907292181,imu,mag_x,7.9
1779907292181,imu,mag_y,2.5
1779907292181,imu,mag_z,-4.0
1779907292280,baro,presion,1013.5
1779907292280,baro,temp,19.84
1779907292280,baro,alt,500.7
1779907292381,gps,lat,-33.299191
1779907292381,gps,lon,-70.599083
1779907292381,gps,alt,504.0
1779907293183,imu,accel_x,0.33
1779907293183,imu,accel_y,-0.71
1779907293183,imu,accel_z,9.88
1779907293183,imu,gyro_x,-0.01
1779907293183,imu,gyro_y,0.03
1779907293183,imu,gyro_z,-0.48
1779907293183,imu,mag_x,21.200000000000003
1779907293183,imu,mag_y,16.900000000000002
1779907293183,imu,mag_z,17.3
1779907293283,baro,presion,1012.7
1779907293283,baro,temp,19.92
1779907293283,baro,alt,500.0
1779907293384,gps,lat,-33.300111
1779907293384,gps,lon,-70.599091
1779907293384,gps,alt,498.0
1779907294186,imu,accel_x,0.79
1779907294186,imu,accel_y,-1.17
1779907294186,imu,accel_z,9.8
1779907294186,imu,gyro_x,-0.06
1779907294186,imu,gyro_y,0.15
1779907294186,imu,gyro_z,-0.48
1779907294186,imu,mag_x,16.0
1779907294186,imu,mag_y,17.5
1779907294186,imu,mag_z,28.400000000000002
1779907294285,baro,presion,1012.8
1779907294285,baro,temp,19.54
1779907294285,baro,alt,499.4
1779907294386,gps,lat,-33.300699
1779907294386,gps,lon,-70.600017
1779907294386,gps,alt,500.0
1779907295188,imu,accel_x,-0.32
1779907295188,imu,accel_y,-0.76
1779907295188,imu,accel_z,9.75
1779907295188,imu,gyro_x,-0.21
1779907295188,imu,gyro_y,-0.3
1779907295188,imu,gyro_z,0.0
1779907295188,imu,mag_x,12.700000000000001
1779907295188,imu,mag_y,-18.0
1779907295188,imu,mag_z,-21.5
1779907295287,baro,presion,1013.3
1779907295287,baro,temp,20.21
1779907295287,baro,alt,499.6
1779907295389,gps,lat,-33.300389
1779907295389,gps,lon,-70.60053
1779907295389,gps,alt,501.0
1779907296191,imu,accel_x,-1.92
1779907296191,imu,accel_y,1.9000000000000001
1779907296191,imu,accel_z,9.77
1779907296191,imu,gyro_x,0.17
1779907296191,imu,gyro_y,0.41000000000000003
1779907296191,imu,gyro_z,0.1
1779907296191,imu,mag_x,-28.6
1779907296191,imu,mag_y,24.3
1779907296191,imu,mag_z,-24.1
1779907296291,baro,presion,1013.3
1779907296291,baro,temp,20.44
1779907296291,baro,alt,500.3
1779907296391,gps,lat,-33.299612
1779907296391,gps,lon,-70.600428
1779907296391,gps,alt,502.0
1779907297194,imu,accel_x,0.41000000000000003
1779907297194,imu,accel_y,-0.25
1779907297194,imu,accel_z,9.700000000000001
1779907297194,imu,gyro_x,-0.5
1779907297194,imu,gyro_y,0.17
1779907297194,imu,gyro_z,-0.49
1779907297194,imu,mag_x,19.1
1779907297194,imu,mag_y,-18.0
1779907297194,imu,mag_z,26.400000000000002
1779907297293,baro,presion,1013.7
1779907297293,baro,temp,20.41
1779907297293,baro,alt,499.2
1779907297394,gps,lat,-33.299727
1779907297394,gps,lon,-70.59953
1779907297394,gps,alt,504.0
1779907298196,imu,accel_x,-0.99
1779907298196,imu,accel_y,0.34
1779907298196,imu,accel_z,9.870000000000001
1779907298196,imu,gyro_x,0.42
1779907298196,imu,gyro_y,0.39
1779907298196,imu,gyro_z,-0.49
1779907298196,imu,mag_x,-28.400000000000002
1779907298196,imu,mag_y,-8.5
1779907298196,imu,mag_z,-6.2
1779907298295,baro,presion,1013.0
1779907298295,baro,temp,20.45
1779907298295,baro,alt,500.2
1779907298397,gps,lat,-33.300378
1779907298397,gps,lon,-70.599791
1779907298397,gps,alt,496.0
1779907299199,imu,accel_x,-1.8800000000000001
1779907299199,imu,accel_y,1.81
1779907299199,imu,accel_z,9.700000000000001
1779907299199,imu,gyro_x,0.37
1779907299199,imu,gyro_y,0.4
1779907299199,imu,gyro_z,0.41000000000000003
1779907299199,imu,mag_x,2.7
1779907299199,imu,mag_y,23.6
1779907299199,imu,mag_z,-5.6000000000000005
1779907299299,baro,presion,1012.8
1779907299299,baro,temp,20.35
1779907299299,baro,alt,499.1
1779907299400,gps,lat,-33.300095
1779907299400,gps,lon,-70.599472
1779907299400,gps,alt,498.0
1779907300202,imu,accel_x,0.2
1779907300202,imu,accel_y,-1.58
1779907300202,imu,accel_z,9.76
1779907300202,imu,gyro_x,-0.13
1779907300202,imu,gyro_y,-0.15
1779907300202,imu,gyro_z,-0.39
1779907300202,imu,mag_x,27.8
1779907300202,imu,mag_y,-25.1
1779907300202,imu,mag_z,-21.5
1779907300301,baro,presion,1012.7
1779907300301,baro,temp,20.03
1779907300301,baro,alt,499.4
1779907300403,gps,lat,-33.300815
1779907300403,gps,lon,-70.600066
1779907300403,gps,alt,495.0
1779907301205,imu,accel_x,-1.24
1779907301205,imu,accel_y,1.6400000000000001
1779907301205,imu,accel_z,9.78
1779907301205,imu,gyro_x,0.2
1779907301205,imu,gyro_y,-0.4
1779907301205,imu,gyro_z,0.43
1779907301205,imu,mag_x,20.5
1779907301205,imu,mag_y,-24.3
1779907301205,imu,mag_z,-25.8
1779907301305,baro,presion,1012.5
1779907301305,baro,temp,20.01
1779907301305,baro,alt,500.5
1779907301405,gps,lat,-33.300912
1779907301405,gps,lon,-70.599137
1779907301405,gps,alt,500.0
1779907302207,imu,accel_x,-0.05
1779907302207,imu,accel_y,-1.42
1779907302207,imu,accel_z,9.88
1779907302207,imu,gyro_x,0.3
1779907302207,imu,gyro_y,0.1
1779907302207,imu,gyro_z,-0.25
1779907302207,imu,mag_x,-3.1
1779907302207,imu,mag_y,28.8
1779907302207,imu,mag_z,-24.900000000000002
1779907302307,baro,presion,1012.6
1779907302307,baro,temp,19.85
1779907302307,baro,alt,500.8
1779907302407,gps,lat,-33.29969
1779907302407,gps,lon,-70.599524
1779907302407,gps,alt,495.0
1779907303210,imu,accel_x,0.07
1779907303210,imu,accel_y,1.19
1779907303210,imu,accel_z,9.870000000000001
1779907303210,imu,gyro_x,0.06
1779907303210,imu,gyro_y,-0.27
1779907303210,imu,gyro_z,-0.5
1779907303210,imu,mag_x,-12.9
1779907303210,imu,mag_y,-28.200000000000003
1779907303210,imu,mag_z,6.0
1779907303310,baro,presion,1013.5
1779907303310,baro,temp,20.12
1779907303310,baro,alt,499.5
1779907303411,gps,lat,-33.299007
1779907303411,gps,lon,-70.600077
1779907303411,gps,alt,504.0
1779907304212,imu,accel_x,1.6400000000000001
1779907304212,imu,accel_y,-1.8900000000000001
1779907304212,imu,accel_z,9.700000000000001
1779907304212,imu,gyro_x,-0.1
1779907304212,imu,gyro_y,0.09
1779907304212,imu,gyro_z,0.33
1779907304212,imu,mag_x,5.1000000000000005
1779907304212,imu,mag_y,17.900000000000002
1779907304212,imu,mag_z,29.0
1779907304313,baro,presion,1012.9
1779907304313,baro,temp,20.08
1779907304313,baro,alt,500.7
1779907304412,gps,lat,-33.299812
1779907304412,gps,lon,-70.599154
1779907304412,gps,alt,504.0
1779907305215,imu,accel_x,-1.72
1779907305215,imu,accel_y,-1.82
1779907305215,imu,accel_z,9.790000000000001
1779907305215,imu,gyro_x,-0.27
1779907305215,imu,gyro_y,0.29
1779907305215,imu,gyro_z,-0.1
1779907305215,imu,mag_x,27.1
1779907305215,imu,mag_y,8.5
1779907305215,imu,mag_z,11.700000000000001
1779907305315,baro,presion,1013.6
1779907305315,baro,temp,20.19
1779907305315,baro,alt,500.1
1779907305416,gps,lat,-33.29955
1779907305416,gps,lon,-70.600917
1779907305416,gps,alt,504.0
1779907306217,imu,accel_x,-0.66
1779907306217,imu,accel_y,0.98
1779907306217,imu,accel_z,9.81
1779907306217,imu,gyro_x,0.36
1779907306217,imu,gyro_y,-0.38
1779907306217,imu,gyro_z,-0.05
1779907306217,imu,mag_x,-21.700000000000003
1779907306217,imu,mag_y,-20.6
1779907306217,imu,mag_z,-28.6
1779907306318,baro,presion,1013.1
1779907306318,baro,temp,20.28
1779907306318,baro,alt,499.1
1779907306418,gps,lat,-33.299861
1779907306418,gps,lon,-70.599796
1779907306418,gps,alt,498.0
1779907307221,imu,accel_x,0.21
1779907307221,imu,accel_y,1.35
1779907307221,imu,accel_z,9.790000000000001
1779907307221,imu,gyro_x,-0.45
1779907307221,imu,gyro_y,-0.15
1779907307221,imu,gyro_z,-0.35000000000000003
1779907307221,imu,mag_x,29.900000000000002
1779907307221,imu,mag_y,-2.0
1779907307221,imu,mag_z,23.0
1779907307321,baro,presion,1013.8
1779907307321,baro,temp,20.3
1779907307321,baro,alt,499.2
1779907307421,gps,lat,-33.299302
1779907307421,gps,lon,-70.599932
1779907307421,gps,alt,498.0
1779907308224,imu,accel_x,-0.9
1779907308224,imu,accel_y,-1.42
1779907308224,imu,accel_z,9.8
1779907308224,imu,gyro_x,0.45
1779907308224,imu,gyro_y,-0.22
1779907308224,imu,gyro_z,-0.1
1779907308224,imu,mag_x,27.200000000000003
1779907308224,imu,mag_y,-21.8
1779907308224,imu,mag_z,-27.700000000000003
1779907308323,baro,presion,1012.8
1779907308323,baro,temp,20.48
1779907308323,baro,alt,499.0
1779907308423,gps,lat,-33.300661
1779907308423,gps,lon,-70.599389
1779907308423,gps,alt,496.0
1779907309226,imu,accel_x,1.81
1779907309226,imu,accel_y,-0.97
1779907309226,imu,accel_z,9.790000000000001
1779907309226,imu,gyro_x,0.45
1779907309226,imu,gyro_y,-0.43
1779907309226,imu,gyro_z,0.31
1779907309226,imu,mag_x,18.6
1779907309226,imu,mag_y,-14.100000000000001
1779907309226,imu,mag_z,5.5
1779907309325,baro,presion,1013.0
1779907309325,baro,temp,19.8
1779907309325,baro,alt,500.8
1779907309427,gps,lat,-33.300656
1779907309427,gps,lon,-70.600015
1779907309427,gps,alt,496.0
1779907310229,imu,accel_x,0.64
1779907310229,imu,accel_y,-0.08
1779907310229,imu,accel_z,9.89
1779907310229,imu,gyro_x,0.35000000000000003
1779907310229,imu,gyro_y,0.08
1779907310229,imu,gyro_z,0.44
1779907310229,imu,mag_x,-21.1
1779907310229,imu,mag_y,9.3
1779907310229,imu,mag_z,-6.9
1779907310329,baro,presion,1013.5
1779907310329,baro,temp,20.33
1779907310329,baro,alt,500.4
1779907310429,gps,lat,-33.299984
1779907310429,gps,lon,-70.600594
1779907310429,gps,alt,499.0
1779907311231,imu,accel_x,1.72
1779907311231,imu,accel_y,-0.66
1779907311231,imu,accel_z,9.85
1779907311231,imu,gyro_x,0.46
1779907311231,imu,gyro_y,-0.09
1779907311231,imu,gyro_z,0.19
1779907311231,imu,mag_x,5.2
1779907311231,imu,mag_y,10.4
1779907311231,imu,mag_z,2.0
1779907311330,baro,presion,1013.3
1779907311330,baro,temp,19.6
1779907311330,baro,alt,500.8
1779907311432,gps,lat,-33.299225
1779907311432,gps,lon,-70.599177
1779907311432,gps,alt,504.0
1779907312235,imu,accel_x,-0.58
1779907312235,imu,accel_y,0.24
1779907312235,imu,accel_z,9.700000000000001
1779907312235,imu,gyro_x,-0.23
1779907312235,imu,gyro_y,0.04
1779907312235,imu,gyro_z,0.08
1779907312235,imu,mag_x,-19.5
1779907312235,imu,mag_y,-27.900000000000002
1779907312235,imu,mag_z,18.6
1779907312333,baro,presion,1013.2
1779907312333,baro,temp,19.66
1779907312333,baro,alt,499.8
1779907312434,gps,lat,-33.299298
1779907312434,gps,lon,-70.599315
1779907312434,gps,alt,503.0
1779907313237,imu,accel_x,1.47
1779907313237,imu,accel_y,0.21
1779907313237,imu,accel_z,9.83
1779907313237,imu,gyro_x,-0.05
1779907313237,imu,gyro_y,0.08
1779907313237,imu,gyro_z,-0.27
1779907313237,imu,mag_x,16.900000000000002
1779907313237,imu,mag_y,-9.1
1779907313237,imu,mag_z,-7.4
1779907313337,baro,presion,1012.0
1779907313337,baro,temp,19.52
1779907313337,baro,alt,500.3
1779907313437,gps,lat,-33.30052
1779907313437,gps,lon,-70.600825
1779907313437,gps,alt,501.0
1779907314239,imu,accel_x,-0.04
1779907314239,imu,accel_y,-1.35
1779907314239,imu,accel_z,9.82
1779907314239,imu,gyro_x,0.03
1779907314239,imu,gyro_y,0.12
1779907314239,imu,gyro_z,-0.31
1779907314239,imu,mag_x,0.7000000000000001
1779907314239,imu,mag_y,-22.8
1779907314239,imu,mag_z,-3.5
1779907314340,baro,presion,1013.1
1779907314340,baro,temp,20.33
1779907314340,baro,alt,500.5
1779907314440,gps,lat,-33.29968
1779907314440,gps,lon,-70.599876
1779907314440,gps,alt,498.0
1779907315242,imu,accel_x,-0.1
1779907315242,imu,accel_y,1.69
1779907315242,imu,accel_z,9.76
1779907315242,imu,gyro_x,-0.18
1779907315242,imu,gyro_y,-0.34
1779907315242,imu,gyro_z,-0.1
1779907315242,imu,mag_x,-1.1
1779907315242,imu,mag_y,-3.3000000000000003
1779907315242,imu,mag_z,-17.900000000000002
1779907315341,baro,presion,1012.9
1779907315341,baro,temp,19.54
1779907315341,baro,alt,500.7
1779907315442,gps,lat,-33.299696
1779907315442,gps,lon,-70.599632
1779907315442,gps,alt,504.0
1779907316246,imu,accel_x,-0.63
1779907316246,imu,accel_y,1.46
1779907316246,imu,accel_z,9.82
1779907316246,imu,gyro_x,0.16
1779907316246,imu,gyro_y,0.21
1779907316246,imu,gyro_z,0.37
1779907316246,imu,mag_x,-23.400000000000002
1779907316246,imu,mag_y,9.700000000000001
1779907316246,imu,mag_z,24.200000000000003
1779907316345,baro,presion,1012.4
1779907316345,baro,temp,20.49
1779907316345,baro,alt,500.7
1779907316445,gps,lat,-33.299609
1779907316445,gps,lon,-70.600913
1779907316445,gps,alt,502.0
1779907317248,imu,accel_x,1.26
1779907317248,imu,accel_y,-0.74
1779907317248,imu,accel_z,9.89
1779907317248,imu,gyro_x,0.41000000000000003
1779907317248,imu,gyro_y,0.37
1779907317248,imu,gyro_z,0.32
1779907317248,imu,mag_x,3.6
1779907317248,imu,mag_y,-2.4000000000000004
1779907317248,imu,mag_z,27.3
1779907317347,baro,presion,1012.1
1779907317347,baro,temp,19.98
1779907317347,baro,alt,499.2
1779907317448,gps,lat,-33.299769
1779907317448,gps,lon,-70.600749
1779907317448,gps,alt,503.0
1779907318251,imu,accel_x,-1.99
1779907318251,imu,accel_y,-0.21
1779907318251,imu,accel_z,9.700000000000001
1779907318251,imu,gyro_x,-0.16
1779907318251,imu,gyro_y,-0.15
1779907318251,imu,gyro_z,-0.32
1779907318251,imu,mag_x,-11.700000000000001
1779907318251,imu,mag_y,3.9000000000000004
1779907318251,imu,mag_z,29.5
1779907318350,baro,presion,1013.3
1779907318350,baro,temp,19.94
1779907318350,baro,alt,499.8
1779907318451,gps,lat,-33.299208
1779907318451,gps,lon,-70.600613
1779907318451,gps,alt,499.0
1779907319253,imu,accel_x,-1.86
1779907319253,imu,accel_y,0.5700000000000001
1779907319253,imu,accel_z,9.83
1779907319253,imu,gyro_x,-0.22
1779907319253,imu,gyro_y,-0.24
1779907319253,imu,gyro_z,-0.01
1779907319253,imu,mag_x,12.700000000000001
1779907319253,imu,mag_y,-18.400000000000002
1779907319253,imu,mag_z,28.0
1779907319352,baro,presion,1012.4
1779907319352,baro,temp,20.17
1779907319352,baro,alt,500.2
1779907319454,gps,lat,-33.299065
1779907319454,gps,lon,-70.600166
1779907319454,gps,alt,503.0
1779907320256,imu,accel_x,1.47
1779907320256,imu,accel_y,-0.7000000000000001
1779907320256,imu,accel_z,9.700000000000001
1779907320256,imu,gyro_x,0.28
1779907320256,imu,gyro_y,0.28
1779907320256,imu,gyro_z,0.48
1779907320256,imu,mag_x,-0.6000000000000001
1779907320256,imu,mag_y,-14.700000000000001
1779907320256,imu,mag_z,25.900000000000002
1779907320355,baro,presion,1013.6
1779907320355,baro,temp,20.46
1779907320355,baro,alt,499.0
1779907320456,gps,lat,-33.3006
1779907320456,gps,lon,-70.599327
1779907320456,gps,alt,499.0
1779907321259,imu,accel_x,1.42
1779907321259,imu,accel_y,-1.9000000000000001
1779907321259,imu,accel_z,9.77
1779907321259,imu,gyro_x,0.34
1779907321259,imu,gyro_y,0.19
1779907321259,imu,gyro_z,-0.45
1779907321259,imu,mag_x,-4.2
1779907321259,imu,mag_y,26.900000000000002
1779907321259,imu,mag_z,-27.5
1779907321357,baro,presion,1012.2
1779907321357,baro,temp,20.46
1779907321357,baro,alt,500.5
1779907321459,gps,lat,-33.299241
1779907321459,gps,lon,-70.599035
1779907321459,gps,alt,500.0
1779907322261,imu,accel_x,-1.16
1779907322261,imu,accel_y,1.52
1779907322261,imu,accel_z,9.82
1779907322261,imu,gyro_x,-0.12
1779907322261,imu,gyro_y,-0.12
1779907322261,imu,gyro_z,-0.09
1779907322261,imu,mag_x,20.6
1779907322261,imu,mag_y,29.900000000000002
1779907322261,imu,mag_z,24.1
1779907322361,baro,presion,1013.6
1779907322361,baro,temp,20.27
1779907322361,baro,alt,499.7
1779907322462,gps,lat,-33.300038
1779907322462,gps,lon,-70.599534
1779907322462,gps,alt,495.0
1779907323263,imu,accel_x,-1.78
1779907323263,imu,accel_y,-0.91
1779907323263,imu,accel_z,9.89
1779907323263,imu,gyro_x,-0.06
1779907323263,imu,gyro_y,0.25
1779907323263,imu,gyro_z,0.47000000000000003
1779907323263,imu,mag_x,24.6
1779907323263,imu,mag_y,17.7
1779907323263,imu,mag_z,-21.3
1779907323363,baro,presion,1013.4
1779907323363,baro,temp,19.78
1779907323363,baro,alt,500.5
1779907323465,gps,lat,-33.29939
1779907323465,gps,lon,-70.599535
1779907323465,gps,alt,500.0
1779907324267,imu,accel_x,0.96
1779907324267,imu,accel_y,-1.18
1779907324267,imu,accel_z,9.700000000000001
1779907324267,imu,gyro_x,0.43
1779907324267,imu,gyro_y,0.06
1779907324267,imu,gyro_z,-0.17
1779907324267,imu,mag_x,3.6
1779907324267,imu,mag_y,26.200000000000003
1779907324267,imu,mag_z,-17.2
1779907324366,baro,presion,1012.4
1779907324366,baro,temp,19.94
1779907324366,baro,alt,499.8
1779907324467,gps,lat,-33.299531
1779907324467,gps,lon,-70.600424
1779907324467,gps,alt,501.0
1779907325269,imu,accel_x,-0.44
1779907325269,imu,accel_y,1.76
1779907325269,imu,accel_z,9.700000000000001
1779907325269,imu,gyro_x,-0.29
1779907325269,imu,gyro_y,-0.11
1779907325269,imu,gyro_z,0.22
1779907325269,imu,mag_x,22.0
1779907325269,imu,mag_y,9.1
1779907325269,imu,mag_z,22.0
1779907325369,baro,presion,1012.5
1779907325369,baro,temp,19.72
1779907325369,baro,alt,499.0
1779907325469,gps,lat,-33.300863
1779907325469,gps,lon,-70.600232
1779907325469,gps,alt,502.0
1779907326272,imu,accel_x,-2.0
1779907326272,imu,accel_y,0.26
1779907326272,imu,accel_z,9.72
1779907326272,imu,gyro_x,0.28
1779907326272,imu,gyro_y,0.49
1779907326272,imu,gyro_z,0.23
1779907326272,imu,mag_x,-29.700000000000003
1779907326272,imu,mag_y,-26.8
1779907326272,imu,mag_z,28.400000000000002
1779907326372,baro,presion,1012.7
1779907326372,baro,temp,19.85
1779907326372,baro,alt,500.4
1779907326473,gps,lat,-33.300811
1779907326473,gps,lon,-70.599329
1779907326473,gps,alt,498.0
1779907327274,imu,accel_x,-1.52
1779907327274,imu,accel_y,0.1
1779907327274,imu,accel_z,9.88
1779907327274,imu,gyro_x,0.15
1779907327274,imu,gyro_y,0.45
1779907327274,imu,gyro_z,0.43
1779907327274,imu,mag_x,-21.200000000000003
1779907327274,imu,mag_y,14.9
1779907327274,imu,mag_z,19.3
1779907327375,baro,presion,1012.2
1779907327375,baro,temp,19.73
1779907327375,baro,alt,499.2
1779907327475,gps,lat,-33.300835
1779907327475,gps,lon,-70.600197
1779907327475,gps,alt,498.0
1779907328278,imu,accel_x,-1.24
1779907328278,imu,accel_y,1.1300000000000001
1779907328278,imu,accel_z,9.790000000000001
1779907328278,imu,gyro_x,-0.5
1779907328278,imu,gyro_y,-0.37
1779907328278,imu,gyro_z,0.22
1779907328278,imu,mag_x,12.5
1779907328278,imu,mag_y,10.8
1779907328278,imu,mag_z,-18.3
1779907328376,baro,presion,1012.6
1779907328376,baro,temp,19.74
1779907328376,baro,alt,499.3
1779907328477,gps,lat,-33.299597
1779907328477,gps,lon,-70.600743
1779907328477,gps,alt,502.0
1779907329281,imu,accel_x,-2.0
1779907329281,imu,accel_y,-0.13
1779907329281,imu,accel_z,9.700000000000001
1779907329281,imu,gyro_x,-0.46
1779907329281,imu,gyro_y,0.47000000000000003
1779907329281,imu,gyro_z,-0.19
1779907329281,imu,mag_x,-27.5
1779907329281,imu,mag_y,25.400000000000002
1779907329281,imu,mag_z,11.5
1779907329380,baro,presion,1013.3
1779907329380,baro,temp,19.79
1779907329380,baro,alt,499.1
1779907329481,gps,lat,-33.299005
1779907329481,gps,lon,-70.599138
1779907329481,gps,alt,498.0
1779907330283,imu,accel_x,-0.43
1779907330283,imu,accel_y,-1.34
1779907330283,imu,accel_z,9.77
1779907330283,imu,gyro_x,-0.36
1779907330283,imu,gyro_y,0.09
1779907330283,imu,gyro_z,0.16
1779907330283,imu,mag_x,5.800000000000001
1779907330283,imu,mag_y,-2.2
1779907330283,imu,mag_z,-4.5
1779907330383,baro,presion,1013.9
1779907330383,baro,temp,19.8
1779907330383,baro,alt,499.4
1779907330483,gps,lat,-33.300629
1779907330483,gps,lon,-70.599925
1779907330483,gps,alt,502.0
1779907331285,imu,accel_x,-1.9100000000000001
1779907331285,imu,accel_y,-0.25
1779907331285,imu,accel_z,9.88
1779907331285,imu,gyro_x,0.43
1779907331285,imu,gyro_y,-0.14
1779907331285,imu,gyro_z,0.25
1779907331285,imu,mag_x,-8.3
1779907331285,imu,mag_y,-8.6
1779907331285,imu,mag_z,-17.5
1779907331385,baro,presion,1012.0
1779907331385,baro,temp,19.64
1779907331385,baro,alt,500.8
1779907331485,gps,lat,-33.299984
1779907331485,gps,lon,-70.600812
1779907331485,gps,alt,501.0
1779907332288,imu,accel_x,1.01
1779907332288,imu,accel_y,1.04
1779907332288,imu,accel_z,9.78
1779907332288,imu,gyro_x,-0.15
1779907332288,imu,gyro_y,0.03
1779907332288,imu,gyro_z,-0.15
1779907332288,imu,mag_x,-21.3
1779907332288,imu,mag_y,-17.7
1779907332288,imu,mag_z,18.900000000000002
1779907332388,baro,presion,1012.1
1779907332388,baro,temp,20.36
1779907332388,baro,alt,499.5
1779907332489,gps,lat,-33.300342
1779907332489,gps,lon,-70.599174
1779907332489,gps,alt,496.0
1779907333291,imu,accel_x,-0.9
1779907333291,imu,accel_y,0.78
1779907333291,imu,accel_z,9.73
1779907333291,imu,gyro_x,-0.06
1779907333291,imu,gyro_y,0.47000000000000003
1779907333291,imu,gyro_z,-0.11
1779907333291,imu,mag_x,-28.3
1779907333291,imu,mag_y,17.900000000000002
1779907333291,imu,mag_z,-28.8
1779907333391,baro,presion,1013.6
1779907333391,baro,temp,20.48
1779907333391,baro,alt,500.6
1779907333491,gps,lat,-33.299204
1779907333491,gps,lon,-70.59955
1779907333491,gps,alt,496.0
1779907334293,imu,accel_x,-1.53
1779907334293,imu,accel_y,-0.35000000000000003
1779907334293,imu,accel_z,9.76
1779907334293,imu,gyro_x,0.36
1779907334293,imu,gyro_y,-0.24
1779907334293,imu,gyro_z,-0.31
1779907334293,imu,mag_x,25.400000000000002
1779907334293,imu,mag_y,24.400000000000002
1779907334293,imu,mag_z,-21.200000000000003
1779907334393,baro,presion,1013.8
1779907334393,baro,temp,20.07
1779907334393,baro,alt,500.3
1779907334494,gps,lat,-33.300268
1779907334494,gps,lon,-70.599338
1779907334494,gps,alt,498.0
1779907335297,imu,accel_x,0.03
1779907335297,imu,accel_y,1.49
1779907335297,imu,accel_z,9.85
1779907335297,imu,gyro_x,0.39
1779907335297,imu,gyro_y,0.27
1779907335297,imu,gyro_z,-0.48
1779907335297,imu,mag_x,-0.4
1779907335297,imu,mag_y,-25.0
1779907335297,imu,mag_z,-12.3
1779907335395,baro,presion,1012.3
1779907335395,baro,temp,19.82
1779907335395,baro,alt,500.2
1779907335497,gps,lat,-33.299544
1779907335497,gps,lon,-70.599063
1779907335497,gps,alt,498.0
1779907336299,imu,accel_x,-0.55
1779907336299,imu,accel_y,-1.85
1779907336299,imu,accel_z,9.8
1779907336299,imu,gyro_x,-0.27
1779907336299,imu,gyro_y,-0.23
1779907336299,imu,gyro_z,-0.49
1779907336299,imu,mag_x,6.5
1779907336299,imu,mag_y,-11.200000000000001
1779907336299,imu,mag_z,18.7
1779907336398,baro,presion,1013.9
1779907336398,baro,temp,19.82
1779907336398,baro,alt,499.7
1779907336499,gps,lat,-33.300416
1779907336499,gps,lon,-70.59961
1779907336499,gps,alt,495.0
1779907337302,imu,accel_x,0.01
1779907337302,imu,accel_y,0.98
1779907337302,imu,accel_z,9.82
1779907337302,imu,gyro_x,0.28
1779907337302,imu,gyro_y,0.17
1779907337302,imu,gyro_z,0.16
1779907337302,imu,mag_x,-7.800000000000001
1779907337302,imu,mag_y,11.600000000000001
1779907337302,imu,mag_z,-0.30000000000000004
1779907337401,baro,presion,1013.0
1779907337401,baro,temp,20.47
1779907337401,baro,alt,500.5
1779907337502,gps,lat,-33.299129
1779907337502,gps,lon,-70.599545
1779907337502,gps,alt,498.0
1779907338305,imu,accel_x,-1.31
1779907338305,imu,accel_y,1.23
1779907338305,imu,accel_z,9.790000000000001
1779907338305,imu,gyro_x,0.29
1779907338305,imu,gyro_y,-0.3
1779907338305,imu,gyro_z,-0.06
1779907338305,imu,mag_x,-25.900000000000002
1779907338305,imu,mag_y,-13.600000000000001
1779907338305,imu,mag_z,-25.1
1779907338404,baro,presion,1013.9
1779907338404,baro,temp,19.96
1779907338404,baro,alt,499.4
1779907338504,gps,lat,-33.300576
1779907338504,gps,lon,-70.599802
1779907338504,gps,alt,501.0
1779907339307,imu,accel_x,1.32
1779907339307,imu,accel_y,-1.1400000000000001
1779907339307,imu,accel_z,9.83
1779907339307,imu,gyro_x,0.38
1779907339307,imu,gyro_y,-0.34
1779907339307,imu,gyro_z,0.28
1779907339307,imu,mag_x,-25.6
1779907339307,imu,mag_y,27.200000000000003
1779907339307,imu,mag_z,-11.0
1779907339407,baro,presion,1012.3
1779907339407,baro,temp,19.71
1779907339407,baro,alt,500.5
1779907339507,gps,lat,-33.300554
1779907339507,gps,lon,-70.600254
1779907339507,gps,alt,495.0
1779907340310,imu,accel_x,-0.71
1779907340310,imu,accel_y,-0.23
1779907340310,imu,accel_z,9.81
1779907340310,imu,gyro_x,0.19
1779907340310,imu,gyro_y,-0.11
1779907340310,imu,gyro_z,-0.37
1779907340310,imu,mag_x,12.3
1779907340310,imu,mag_y,-0.7000000000000001
1779907340310,imu,mag_z,-9.600000000000001
1779907340410,baro,presion,1013.2
1779907340410,baro,temp,20.43
1779907340410,baro,alt,500.0
1779907340510,gps,lat,-33.300511
1779907340510,gps,lon,-70.599765
1779907340510,gps,alt,501.0
1779907341312,imu,accel_x,-0.11
1779907341312,imu,accel_y,-0.3
1779907341312,imu,accel_z,9.83
1779907341312,imu,gyro_x,0.02
1779907341312,imu,gyro_y,0.42
1779907341312,imu,gyro_z,0.11
1779907341312,imu,mag_x,-8.6
1779907341312,imu,mag_y,17.2
1779907341312,imu,mag_z,-6.6000000000000005
1779907341413,baro,presion,1012.6
1779907341413,baro,temp,20.42
1779907341413,baro,alt,500.0
1779907341513,gps,lat,-33.300698
1779907341513,gps,lon,-70.599743
1779907341513,gps,alt,502.0
1779907342316,imu,accel_x,0.09
1779907342316,imu,accel_y,-0.17
1779907342316,imu,accel_z,9.89
1779907342316,imu,gyro_x,0.42
1779907342316,imu,gyro_y,-0.06
1779907342316,imu,gyro_z,-0.08
1779907342316,imu,mag_x,-5.2
1779907342316,imu,mag_y,-22.8
1779907342316,imu,mag_z,10.100000000000001
1779907342415,baro,presion,1013.4
1779907342415,baro,temp,20.39
1779907342415,baro,alt,499.7
1779907342516,gps,lat,-33.299655
1779907342516,gps,lon,-70.600476
1779907342516,gps,alt,504.0
1779907343317,imu,accel_x,-1.6500000000000001
1779907343317,imu,accel_y,-1.19
1779907343317,imu,accel_z,9.870000000000001
1779907343317,imu,gyro_x,-0.28
1779907343317,imu,gyro_y,-0.01
1779907343317,imu,gyro_z,0.2
1779907343317,imu,mag_x,-0.7000000000000001
1779907343317,imu,mag_y,14.700000000000001
1779907343317,imu,mag_z,24.200000000000003
1779907343417,baro,presion,1013.6
1779907343417,baro,temp,20.16
1779907343417,baro,alt,500.0
1779907343518,gps,lat,-33.300451
1779907343518,gps,lon,-70.599513
1779907343518,gps,alt,501.0
1779907344321,imu,accel_x,1.33
1779907344321,imu,accel_y,1.2
1779907344321,imu,accel_z,9.73
1779907344321,imu,gyro_x,-0.13
1779907344321,imu,gyro_y,-0.42
1779907344321,imu,gyro_z,-0.45
1779907344321,imu,mag_x,-5.9
1779907344321,imu,mag_y,-8.9
1779907344321,imu,mag_z,-23.200000000000003
1779907344420,baro,presion,1012.8
1779907344420,baro,temp,20.22
1779907344420,baro,alt,499.7
1779907344521,gps,lat,-33.300281
1779907344521,gps,lon,-70.599167
1779907344521,gps,alt,498.0
1779907345323,imu,accel_x,1.1500000000000001
1779907345323,imu,accel_y,1.09
1779907345323,imu,accel_z,9.89
1779907345323,imu,gyro_x,-0.19
1779907345323,imu,gyro_y,-0.32
1779907345323,imu,gyro_z,-0.26
1779907345323,imu,mag_x,5.7
1779907345323,imu,mag_y,-27.0
1779907345323,imu,mag_z,-25.8
1779907345423,baro,presion,1013.7
1779907345423,baro,temp,20.18
1779907345423,baro,alt,500.7
1779907345523,gps,lat,-33.300262
1779907345523,gps,lon,-70.600283
1779907345523,gps,alt,503.0
1779907346326,imu,accel_x,0.39
1779907346326,imu,accel_y,0.17
1779907346326,imu,accel_z,9.84
1779907346326,imu,gyro_x,-0.3
1779907346326,imu,gyro_y,-0.5
1779907346326,imu,gyro_z,0.09
1779907346326,imu,mag_x,-23.3
1779907346326,imu,mag_y,-6.1000000000000005
1779907346326,imu,mag_z,-23.700000000000003
1779907346426,baro,presion,1012.3
1779907346426,baro,temp,20.46
1779907346426,baro,alt,500.1
1779907346526,gps,lat,-33.300831
1779907346526,gps,lon,-70.600298
1779907346526,gps,alt,500.0
1779907347329,imu,accel_x,-0.54
1779907347329,imu,accel_y,-1.69
1779907347329,imu,accel_z,9.790000000000001
1779907347329,imu,gyro_x,0.15
1779907347329,imu,gyro_y,0.0
1779907347329,imu,gyro_z,0.31
1779907347329,imu,mag_x,10.100000000000001
1779907347329,imu,mag_y,-8.9
1779907347329,imu,mag_z,-13.700000000000001
1779907347429,baro,presion,1013.2
1779907347429,baro,temp,19.89
1779907347429,baro,alt,499.0
1779907347529,gps,lat,-33.300129
1779907347529,gps,lon,-70.600781
1779907347529,gps,alt,495.0
1779907348332,imu,accel_x,1.01
1779907348332,imu,accel_y,0.35000000000000003
1779907348332,imu,accel_z,9.76
1779907348332,imu,gyro_x,0.48
1779907348332,imu,gyro_y,-0.31
1779907348332,imu,gyro_z,-0.12
1779907348332,imu,mag_x,8.3
1779907348332,imu,mag_y,4.9
1779907348332,imu,mag_z,25.5
1779907348431,baro,presion,1012.9
1779907348431,baro,temp,20.22
1779907348431,baro,alt,500.2
1779907348531,gps,lat,-33.300409
1779907348531,gps,lon,-70.599147
1779907348531,gps,alt,499.0
1779907349334,imu,accel_x,1.55
1779907349334,imu,accel_y,-2.0
1779907349334,imu,accel_z,9.71
1779907349334,imu,gyro_x,0.45
1779907349334,imu,gyro_y,-0.25
1779907349334,imu,gyro_z,-0.25
1779907349334,imu,mag_x,9.0
1779907349334,imu,mag_y,18.6
1779907349334,imu,mag_z,3.1
1779907349434,baro,presion,1013.4
1779907349434,baro,temp,19.8
1779907349434,baro,alt,499.3
1779907349534,gps,lat,-33.300219
1779907349534,gps,lon,-70.600902
1779907349534,gps,alt,497.0
1779907350336,imu,accel_x,-1.55
1779907350336,imu,accel_y,1.6
1779907350336,imu,accel_z,9.81
1779907350336,imu,gyro_x,-0.01
1779907350336,imu,gyro_y,-0.49
1779907350336,imu,gyro_z,-0.31
1779907350336,imu,mag_x,-11.200000000000001
1779907350336,imu,mag_y,-4.0
1779907350336,imu,mag_z,-21.700000000000003
1779907350437,baro,presion,1012.5
1779907350437,baro,temp,20.18
1779907350437,baro,alt,499.3
1779907350537,gps,lat,-33.300097
1779907350537,gps,lon,-70.600806
1779907350537,gps,alt,495.0
1779907351340,imu,accel_x,-0.22
1779907351340,imu,accel_y,-0.78
1779907351340,imu,accel_z,9.78
1779907351340,imu,gyro_x,0.36
1779907351340,imu,gyro_y,0.48
1779907351340,imu,gyro_z,-0.39
1779907351340,imu,mag_x,-8.8
1779907351340,imu,mag_y,-2.8000000000000003
1779907351340,imu,mag_z,-10.5
1779907351439,baro,presion,1012.4
1779907351439,baro,temp,20.43
1779907351439,baro,alt,499.3
1779907351540,gps,lat,-33.299146
1779907351540,gps,lon,-70.599429
1779907351540,gps,alt,495.0
1779907352342,imu,accel_x,0.8200000000000001
1779907352342,imu,accel_y,-0.9500000000000001
1779907352342,imu,accel_z,9.84
1779907352342,imu,gyro_x,0.46
1779907352342,imu,gyro_y,-0.3
1779907352342,imu,gyro_z,-0.4
1779907352342,imu,mag_x,6.4
1779907352342,imu,mag_y,-19.3
1779907352342,imu,mag_z,-18.5
1779907352442,baro,presion,1012.8
1779907352442,baro,temp,19.79
1779907352442,baro,alt,500.6
1779907352543,gps,lat,-33.299618
1779907352543,gps,lon,-70.599084
1779907352543,gps,alt,501.0
1779907353345,imu,accel_x,-1.01
1779907353345,imu,accel_y,-1.22
1779907353345,imu,accel_z,9.82
1779907353345,imu,gyro_x,0.08
1779907353345,imu,gyro_y,-0.5
1779907353345,imu,gyro_z,0.04
1779907353345,imu,mag_x,-27.8
1779907353345,imu,mag_y,-21.1
1779907353345,imu,mag_z,-24.5
1779907353445,baro,presion,1013.6
1779907353445,baro,temp,19.51
1779907353445,baro,alt,499.4
1779907353545,gps,lat,-33.29927
1779907353545,gps,lon,-70.599004
1779907353545,gps,alt,502.0
1779907354348,imu,accel_x,-1.8
1779907354348,imu,accel_y,-1.36
1779907354348,imu,accel_z,9.85
1779907354348,imu,gyro_x,0.31
1779907354348,imu,gyro_y,0.25
1779907354348,imu,gyro_z,-0.3
1779907354348,imu,mag_x,13.9
1779907354348,imu,mag_y,14.200000000000001
1779907354348,imu,mag_z,-20.0
1779907354448,baro,presion,1013.7
1779907354448,baro,temp,19.69
1779907354448,baro,alt,500.0
1779907354547,gps,lat,-33.300798
1779907354547,gps,lon,-70.600355
1779907354547,gps,alt,496.0
1779907355350,imu,accel_x,-1.84
1779907355350,imu,accel_y,0.21
1779907355350,imu,accel_z,9.790000000000001
1779907355350,imu,gyro_x,0.34
1779907355350,imu,gyro_y,-0.18
1779907355350,imu,gyro_z,0.07
1779907355350,imu,mag_x,14.200000000000001
1779907355350,imu,mag_y,-27.3
1779907355350,imu,mag_z,23.0
1779907355449,baro,presion,1013.0
1779907355449,baro,temp,19.92
1779907355449,baro,alt,500.7
1779907355551,gps,lat,-33.299273
1779907355551,gps,lon,-70.600663
1779907355551,gps,alt,502.0
1779907356353,imu,accel_x,-0.08
1779907356353,imu,accel_y,-1.1500000000000001
1779907356353,imu,accel_z,9.88
1779907356353,imu,gyro_x,-0.25
1779907356353,imu,gyro_y,-0.28
1779907356353,imu,gyro_z,-0.35000000000000003
1779907356353,imu,mag_x,5.0
1779907356353,imu,mag_y,-29.5
1779907356353,imu,mag_z,23.6
1779907356453,baro,presion,1013.7
1779907356453,baro,temp,20.03
1779907356453,baro,alt,499.5
1779907356554,gps,lat,-33.300152
1779907356554,gps,lon,-70.599898
1779907356554,gps,alt,504.0
1779907357356,imu,accel_x,0.63
1779907357356,imu,accel_y,-1.75
1779907357356,imu,accel_z,9.72
1779907357356,imu,gyro_x,-0.11
1779907357356,imu,gyro_y,0.32
1779907357356,imu,gyro_z,0.24
1779907357356,imu,mag_x,-7.9
1779907357356,imu,mag_y,-2.6
1779907357356,imu,mag_z,26.1
1779907357456,baro,presion,1013.4
1779907357456,baro,temp,20.41
1779907357456,baro,alt,499.9
1779907357556,gps,lat,-33.300028
1779907357556,gps,lon,-70.599887
1779907357556,gps,alt,501.0
1779907358358,imu,accel_x,0.48
1779907358358,imu,accel_y,1.47
1779907358358,imu,accel_z,9.82
1779907358358,imu,gyro_x,-0.49
1779907358358,imu,gyro_y,0.47000000000000003
1779907358358,imu,gyro_z,-0.01
1779907358358,imu,mag_x,28.700000000000003
1779907358358,imu,mag_y,-5.7
1779907358358,imu,mag_z,-23.3
1779907358457,baro,presion,1013.7
1779907358457,baro,temp,19.75
1779907358457,baro,alt,499.7
1779907358559,gps,lat,-33.300415
1779907358559,gps,lon,-70.600799
1779907358559,gps,alt,499.0
1779907359361,imu,accel_x,0.41000000000000003
1779907359361,imu,accel_y,-0.62
1779907359361,imu,accel_z,9.71
1779907359361,imu,gyro_x,-0.34
1779907359361,imu,gyro_y,-0.05
1779907359361,imu,gyro_z,-0.07
1779907359361,imu,mag_x,13.8
1779907359361,imu,mag_y,-15.200000000000001
1779907359361,imu,mag_z,12.5
1779907359460,baro,presion,1012.9
1779907359460,baro,temp,20.45
1779907359460,baro,alt,500.7
1779907359561,gps,lat,-33.299393
1779907359561,gps,lon,-70.599778
1779907359561,gps,alt,499.0
1779907360364,imu,accel_x,-0.45
1779907360364,imu,accel_y,0.76
1779907360364,imu,accel_z,9.74
1779907360364,imu,gyro_x,-0.46
1779907360364,imu,gyro_y,-0.47000000000000003
1779907360364,imu,gyro_z,-0.36
1779907360364,imu,mag_x,-4.2
1779907360364,imu,mag_y,15.5
1779907360364,imu,mag_z,-13.5
1779907360463,baro,presion,1012.7
1779907360463,baro,temp,19.57
1779907360463,baro,alt,500.3
1779907360563,gps,lat,-33.299117
1779907360563,gps,lon,-70.600924
1779907360563,gps,alt,496.0
1779907361366,imu,accel_x,0.71
1779907361366,imu,accel_y,1.77
1779907361366,imu,accel_z,9.73
1779907361366,imu,gyro_x,0.45
1779907361366,imu,gyro_y,-0.12
1779907361366,imu,gyro_z,0.33
1779907361366,imu,mag_x,-18.0
1779907361366,imu,mag_y,-1.2000000000000002
1779907361366,imu,mag_z,-12.5
1779907361467,baro,presion,1013.8
1779907361467,baro,temp,20.19
1779907361467,baro,alt,500.8
1779907361566,gps,lat,-33.300063
1779907361566,gps,lon,-70.60012
1779907361566,gps,alt,496.0
1779907362368,imu,accel_x,0.2
1779907362368,imu,accel_y,0.53
1779907362368,imu,accel_z,9.73
1779907362368,imu,gyro_x,0.0
1779907362368,imu,gyro_y,-0.39
1779907362368,imu,gyro_z,0.41000000000000003
1779907362368,imu,mag_x,21.5
1779907362368,imu,mag_y,-15.100000000000001
1779907362368,imu,mag_z,26.1
1779907362468,baro,presion,1013.0
1779907362468,baro,temp,19.68
1779907362468,baro,alt,500.6
1779907362569,gps,lat,-33.30042
1779907362569,gps,lon,-70.599593
1779907362569,gps,alt,503.0
1779907363372,imu,accel_x,-1.46
1779907363372,imu,accel_y,-0.18
1779907363372,imu,accel_z,9.700000000000001
1779907363372,imu,gyro_x,0.48
1779907363372,imu,gyro_y,0.48
1779907363372,imu,gyro_z,-0.18
1779907363372,imu,mag_x,-29.5
1779907363372,imu,mag_y,11.9
1779907363372,imu,mag_z,-2.9000000000000004
1779907363471,baro,presion,1012.6
1779907363471,baro,temp,19.74
1779907363471,baro,alt,500.6
1779907363572,gps,lat,-33.299174
1779907363572,gps,lon,-70.599087
1779907363572,gps,alt,504.0
1779907364374,imu,accel_x,-0.59
1779907364374,imu,accel_y,1.57
1779907364374,imu,accel_z,9.790000000000001
1779907364374,imu,gyro_x,-0.4
1779907364374,imu,gyro_y,0.26
1779907364374,imu,gyro_z,-0.48
1779907364374,imu,mag_x,29.700000000000003
1779907364374,imu,mag_y,-27.1
1779907364374,imu,mag_z,-29.1
1779907364473,baro,presion,1012.9
1779907364473,baro,temp,20.03
1779907364473,baro,alt,499.8
1779907364575,gps,lat,-33.300992
1779907364575,gps,lon,-70.600086
1779907364575,gps,alt,503.0
1779907365377,imu,accel_x,-1.04
1779907365377,imu,accel_y,1.67
1779907365377,imu,accel_z,9.71
1779907365377,imu,gyro_x,-0.25
1779907365377,imu,gyro_y,-0.23
1779907365377,imu,gyro_z,-0.01
1779907365377,imu,mag_x,10.4
1779907365377,imu,mag_y,-2.2
1779907365377,imu,mag_z,25.6
1779907365477,baro,presion,1012.9
1779907365477,baro,temp,19.98
1779907365477,baro,alt,499.4
1779907365577,gps,lat,-33.30097
1779907365577,gps,lon,-70.600784
1779907365577,gps,alt,502.0
1779907366380,imu,accel_x,0.3
1779907366380,imu,accel_y,0.34
1779907366380,imu,accel_z,9.84
1779907366380,imu,gyro_x,0.46
1779907366380,imu,gyro_y,-0.42
1779907366380,imu,gyro_z,-0.13
1779907366380,imu,mag_x,17.900000000000002
1779907366380,imu,mag_y,11.0
1779907366380,imu,mag_z,-7.800000000000001
1779907366479,baro,presion,1012.5
1779907366479,baro,temp,19.95
1779907366479,baro,alt,500.1
1779907366580,gps,lat,-33.29919
1779907366580,gps,lon,-70.599476
1779907366580,gps,alt,502.0
1779907367383,imu,accel_x,-1.9100000000000001
1779907367383,imu,accel_y,0.21
1779907367383,imu,accel_z,9.86
1779907367383,imu,gyro_x,-0.03
1779907367383,imu,gyro_y,0.42
1779907367383,imu,gyro_z,0.09
1779907367383,imu,mag_x,-19.1
1779907367383,imu,mag_y,-3.9000000000000004
1779907367383,imu,mag_z,11.9
1779907367482,baro,presion,1013.3
1779907367482,baro,temp,20.0
1779907367482,baro,alt,499.7
1779907367582,gps,lat,-33.3009
1779907367582,gps,lon,-70.600354
1779907367582,gps,alt,501.0
1779907368385,imu,accel_x,0.75
1779907368385,imu,accel_y,1.3900000000000001
1779907368385,imu,accel_z,9.84
1779907368385,imu,gyro_x,-0.5
1779907368385,imu,gyro_y,0.21
1779907368385,imu,gyro_z,-0.17
1779907368385,imu,mag_x,-22.400000000000002
1779907368385,imu,mag_y,-15.600000000000001
1779907368385,imu,mag_z,14.9
1779907368485,baro,presion,1013.6
1779907368485,baro,temp,20.45
1779907368485,baro,alt,499.0
1779907368585,gps,lat,-33.299188
1779907368585,gps,lon,-70.60032
1779907368585,gps,alt,504.0
1779907369388,imu,accel_x,1.36
1779907369388,imu,accel_y,-0.22
1779907369388,imu,accel_z,9.84
1779907369388,imu,gyro_x,-0.25
1779907369388,imu,gyro_y,0.34
1779907369388,imu,gyro_z,-0.01
1779907369388,imu,mag_x,-8.4
1779907369388,imu,mag_y,12.600000000000001
1779907369388,imu,mag_z,20.200000000000003
1779907369488,baro,presion,1012.7
1779907369488,baro,temp,19.85
1779907369488,baro,alt,499.7
1779907369588,gps,lat,-33.300769
1779907369588,gps,lon,-70.600929
1779907369588,gps,alt,495.0
1779907370390,imu,accel_x,1.95
1779907370390,imu,accel_y,-1.96
1779907370390,imu,accel_z,9.8
1779907370390,imu,gyro_x,0.03
1779907370390,imu,gyro_y,-0.22
1779907370390,imu,gyro_z,0.3
1779907370390,imu,mag_x,25.400000000000002
1779907370390,imu,mag_y,-26.200000000000003
1779907370390,imu,mag_z,7.300000000000001
1779907370490,baro,presion,1013.8
1779907370490,baro,temp,19.76
1779907370490,baro,alt,499.8
1779907370590,gps,lat,-33.300576
1779907370590,gps,lon,-70.599045
1779907370590,gps,alt,504.0
1779907371393,imu,accel_x,1.6600000000000001
1779907371393,imu,accel_y,1.97
1779907371393,imu,accel_z,9.700000000000001
1779907371393,imu,gyro_x,-0.42
1779907371393,imu,gyro_y,-0.18
1779907371393,imu,gyro_z,-0.07
1779907371393,imu,mag_x,23.400000000000002
1779907371393,imu,mag_y,11.9
1779907371393,imu,mag_z,0.1
1779907371493,baro,presion,1013.9
1779907371493,baro,temp,20.08
1779907371493,baro,alt,500.0
1779907371594,gps,lat,-33.29952
1779907371594,gps,lon,-70.600469
1779907371594,gps,alt,501.0
1779907372396,imu,accel_x,0.58
1779907372396,imu,accel_y,-0.5
1779907372396,imu,accel_z,9.77
1779907372396,imu,gyro_x,0.33
1779907372396,imu,gyro_y,-0.13
1779907372396,imu,gyro_z,0.44
1779907372396,imu,mag_x,25.8
1779907372396,imu,mag_y,-17.6
1779907372396,imu,mag_z,-27.1
1779907372495,baro,presion,1013.8
1779907372495,baro,temp,20.31
1779907372495,baro,alt,499.8
1779907372596,gps,lat,-33.300784
1779907372596,gps,lon,-70.600516
1779907372596,gps,alt,497.0
1779907373398,imu,accel_x,-1.47
1779907373398,imu,accel_y,-1.52
1779907373398,imu,accel_z,9.870000000000001
1779907373398,imu,gyro_x,0.37
1779907373398,imu,gyro_y,-0.39
1779907373398,imu,gyro_z,-0.25
1779907373398,imu,mag_x,25.8
1779907373398,imu,mag_y,-15.100000000000001
1779907373398,imu,mag_z,-8.200000000000001
1779907373499,baro,presion,1012.2
1779907373499,baro,temp,20.05
1779907373499,baro,alt,499.0
1779907373598,gps,lat,-33.300953
1779907373598,gps,lon,-70.599392
1779907373598,gps,alt,501.0
1779907374401,imu,accel_x,-1.34
1779907374401,imu,accel_y,-0.77
1779907374401,imu,accel_z,9.74
1779907374401,imu,gyro_x,-0.36
1779907374401,imu,gyro_y,0.27
1779907374401,imu,gyro_z,-0.12
1779907374401,imu,mag_x,24.900000000000002
1779907374401,imu,mag_y,17.5
1779907374401,imu,mag_z,14.4
1779907374501,baro,presion,1012.2
1779907374501,baro,temp,19.93
1779907374501,baro,alt,499.9
1779907374602,gps,lat,-33.300495
1779907374602,gps,lon,-70.600566
1779907374602,gps,alt,499.0
1779907375403,imu,accel_x,-0.05
1779907375403,imu,accel_y,-1.9000000000000001
1779907375403,imu,accel_z,9.82
1779907375403,imu,gyro_x,-0.21
1779907375403,imu,gyro_y,0.33
1779907375403,imu,gyro_z,-0.01
1779907375403,imu,mag_x,-21.6
1779907375403,imu,mag_y,16.1
1779907375403,imu,mag_z,-2.3000000000000003
1779907375503,baro,presion,1013.7
1779907375503,baro,temp,20.17
1779907375503,baro,alt,499.2
1779907375604,gps,lat,-33.300486
1779907375604,gps,lon,-70.599338
1779907375604,gps,alt,503.0
1779907376406,imu,accel_x,-1.23
1779907376406,imu,accel_y,-1.84
1779907376406,imu,accel_z,9.870000000000001
1779907376406,imu,gyro_x,0.16
1779907376406,imu,gyro_y,0.43
1779907376406,imu,gyro_z,-0.14
1779907376406,imu,mag_x,0.1
1779907376406,imu,mag_y,-25.400000000000002
1779907376406,imu,mag_z,10.4
1779907376506,baro,presion,1013.7
1779907376506,baro,temp,20.21
1779907376506,baro,alt,500.9
1779907376607,gps,lat,-33.299835
1779907376607,gps,lon,-70.599793
1779907376607,gps,alt,501.0
1779907377409,imu,accel_x,-0.38
1779907377409,imu,accel_y,0.86
1779907377409,imu,accel_z,9.89
1779907377409,imu,gyro_x,0.17
1779907377409,imu,gyro_y,0.14
1779907377409,imu,gyro_z,-0.48
1779907377409,imu,mag_x,-0.7000000000000001
1779907377409,imu,mag_y,9.1
1779907377409,imu,mag_z,20.200000000000003
1779907377509,baro,presion,1013.1
1779907377509,baro,temp,19.69
1779907377509,baro,alt,500.7
1779907377610,gps,lat,-33.299813
1779907377610,gps,lon,-70.599057
1779907377610,gps,alt,499.0
1779907378413,imu,accel_x,-0.16
1779907378413,imu,accel_y,-1.6400000000000001
1779907378413,imu,accel_z,9.870000000000001
1779907378413,imu,gyro_x,-0.13
1779907378413,imu,gyro_y,-0.16
1779907378413,imu,gyro_z,-0.11
1779907378413,imu,mag_x,27.5
1779907378413,imu,mag_y,-24.1
1779907378413,imu,mag_z,-19.1
1779907378512,baro,presion,1013.3
1779907378512,baro,temp,20.11
1779907378512,baro,alt,500.5
1779907378613,gps,lat,-33.30094
1779907378613,gps,lon,-70.599634
1779907378613,gps,alt,503.0
1779907379414,imu,accel_x,0.25
1779907379414,imu,accel_y,-1.29
1779907379414,imu,accel_z,9.89
1779907379414,imu,gyro_x,0.09
1779907379414,imu,gyro_y,0.29
1779907379414,imu,gyro_z,0.15
1779907379414,imu,mag_x,-6.1000000000000005
1779907379414,imu,mag_y,4.800000000000001
1779907379414,imu,mag_z,21.0
1779907379514,baro,presion,1013.9
1779907379514,baro,temp,19.87
1779907379514,baro,alt,500.7
1779907379615,gps,lat,-33.300591
1779907379615,gps,lon,-70.599386
1779907379615,gps,alt,500.0
1779907380418,imu,accel_x,-1.56
1779907380418,imu,accel_y,-1.27
1779907380418,imu,accel_z,9.89
1779907380418,imu,gyro_x,-0.07
1779907380418,imu,gyro_y,0.15
1779907380418,imu,gyro_z,0.45
1779907380418,imu,mag_x,-13.100000000000001
1779907380418,imu,mag_y,-22.1
1779907380418,imu,mag_z,19.5
1779907380517,baro,presion,1012.6
1779907380517,baro,temp,20.47
1779907380517,baro,alt,500.6
1779907380618,gps,lat,-33.299363
1779907380618,gps,lon,-70.600135
1779907380618,gps,alt,496.0
1779907381419,imu,accel_x,-1.95
1779907381419,imu,accel_y,-1.79
1779907381419,imu,accel_z,9.700000000000001
1779907381419,imu,gyro_x,0.21
1779907381419,imu,gyro_y,-0.18
1779907381419,imu,gyro_z,0.2
1779907381419,imu,mag_x,28.8
1779907381419,imu,mag_y,3.5
1779907381419,imu,mag_z,15.100000000000001
1779907381519,baro,presion,1013.6
1779907381519,baro,temp,19.58
1779907381519,baro,alt,499.1
1779907381619,gps,lat,-33.300225
1779907381619,gps,lon,-70.600219
1779907381619,gps,alt,498.0
1779907382423,imu,accel_x,0.78
1779907382423,imu,accel_y,-1.97
1779907382423,imu,accel_z,9.8
1779907382423,imu,gyro_x,-0.11
1779907382423,imu,gyro_y,0.38
1779907382423,imu,gyro_z,-0.35000000000000003
1779907382423,imu,mag_x,11.600000000000001
1779907382423,imu,mag_y,-16.900000000000002
1779907382423,imu,mag_z,25.8
1779907382522,baro,presion,1012.5
1779907382522,baro,temp,19.65
1779907382522,baro,alt,500.0
1779907382623,gps,lat,-33.299665
1779907382623,gps,lon,-70.599228
1779907382623,gps,alt,503.0
1779907383426,imu,accel_x,1.8800000000000001
1779907383426,imu,accel_y,1.95
1779907383426,imu,accel_z,9.71
1779907383426,imu,gyro_x,0.12
1779907383426,imu,gyro_y,-0.27
1779907383426,imu,gyro_z,0.11
1779907383426,imu,mag_x,2.8000000000000003
1779907383426,imu,mag_y,0.8
1779907383426,imu,mag_z,4.3
1779907383525,baro,presion,1012.8
1779907383525,baro,temp,20.49
1779907383525,baro,alt,499.2
1779907383627,gps,lat,-33.300556
1779907383627,gps,lon,-70.59945
1779907383627,gps,alt,499.0
1779907384429,imu,accel_x,-0.6
1779907384429,imu,accel_y,-0.28
1779907384429,imu,accel_z,9.790000000000001
1779907384429,imu,gyro_x,-0.2
1779907384429,imu,gyro_y,-0.46
1779907384429,imu,gyro_z,-0.34
1779907384429,imu,mag_x,-7.1000000000000005
1779907384429,imu,mag_y,27.900000000000002
1779907384429,imu,mag_z,24.400000000000002
1779907384528,baro,presion,1013.4
1779907384528,baro,temp,20.49
1779907384528,baro,alt,499.3
1779907384629,gps,lat,-33.300333
1779907384629,gps,lon,-70.600685
1779907384629,gps,alt,497.0
1779907385430,imu,accel_x,-1.47
1779907385430,imu,accel_y,-1.21
1779907385430,imu,accel_z,9.74
1779907385430,imu,gyro_x,-0.24
1779907385430,imu,gyro_y,-0.37
1779907385430,imu,gyro_z,-0.22
1779907385430,imu,mag_x,10.9
1779907385430,imu,mag_y,8.4
1779907385430,imu,mag_z,11.3
1779907385530,baro,presion,1013.4
1779907385530,baro,temp,20.02
1779907385530,baro,alt,499.9
1779907385632,gps,lat,-33.299306
1779907385632,gps,lon,-70.599779
1779907385632,gps,alt,500.0
1779907386434,imu,accel_x,0.5
1779907386434,imu,accel_y,1.62
1779907386434,imu,accel_z,9.78
1779907386434,imu,gyro_x,0.26
1779907386434,imu,gyro_y,-0.27
1779907386434,imu,gyro_z,-0.17
1779907386434,imu,mag_x,-28.200000000000003
1779907386434,imu,mag_y,-24.900000000000002
1779907386434,imu,mag_z,-21.5
1779907386533,baro,presion,1013.3
1779907386533,baro,temp,19.73
1779907386533,baro,alt,499.7
1779907386634,gps,lat,-33.300937
1779907386634,gps,lon,-70.599722
1779907386634,gps,alt,501.0
1779907387436,imu,accel_x,1.52
1779907387436,imu,accel_y,-1.12
1779907387436,imu,accel_z,9.72
1779907387436,imu,gyro_x,-0.04
1779907387436,imu,gyro_y,-0.04
1779907387436,imu,gyro_z,0.33
1779907387436,imu,mag_x,1.0
1779907387436,imu,mag_y,-5.9
1779907387436,imu,mag_z,12.100000000000001
1779907387537,baro,presion,1012.0
1779907387537,baro,temp,19.81
1779907387537,baro,alt,499.7
1779907387637,gps,lat,-33.300145
1779907387637,gps,lon,-70.600569
1779907387637,gps,alt,500.0
1779907388440,imu,accel_x,-2.0
1779907388440,imu,accel_y,0.03
1779907388440,imu,accel_z,9.78
1779907388440,imu,gyro_x,0.33
1779907388440,imu,gyro_y,0.17
1779907388440,imu,gyro_z,0.41000000000000003
1779907388440,imu,mag_x,-13.200000000000001
1779907388440,imu,mag_y,6.0
1779907388440,imu,mag_z,28.8
1779907388539,baro,presion,1013.2
1779907388539,baro,temp,19.79
1779907388539,baro,alt,500.8
1779907388640,gps,lat,-33.299797
1779907388640,gps,lon,-70.600273
1779907388640,gps,alt,502.0
1779907389441,imu,accel_x,1.71
1779907389441,imu,accel_y,1.3800000000000001
1779907389441,imu,accel_z,9.85
1779907389441,imu,gyro_x,0.26
1779907389441,imu,gyro_y,0.08
1779907389441,imu,gyro_z,0.45
1779907389441,imu,mag_x,18.3
1779907389441,imu,mag_y,14.600000000000001
1779907389441,imu,mag_z,3.5
1779907389542,baro,presion,1013.9
1779907389542,baro,temp,20.13
1779907389542,baro,alt,499.4
1779907389642,gps,lat,-33.299147
1779907389642,gps,lon,-70.600556
1779907389642,gps,alt,498.0
1779907390446,imu,accel_x,-1.86
1779907390446,imu,accel_y,-0.49
1779907390446,imu,accel_z,9.83
1779907390446,imu,gyro_x,0.4
1779907390446,imu,gyro_y,-0.08
1779907390446,imu,gyro_z,-0.44
1779907390446,imu,mag_x,-25.400000000000002
1779907390446,imu,mag_y,17.400000000000002
1779907390446,imu,mag_z,-1.6
1779907390545,baro,presion,1013.5
1779907390545,baro,temp,20.05
1779907390545,baro,alt,500.5
1779907390645,gps,lat,-33.300908
1779907390645,gps,lon,-70.600172
1779907390645,gps,alt,495.0
1779907391448,imu,accel_x,-0.53
1779907391448,imu,accel_y,-1.74
1779907391448,imu,accel_z,9.82
1779907391448,imu,gyro_x,-0.16
1779907391448,imu,gyro_y,0.23
1779907391448,imu,gyro_z,-0.49
1779907391448,imu,mag_x,-18.400000000000002
1779907391448,imu,mag_y,20.0
1779907391448,imu,mag_z,-12.700000000000001
1779907391547,baro,presion,1012.4
1779907391547,baro,temp,20.15
1779907391547,baro,alt,499.4
1779907391648,gps,lat,-33.299528
1779907391648,gps,lon,-70.599412
1779907391648,gps,alt,498.0
1779907392450,imu,accel_x,1.16
1779907392450,imu,accel_y,-0.16
1779907392450,imu,accel_z,9.89
1779907392450,imu,gyro_x,-0.08
1779907392450,imu,gyro_y,0.12
1779907392450,imu,gyro_z,-0.19
1779907392450,imu,mag_x,-26.0
1779907392450,imu,mag_y,-8.5
1779907392450,imu,mag_z,3.2
1779907392550,baro,presion,1012.4
1779907392550,baro,temp,20.15
1779907392550,baro,alt,500.3
1779907392651,gps,lat,-33.300606
1779907392651,gps,lon,-70.599217
1779907392651,gps,alt,501.0
1779907393452,imu,accel_x,1.3
1779907393452,imu,accel_y,0.06
1779907393452,imu,accel_z,9.83
1779907393452,imu,gyro_x,-0.25
1779907393452,imu,gyro_y,0.31
1779907393452,imu,gyro_z,-0.26
1779907393452,imu,mag_x,-24.5
1779907393452,imu,mag_y,0.1
1779907393452,imu,mag_z,-5.1000000000000005
1779907393552,baro,presion,1013.1
1779907393552,baro,temp,19.91
1779907393552,baro,alt,500.6
1779907393653,gps,lat,-33.299806
1779907393653,gps,lon,-70.599952
1779907393653,gps,alt,499.0
1779907394455,imu,accel_x,-1.31
1779907394455,imu,accel_y,-0.04
1779907394455,imu,accel_z,9.74
1779907394455,imu,gyro_x,-0.27
1779907394455,imu,gyro_y,-0.27
1779907394455,imu,gyro_z,0.48
1779907394455,imu,mag_x,23.5
1779907394455,imu,mag_y,-1.1
1779907394455,imu,mag_z,2.0
1779907394556,baro,presion,1012.4
1779907394556,baro,temp,19.99
1779907394556,baro,alt,500.8
1779907394656,gps,lat,-33.300749
1779907394656,gps,lon,-70.600237
1779907394656,gps,alt,502.0
1779907395459,imu,accel_x,1.29
1779907395459,imu,accel_y,-0.72
1779907395459,imu,accel_z,9.83
1779907395459,imu,gyro_x,0.37
1779907395459,imu,gyro_y,0.05
1779907395459,imu,gyro_z,-0.26
1779907395459,imu,mag_x,18.400000000000002
1779907395459,imu,mag_y,6.5
1779907395459,imu,mag_z,19.0
1779907395558,baro,presion,1013.5
1779907395558,baro,temp,19.96
1779907395558,baro,alt,499.2
1779907395659,gps,lat,-33.299402
1779907395659,gps,lon,-70.600142
1779907395659,gps,alt,503.0
1779907396461,imu,accel_x,-0.31
1779907396461,imu,accel_y,1.49
1779907396461,imu,accel_z,9.71
1779907396461,imu,gyro_x,0.04
1779907396461,imu,gyro_y,-0.48
1779907396461,imu,gyro_z,-0.2
1779907396461,imu,mag_x,-11.200000000000001
1779907396461,imu,mag_y,23.400000000000002
1779907396461,imu,mag_z,29.3
1779907396561,baro,presion,1013.4
1779907396561,baro,temp,20.09
1779907396561,baro,alt,500.8
1779907396661,gps,lat,-33.30013
1779907396661,gps,lon,-70.599613
1779907396661,gps,alt,500.0
1779907397463,imu,accel_x,1.99
1779907397463,imu,accel_y,-0.81
1779907397463,imu,accel_z,9.84
1779907397463,imu,gyro_x,-0.26
1779907397463,imu,gyro_y,-0.42
1779907397463,imu,gyro_z,0.43
1779907397463,imu,mag_x,-23.0
1779907397463,imu,mag_y,22.700000000000003
1779907397463,imu,mag_z,22.200000000000003
1779907397563,baro,presion,1013.2
1779907397563,baro,temp,19.62
1779907397563,baro,alt,499.9
1779907397664,gps,lat,-33.299541
1779907397664,gps,lon,-70.600847
1779907397664,gps,alt,502.0
1779907398467,imu,accel_x,0.87
1779907398467,imu,accel_y,1.2
1779907398467,imu,accel_z,9.84
1779907398467,imu,gyro_x,-0.22
1779907398467,imu,gyro_y,-0.21
1779907398467,imu,gyro_z,-0.16
1779907398467,imu,mag_x,24.900000000000002
1779907398467,imu,mag_y,29.6
1779907398467,imu,mag_z,-6.5
1779907398566,baro,presion,1013.9
1779907398566,baro,temp,20.0
1779907398566,baro,alt,499.7
1779907398667,gps,lat,-33.299765
1779907398667,gps,lon,-70.600788
1779907398667,gps,alt,501.0
1779907399469,imu,accel_x,1.6400000000000001
1779907399469,imu,accel_y,-0.9500000000000001
1779907399469,imu,accel_z,9.85
1779907399469,imu,gyro_x,-0.39
1779907399469,imu,gyro_y,-0.08
1779907399469,imu,gyro_z,-0.17
1779907399469,imu,mag_x,-0.8
1779907399469,imu,mag_y,6.5
1779907399469,imu,mag_z,-16.3
1779907399568,baro,presion,1012.3
1779907399568,baro,temp,19.95
1779907399568,baro,alt,499.7
1779907399669,gps,lat,-33.300192
1779907399669,gps,lon,-70.600145
1779907399669,gps,alt,504.0
1779907400472,imu,accel_x,-1.54
1779907400472,imu,accel_y,-1.76
1779907400472,imu,accel_z,9.870000000000001
1779907400472,imu,gyro_x,0.48
1779907400472,imu,gyro_y,-0.19
1779907400472,imu,gyro_z,-0.13
1779907400472,imu,mag_x,17.1
1779907400472,imu,mag_y,23.5
1779907400472,imu,mag_z,-6.300000000000001
1779907400571,baro,presion,1013.7
1779907400571,baro,temp,19.5
1779907400571,baro,alt,499.8
1779907400672,gps,lat,-33.299127
1779907400672,gps,lon,-70.599906
1779907400672,gps,alt,500.0
1779907401474,imu,accel_x,1.8
1779907401474,imu,accel_y,-0.81
1779907401474,imu,accel_z,9.72
1779907401474,imu,gyro_x,0.13
1779907401474,imu,gyro_y,-0.22
1779907401474,imu,gyro_z,-0.22
1779907401474,imu,mag_x,21.900000000000002
1779907401474,imu,mag_y,19.0
1779907401474,imu,mag_z,-29.5
1779907401574,baro,presion,1013.7
1779907401574,baro,temp,19.77
1779907401574,baro,alt,499.7
1779907401675,gps,lat,-33.299978
1779907401675,gps,lon,-70.599705
1779907401675,gps,alt,503.0
1779907402477,imu,accel_x,-1.29
1779907402477,imu,accel_y,1.44
1779907402477,imu,accel_z,9.83
1779907402477,imu,gyro_x,0.04
1779907402477,imu,gyro_y,-0.33
1779907402477,imu,gyro_z,0.38
1779907402477,imu,mag_x,-19.200000000000003
1779907402477,imu,mag_y,1.9000000000000001
1779907402477,imu,mag_z,-3.7
1779907402575,baro,presion,1012.2
1779907402575,baro,temp,20.1
1779907402575,baro,alt,499.7
1779907402677,gps,lat,-33.299777
1779907402677,gps,lon,-70.600165
1779907402677,gps,alt,496.0
1779907403479,imu,accel_x,-1.7
1779907403479,imu,accel_y,0.13
1779907403479,imu,accel_z,9.76
1779907403479,imu,gyro_x,-0.49
1779907403479,imu,gyro_y,-0.05
1779907403479,imu,gyro_z,0.47000000000000003
1779907403479,imu,mag_x,24.200000000000003
1779907403479,imu,mag_y,23.200000000000003
1779907403479,imu,mag_z,24.1
1779907403579,baro,presion,1012.9
1779907403579,baro,temp,19.87
1779907403579,baro,alt,500.3
1779907403679,gps,lat,-33.300896
1779907403679,gps,lon,-70.599598
1779907403679,gps,alt,499.0
1779907404483,imu,accel_x,0.9
1779907404483,imu,accel_y,-1.57
1779907404483,imu,accel_z,9.85
1779907404483,imu,gyro_x,-0.22
1779907404483,imu,gyro_y,-0.38
1779907404483,imu,gyro_z,-0.05
1779907404483,imu,mag_x,7.1000000000000005
1779907404483,imu,mag_y,1.1
1779907404483,imu,mag_z,24.1
1779907404581,baro,presion,1012.0
1779907404581,baro,temp,19.94
1779907404581,baro,alt,500.8
1779907404682,gps,lat,-33.300591
1779907404682,gps,lon,-70.599936
1779907404682,gps,alt,502.0
1779907405486,imu,accel_x,-1.94
1779907405486,imu,accel_y,-1.25
1779907405486,imu,accel_z,9.88
1779907405486,imu,gyro_x,0.17
1779907405486,imu,gyro_y,0.41000000000000003
1779907405486,imu,gyro_z,0.11
1779907405486,imu,mag_x,26.5
1779907405486,imu,mag_y,21.400000000000002
1779907405486,imu,mag_z,-4.800000000000001
1779907405586,baro,presion,1013.5
1779907405586,baro,temp,19.86
1779907405586,baro,alt,499.2
1779907405685,gps,lat,-33.300819
1779907405685,gps,lon,-70.600656
1779907405685,gps,alt,504.0
1779907406487,imu,accel_x,0.16
1779907406487,imu,accel_y,-0.36
1779907406487,imu,accel_z,9.86
1779907406487,imu,gyro_x,-0.16
1779907406487,imu,gyro_y,-0.25
1779907406487,imu,gyro_z,-0.38
1779907406487,imu,mag_x,12.9
1779907406487,imu,mag_y,22.3
1779907406487,imu,mag_z,12.3
1779907406587,baro,presion,1013.9
1779907406587,baro,temp,19.51
1779907406587,baro,alt,500.3
1779907406688,gps,lat,-33.300464
1779907406688,gps,lon,-70.600224
1779907406688,gps,alt,500.0
1779907407491,imu,accel_x,0.5700000000000001
1779907407491,imu,accel_y,0.75
1779907407491,imu,accel_z,9.72
1779907407491,imu,gyro_x,0.48
1779907407491,imu,gyro_y,-0.4
1779907407491,imu,gyro_z,0.38
1779907407491,imu,mag_x,-4.800000000000001
1779907407491,imu,mag_y,26.400000000000002
1779907407491,imu,mag_z,27.700000000000003
1779907407589,baro,presion,1013.9
1779907407589,baro,temp,20.28
1779907407589,baro,alt,500.6
1779907407691,gps,lat,-33.300257
1779907407691,gps,lon,-70.599455
1779907407691,gps,alt,500.0
1779907408493,imu,accel_x,0.25
1779907408493,imu,accel_y,1.67
1779907408493,imu,accel_z,9.72
1779907408493,imu,gyro_x,-0.36
1779907408493,imu,gyro_y,-0.12
1779907408493,imu,gyro_z,0.16
1779907408493,imu,mag_x,8.0
1779907408493,imu,mag_y,-21.3
1779907408493,imu,mag_z,-0.30000000000000004
1779907408593,baro,presion,1013.6
1779907408593,baro,temp,19.51
1779907408593,baro,alt,500.0
1779907408693,gps,lat,-33.300953
1779907408693,gps,lon,-70.599428
1779907408693,gps,alt,499.0
1779907409496,imu,accel_x,0.19
1779907409496,imu,accel_y,-0.43
1779907409496,imu,accel_z,9.77
1779907409496,imu,gyro_x,-0.45
1779907409496,imu,gyro_y,-0.45
1779907409496,imu,gyro_z,-0.25
1779907409496,imu,mag_x,-22.700000000000003
1779907409496,imu,mag_y,28.6
1779907409496,imu,mag_z,13.700000000000001
1779907409595,baro,presion,1013.7
1779907409595,baro,temp,19.68
1779907409595,baro,alt,499.4
1779907409696,gps,lat,-33.299579
1779907409696,gps,lon,-70.599143
1779907409696,gps,alt,502.0
1779907410498,imu,accel_x,-1.98
1779907410498,imu,accel_y,1.37
1779907410498,imu,accel_z,9.76
1779907410498,imu,gyro_x,-0.34
1779907410498,imu,gyro_y,-0.38
1779907410498,imu,gyro_z,0.05
1779907410498,imu,mag_x,-10.3
1779907410498,imu,mag_y,-1.7000000000000002
1779907410498,imu,mag_z,1.7000000000000002
1779907410598,baro,presion,1013.3
1779907410598,baro,temp,19.55
1779907410598,baro,alt,499.4
1779907410699,gps,lat,-33.300388
1779907410699,gps,lon,-70.599817
1779907410699,gps,alt,495.0
1779907411502,imu,accel_x,-1.97
1779907411502,imu,accel_y,-0.42
1779907411502,imu,accel_z,9.790000000000001
1779907411502,imu,gyro_x,-0.13
1779907411502,imu,gyro_y,0.43
1779907411502,imu,gyro_z,0.0
1779907411502,imu,mag_x,-27.400000000000002
1779907411502,imu,mag_y,-17.7
1779907411502,imu,mag_z,-1.6
1779907411600,baro,presion,1012.7
1779907411600,baro,temp,19.91
1779907411600,baro,alt,499.7
1779907411700,gps,lat,-33.299605
1779907411700,gps,lon,-70.600169
1779907411700,gps,alt,501.0
1779907412503,imu,accel_x,1.92
1779907412503,imu,accel_y,-1.33
1779907412503,imu,accel_z,9.82
1779907412503,imu,gyro_x,-0.5
1779907412503,imu,gyro_y,0.1
1779907412503,imu,gyro_z,0.33
1779907412503,imu,mag_x,4.800000000000001
1779907412503,imu,mag_y,17.2
1779907412503,imu,mag_z,24.1
1779907412603,baro,presion,1013.5
1779907412603,baro,temp,19.52
1779907412603,baro,alt,500.9
1779907412705,gps,lat,-33.300594
1779907412705,gps,lon,-70.599934
1779907412705,gps,alt,496.0
1779907413507,imu,accel_x,0.55
1779907413507,imu,accel_y,-0.51
1779907413507,imu,accel_z,9.870000000000001
1779907413507,imu,gyro_x,0.34
1779907413507,imu,gyro_y,-0.18
1779907413507,imu,gyro_z,0.27
1779907413507,imu,mag_x,-2.2
1779907413507,imu,mag_y,17.6
1779907413507,imu,mag_z,6.5
1779907413607,baro,presion,1012.9
1779907413607,baro,temp,20.35
1779907413607,baro,alt,500.2
1779907413706,gps,lat,-33.299613
1779907413706,gps,lon,-70.600103
1779907413706,gps,alt,495.0
1779907414508,imu,accel_x,1.42
1779907414508,imu,accel_y,-0.04
1779907414508,imu,accel_z,9.75
1779907414508,imu,gyro_x,0.44
1779907414508,imu,gyro_y,0.48
1779907414508,imu,gyro_z,-0.03
1779907414508,imu,mag_x,-27.400000000000002
1779907414508,imu,mag_y,24.3
1779907414508,imu,mag_z,-9.600000000000001
1779907414609,baro,presion,1013.6
1779907414609,baro,temp,20.04
1779907414609,baro,alt,500.9
1779907414709,gps,lat,-33.300926
1779907414709,gps,lon,-70.600073
1779907414709,gps,alt,503.0
1779907415512,imu,accel_x,0.37
1779907415512,imu,accel_y,-0.72
1779907415512,imu,accel_z,9.71
1779907415512,imu,gyro_x,0.0
1779907415512,imu,gyro_y,0.3
1779907415512,imu,gyro_z,-0.36
1779907415512,imu,mag_x,-24.700000000000003
1779907415512,imu,mag_y,5.7
1779907415512,imu,mag_z,21.700000000000003
1779907415612,baro,presion,1012.1
1779907415612,baro,temp,20.02
1779907415612,baro,alt,500.0
1779907415713,gps,lat,-33.300353
1779907415713,gps,lon,-70.600969
1779907415713,gps,alt,502.0
1779907416514,imu,accel_x,1.6400000000000001
1779907416514,imu,accel_y,0.68
1779907416514,imu,accel_z,9.77
1779907416514,imu,gyro_x,0.06
1779907416514,imu,gyro_y,0.07
1779907416514,imu,gyro_z,0.15
1779907416514,imu,mag_x,1.5
1779907416514,imu,mag_y,28.400000000000002
1779907416514,imu,mag_z,29.8
1779907416614,baro,presion,1012.7
1779907416614,baro,temp,19.97
1779907416614,baro,alt,499.3
1779907416714,gps,lat,-33.299173
1779907416714,gps,lon,-70.599714
1779907416714,gps,alt,499.0
1779907417517,imu,accel_x,0.17
1779907417517,imu,accel_y,1.96
1779907417517,imu,accel_z,9.75
1779907417517,imu,gyro_x,-0.17
1779907417517,imu,gyro_y,0.12
1779907417517,imu,gyro_z,-0.11
1779907417517,imu,mag_x,-13.9
1779907417517,imu,mag_y,5.300000000000001
1779907417517,imu,mag_z,14.8
1779907417616,baro,presion,1012.5
1779907417616,baro,temp,19.59
1779907417616,baro,alt,500.2
1779907417717,gps,lat,-33.299638
1779907417717,gps,lon,-70.599512
1779907417717,gps,alt,503.0
1779907418520,imu,accel_x,-0.97
1779907418520,imu,accel_y,1.05
1779907418520,imu,accel_z,9.77
1779907418520,imu,gyro_x,-0.13
1779907418520,imu,gyro_y,-0.29
1779907418520,imu,gyro_z,0.39
1779907418520,imu,mag_x,21.700000000000003
1779907418520,imu,mag_y,-15.9
1779907418520,imu,mag_z,-3.1
1779907418619,baro,presion,1012.6
1779907418619,baro,temp,19.73
1779907418619,baro,alt,499.7
1779907418720,gps,lat,-33.29921
1779907418720,gps,lon,-70.600838
1779907418720,gps,alt,501.0
1779907419524,imu,accel_x,1.57
1779907419524,imu,accel_y,1.93
1779907419524,imu,accel_z,9.71
1779907419524,imu,gyro_x,0.14
1779907419524,imu,gyro_y,0.41000000000000003
1779907419524,imu,gyro_z,-0.01
1779907419524,imu,mag_x,-1.0
1779907419524,imu,mag_y,5.4
1779907419524,imu,mag_z,-3.3000000000000003
1779907419623,baro,presion,1013.5
1779907419623,baro,temp,20.1
1779907419623,baro,alt,500.2
1779907419724,gps,lat,-33.299845
1779907419724,gps,lon,-70.600163
1779907419724,gps,alt,501.0
1779907420525,imu,accel_x,0.18
1779907420525,imu,accel_y,-0.88
1779907420525,imu,accel_z,9.89
1779907420525,imu,gyro_x,0.49
1779907420525,imu,gyro_y,-0.21
1779907420525,imu,gyro_z,0.46
1779907420525,imu,mag_x,6.4
1779907420525,imu,mag_y,20.200000000000003
1779907420525,imu,mag_z,18.2
1779907420626,baro,presion,1013.3
1779907420626,baro,temp,20.09
1779907420626,baro,alt,499.0
1779907420726,gps,lat,-33.299661
1779907420726,gps,lon,-70.599606
1779907420726,gps,alt,500.0
1779907421528,imu,accel_x,-0.16
1779907421528,imu,accel_y,-0.63
1779907421528,imu,accel_z,9.88
1779907421528,imu,gyro_x,0.38
1779907421528,imu,gyro_y,0.48
1779907421528,imu,gyro_z,0.45
1779907421528,imu,mag_x,16.3
1779907421528,imu,mag_y,18.1
1779907421528,imu,mag_z,-3.6
1779907421628,baro,presion,1013.1
1779907421628,baro,temp,20.26
1779907421628,baro,alt,500.9
1779907421728,gps,lat,-33.299147
1779907421728,gps,lon,-70.599024
1779907421728,gps,alt,498.0
1779907422531,imu,accel_x,-0.45
1779907422531,imu,accel_y,-1.59
1779907422531,imu,accel_z,9.71
1779907422531,imu,gyro_x,0.23
1779907422531,imu,gyro_y,0.19
1779907422531,imu,gyro_z,-0.27
1779907422531,imu,mag_x,25.5
1779907422531,imu,mag_y,29.3
1779907422531,imu,mag_z,6.2
1779907422630,baro,presion,1013.3
1779907422630,baro,temp,19.78
1779907422630,baro,alt,499.7
1779907422731,gps,lat,-33.300372
1779907422731,gps,lon,-70.6005
1779907422731,gps,alt,504.0
1779907423533,imu,accel_x,-1.78
1779907423533,imu,accel_y,1.8
1779907423533,imu,accel_z,9.790000000000001
1779907423533,imu,gyro_x,-0.41000000000000003
1779907423533,imu,gyro_y,-0.36
1779907423533,imu,gyro_z,0.29
1779907423533,imu,mag_x,-14.9
1779907423533,imu,mag_y,9.9
1779907423533,imu,mag_z,-8.700000000000001
1779907423633,baro,presion,1013.3
1779907423633,baro,temp,20.1
1779907423633,baro,alt,499.5
1779907423734,gps,lat,-33.300851
1779907423734,gps,lon,-70.600928
1779907423734,gps,alt,502.0
1779907424536,imu,accel_x,-1.17
1779907424536,imu,accel_y,-0.11
1779907424536,imu,accel_z,9.77
1779907424536,imu,gyro_x,-0.3
1779907424536,imu,gyro_y,0.04
1779907424536,imu,gyro_z,0.49
1779907424536,imu,mag_x,6.6000000000000005
1779907424536,imu,mag_y,2.2
1779907424536,imu,mag_z,-20.0
1779907424636,baro,presion,1012.6
1779907424636,baro,temp,19.86
1779907424636,baro,alt,499.7
1779907424737,gps,lat,-33.299747
1779907424737,gps,lon,-70.600245
1779907424737,gps,alt,495.0
1779907425540,imu,accel_x,1.61
1779907425540,imu,accel_y,0.03
1779907425540,imu,accel_z,9.86
1779907425540,imu,gyro_x,0.14
1779907425540,imu,gyro_y,-0.02
1779907425540,imu,gyro_z,-0.09
1779907425540,imu,mag_x,-10.700000000000001
1779907425540,imu,mag_y,-14.600000000000001
1779907425540,imu,mag_z,4.800000000000001
1779907425638,baro,presion,1012.6
1779907425638,baro,temp,19.99
1779907425638,baro,alt,500.1
1779907425740,gps,lat,-33.299663
1779907425740,gps,lon,-70.599747
1779907425740,gps,alt,501.0
1779907426541,imu,accel_x,1.51
1779907426541,imu,accel_y,-0.79
1779907426541,imu,accel_z,9.74
1779907426541,imu,gyro_x,-0.32
1779907426541,imu,gyro_y,-0.13
1779907426541,imu,gyro_z,-0.3
1779907426541,imu,mag_x,25.6
1779907426541,imu,mag_y,-29.1
1779907426541,imu,mag_z,-1.9000000000000001
1779907426641,baro,presion,1012.2
1779907426641,baro,temp,20.12
1779907426641,baro,alt,500.2
1779907426742,gps,lat,-33.30001
1779907426742,gps,lon,-70.599826
1779907426742,gps,alt,500.0
1779907427544,imu,accel_x,-0.92
1779907427544,imu,accel_y,1.87
1779907427544,imu,accel_z,9.85
1779907427544,imu,gyro_x,0.31
1779907427544,imu,gyro_y,0.19
1779907427544,imu,gyro_z,0.49
1779907427544,imu,mag_x,-16.400000000000002
1779907427544,imu,mag_y,25.8
1779907427544,imu,mag_z,3.0
1779907427644,baro,presion,1013.8
1779907427644,baro,temp,20.06
1779907427644,baro,alt,499.1
1779907427746,gps,lat,-33.299109
1779907427746,gps,lon,-70.599958
1779907427746,gps,alt,495.0
1779907428547,imu,accel_x,-1.69
1779907428547,imu,accel_y,1.16
1779907428547,imu,accel_z,9.77
1779907428547,imu,gyro_x,0.26
1779907428547,imu,gyro_y,0.35000000000000003
1779907428547,imu,gyro_z,-0.38
1779907428547,imu,mag_x,-26.0
1779907428547,imu,mag_y,29.5
1779907428547,imu,mag_z,-18.8
1779907428647,baro,presion,1013.1
1779907428647,baro,temp,19.58
1779907428647,baro,alt,500.5
1779907428748,gps,lat,-33.299147
1779907428748,gps,lon,-70.599803
1779907428748,gps,alt,499.0
1779907429550,imu,accel_x,0.62
1779907429550,imu,accel_y,-1.93
1779907429550,imu,accel_z,9.78
1779907429550,imu,gyro_x,-0.3
1779907429550,imu,gyro_y,0.48
1779907429550,imu,gyro_z,0.13
1779907429550,imu,mag_x,-11.5
1779907429550,imu,mag_y,29.400000000000002
1779907429550,imu,mag_z,0.9
1779907429650,baro,presion,1013.0
1779907429650,baro,temp,19.87
1779907429650,baro,alt,499.5
1779907429750,gps,lat,-33.299655
1779907429750,gps,lon,-70.599616
1779907429750,gps,alt,503.0
1779907430553,imu,accel_x,-1.49
1779907430553,imu,accel_y,1.09
1779907430553,imu,accel_z,9.86
1779907430553,imu,gyro_x,0.44
1779907430553,imu,gyro_y,-0.46
1779907430553,imu,gyro_z,0.47000000000000003
1779907430553,imu,mag_x,18.1
1779907430553,imu,mag_y,-6.300000000000001
1779907430553,imu,mag_z,13.0
1779907430652,baro,presion,1012.7
1779907430652,baro,temp,20.42
1779907430652,baro,alt,499.8
1779907430753,gps,lat,-33.299647
1779907430753,gps,lon,-70.600311
1779907430753,gps,alt,495.0
1779907431555,imu,accel_x,1.44
1779907431555,imu,accel_y,0.49
1779907431555,imu,accel_z,9.74
1779907431555,imu,gyro_x,-0.17
1779907431555,imu,gyro_y,0.41000000000000003
1779907431555,imu,gyro_z,-0.35000000000000003
1779907431555,imu,mag_x,-29.3
1779907431555,imu,mag_y,-16.400000000000002
1779907431555,imu,mag_z,-20.400000000000002
1779907431654,baro,presion,1013.1
1779907431654,baro,temp,19.98
1779907431654,baro,alt,499.7
1779907431756,gps,lat,-33.299996
1779907431756,gps,lon,-70.60009
1779907431756,gps,alt,496.0
1779907432558,imu,accel_x,-1.4000000000000001
1779907432558,imu,accel_y,0.09
1779907432558,imu,accel_z,9.81
1779907432558,imu,gyro_x,0.38
1779907432558,imu,gyro_y,-0.02
1779907432558,imu,gyro_z,0.45
1779907432558,imu,mag_x,0.5
1779907432558,imu,mag_y,-11.3
1779907432558,imu,mag_z,20.6
1779907432657,baro,presion,1012.4
1779907432657,baro,temp,19.79
1779907432657,baro,alt,499.4
1779907432758,gps,lat,-33.299876
1779907432758,gps,lon,-70.600507
1779907432758,gps,alt,503.0
1779907433560,imu,accel_x,0.96
1779907433560,imu,accel_y,0.03
1779907433560,imu,accel_z,9.89
1779907433560,imu,gyro_x,0.02
1779907433560,imu,gyro_y,-0.4
1779907433560,imu,gyro_z,0.09
1779907433560,imu,mag_x,2.3000000000000003
1779907433560,imu,mag_y,4.1000000000000005
1779907433560,imu,mag_z,-8.1
1779907433660,baro,presion,1013.5
1779907433660,baro,temp,20.17
1779907433660,baro,alt,499.9
1779907433761,gps,lat,-33.30028
1779907433761,gps,lon,-70.599219
1779907433761,gps,alt,504.0
1779907434563,imu,accel_x,1.87
1779907434563,imu,accel_y,-0.45
1779907434563,imu,accel_z,9.71
1779907434563,imu,gyro_x,-0.1
1779907434563,imu,gyro_y,-0.31
1779907434563,imu,gyro_z,-0.18
1779907434563,imu,mag_x,-16.8
1779907434563,imu,mag_y,13.9
1779907434563,imu,mag_z,-13.200000000000001
1779907434663,baro,presion,1012.9
1779907434663,baro,temp,19.6
1779907434663,baro,alt,499.6
1779907434764,gps,lat,-33.300108
1779907434764,gps,lon,-70.600424
1779907434764,gps,alt,499.0
1779907435566,imu,accel_x,-0.91
1779907435566,imu,accel_y,0.5
1779907435566,imu,accel_z,9.72
1779907435566,imu,gyro_x,0.02
1779907435566,imu,gyro_y,0.1
1779907435566,imu,gyro_z,-0.39
1779907435566,imu,mag_x,-26.400000000000002
1779907435566,imu,mag_y,3.4000000000000004
1779907435566,imu,mag_z,-26.1
1779907435665,baro,presion,1012.7
1779907435665,baro,temp,20.18
1779907435665,baro,alt,499.7
1779907435766,gps,lat,-33.300139
1779907435766,gps,lon,-70.599726
1779907435766,gps,alt,499.0
1779907436569,imu,accel_x,0.98
1779907436569,imu,accel_y,1.97
1779907436569,imu,accel_z,9.89
1779907436569,imu,gyro_x,0.43
1779907436569,imu,gyro_y,-0.47000000000000003
1779907436569,imu,gyro_z,0.05
1779907436569,imu,mag_x,-29.200000000000003
1779907436569,imu,mag_y,20.3
1779907436569,imu,mag_z,-0.6000000000000001
1779907436667,baro,presion,1012.1
1779907436667,baro,temp,19.97
1779907436667,baro,alt,500.8
1779907436769,gps,lat,-33.29942
1779907436769,gps,lon,-70.599427
1779907436769,gps,alt,495.0
1779907437570,imu,accel_x,-0.38
1779907437570,imu,accel_y,1.51
1779907437570,imu,accel_z,9.700000000000001
1779907437570,imu,gyro_x,-0.12
1779907437570,imu,gyro_y,0.02
1779907437570,imu,gyro_z,0.44
1779907437570,imu,mag_x,7.9
1779907437570,imu,mag_y,8.8
1779907437570,imu,mag_z,28.5
1779907437671,baro,presion,1012.4
1779907437671,baro,temp,19.63
1779907437671,baro,alt,499.6
1779907437770,gps,lat,-33.300108
1779907437770,gps,lon,-70.600646
1779907437770,gps,alt,501.0
1779907438574,imu,accel_x,0.23
1779907438574,imu,accel_y,-0.9400000000000001
1779907438574,imu,accel_z,9.78
1779907438574,imu,gyro_x,0.21
1779907438574,imu,gyro_y,0.2
1779907438574,imu,gyro_z,-0.44
1779907438574,imu,mag_x,-5.800000000000001
1779907438574,imu,mag_y,18.0
1779907438574,imu,mag_z,-27.8
1779907438673,baro,presion,1013.5
1779907438673,baro,temp,19.55
1779907438673,baro,alt,499.5
1779907438775,gps,lat,-33.299664
1779907438775,gps,lon,-70.60006
1779907438775,gps,alt,503.0
1779907439577,imu,accel_x,-1.75
1779907439577,imu,accel_y,-1.6500000000000001
1779907439577,imu,accel_z,9.83
1779907439577,imu,gyro_x,0.24
1779907439577,imu,gyro_y,0.27
1779907439577,imu,gyro_z,0.49
1779907439577,imu,mag_x,-29.900000000000002
1779907439577,imu,mag_y,-9.4
1779907439577,imu,mag_z,-3.4000000000000004
1779907439676,baro,presion,1012.0
1779907439676,baro,temp,19.62
1779907439676,baro,alt,499.7
1779907439778,gps,lat,-33.299723
1779907439778,gps,lon,-70.599037
1779907439778,gps,alt,502.0
1779907440579,imu,accel_x,-0.81
1779907440579,imu,accel_y,-1.79
1779907440579,imu,accel_z,9.790000000000001
1779907440579,imu,gyro_x,-0.48
1779907440579,imu,gyro_y,0.06
1779907440579,imu,gyro_z,0.25
1779907440579,imu,mag_x,-4.3
1779907440579,imu,mag_y,-7.9
1779907440579,imu,mag_z,1.3
1779907440679,baro,presion,1013.0
1779907440679,baro,temp,19.84
1779907440679,baro,alt,499.3
1779907440780,gps,lat,-33.300641
1779907440780,gps,lon,-70.600998
1779907440780,gps,alt,498.0
1779907441582,imu,accel_x,-0.26
1779907441582,imu,accel_y,-0.34
1779907441582,imu,accel_z,9.73
1779907441582,imu,gyro_x,0.44
1779907441582,imu,gyro_y,-0.1
1779907441582,imu,gyro_z,0.4
1779907441582,imu,mag_x,-21.1
1779907441582,imu,mag_y,12.9
1779907441582,imu,mag_z,-28.400000000000002
1779907441681,baro,presion,1012.3
1779907441681,baro,temp,19.63
1779907441681,baro,alt,500.1
1779907441782,gps,lat,-33.300305
1779907441782,gps,lon,-70.600037
1779907441782,gps,alt,499.0
1779907442585,imu,accel_x,1.71
1779907442585,imu,accel_y,-1.27
1779907442585,imu,accel_z,9.89
1779907442585,imu,gyro_x,0.4
1779907442585,imu,gyro_y,0.25
1779907442585,imu,gyro_z,0.09
1779907442585,imu,mag_x,-26.200000000000003
1779907442585,imu,mag_y,-6.6000000000000005
1779907442585,imu,mag_z,8.3
1779907442684,baro,presion,1013.6
1779907442684,baro,temp,19.53
1779907442684,baro,alt,499.4
1779907442785,gps,lat,-33.299499
1779907442785,gps,lon,-70.599103
1779907442785,gps,alt,500.0
1779907443588,imu,accel_x,0.5700000000000001
1779907443588,imu,accel_y,1.51
1779907443588,imu,accel_z,9.78
1779907443588,imu,gyro_x,0.21
1779907443588,imu,gyro_y,-0.01
1779907443588,imu,gyro_z,-0.04
1779907443588,imu,mag_x,27.200000000000003
1779907443588,imu,mag_y,-5.800000000000001
1779907443588,imu,mag_z,-1.8
1779907443687,baro,presion,1012.2
1779907443687,baro,temp,20.46
1779907443687,baro,alt,500.4
1779907443787,gps,lat,-33.299248
1779907443787,gps,lon,-70.600219
1779907443787,gps,alt,498.0
1779907444589,imu,accel_x,0.43
1779907444589,imu,accel_y,0.72
1779907444589,imu,accel_z,9.77
1779907444589,imu,gyro_x,0.43
1779907444589,imu,gyro_y,0.13
1779907444589,imu,gyro_z,-0.45
1779907444589,imu,mag_x,9.3
1779907444589,imu,mag_y,18.6
1779907444589,imu,mag_z,-0.7000000000000001
1779907444689,baro,presion,1013.5
1779907444689,baro,temp,20.07
1779907444689,baro,alt,499.4
1779907444790,gps,lat,-33.29986
1779907444790,gps,lon,-70.599843
1779907444790,gps,alt,503.0
1779907445593,imu,accel_x,-0.97
1779907445593,imu,accel_y,0.17
1779907445593,imu,accel_z,9.84
1779907445593,imu,gyro_x,-0.43
1779907445593,imu,gyro_y,-0.26
1779907445593,imu,gyro_z,-0.32
1779907445593,imu,mag_x,-2.7
1779907445593,imu,mag_y,21.200000000000003
1779907445593,imu,mag_z,-11.3
1779907445693,baro,presion,1012.4
1779907445693,baro,temp,19.62
1779907445693,baro,alt,499.4
1779907445793,gps,lat,-33.299211
1779907445793,gps,lon,-70.600084
1779907445793,gps,alt,495.0
1779907446595,imu,accel_x,-1.78
1779907446595,imu,accel_y,-1.84
1779907446595,imu,accel_z,9.700000000000001
1779907446595,imu,gyro_x,0.44
1779907446595,imu,gyro_y,0.03
1779907446595,imu,gyro_z,0.16
1779907446595,imu,mag_x,3.3000000000000003
1779907446595,imu,mag_y,18.3
1779907446595,imu,mag_z,29.6
1779907446694,baro,presion,1013.3
1779907446694,baro,temp,19.82
1779907446694,baro,alt,499.9
1779907446797,gps,lat,-33.300025
1779907446797,gps,lon,-70.600665
1779907446797,gps,alt,497.0
1779907447598,imu,accel_x,1.0
1779907447598,imu,accel_y,-1.9000000000000001
1779907447598,imu,accel_z,9.700000000000001
1779907447598,imu,gyro_x,0.22
1779907447598,imu,gyro_y,0.39
1779907447598,imu,gyro_z,-0.07
1779907447598,imu,mag_x,0.8
1779907447598,imu,mag_y,-5.2
1779907447598,imu,mag_z,-14.3
1779907447697,baro,presion,1012.6
1779907447697,baro,temp,20.36
1779907447697,baro,alt,499.0
1779907447798,gps,lat,-33.299475
1779907447798,gps,lon,-70.600511
1779907447798,gps,alt,496.0
1779907448602,imu,accel_x,-1.75
1779907448602,imu,accel_y,0.23
1779907448602,imu,accel_z,9.81
1779907448602,imu,gyro_x,0.21
1779907448602,imu,gyro_y,-0.34
1779907448602,imu,gyro_z,-0.47000000000000003
1779907448602,imu,mag_x,20.1
1779907448602,imu,mag_y,1.4000000000000001
1779907448602,imu,mag_z,-22.6
1779907448700,baro,presion,1012.8
1779907448700,baro,temp,19.91
1779907448700,baro,alt,499.2
1779907448800,gps,lat,-33.299276
1779907448800,gps,lon,-70.599167
1779907448800,gps,alt,504.0
1779907449603,imu,accel_x,1.3
1779907449603,imu,accel_y,0.52
1779907449603,imu,accel_z,9.700000000000001
1779907449603,imu,gyro_x,-0.48
1779907449603,imu,gyro_y,-0.04
1779907449603,imu,gyro_z,0.06
1779907449603,imu,mag_x,-5.6000000000000005
1779907449603,imu,mag_y,11.600000000000001
1779907449603,imu,mag_z,21.1
1779907449703,baro,presion,1012.2
1779907449703,baro,temp,19.91
1779907449703,baro,alt,500.5
1779907449803,gps,lat,-33.30093
1779907449803,gps,lon,-70.599014
1779907449803,gps,alt,496.0
1779907450607,imu,accel_x,0.73
1779907450607,imu,accel_y,0.85
1779907450607,imu,accel_z,9.73
1779907450607,imu,gyro_x,0.11
1779907450607,imu,gyro_y,0.45
1779907450607,imu,gyro_z,-0.08
1779907450607,imu,mag_x,-20.3
1779907450607,imu,mag_y,-27.200000000000003
1779907450607,imu,mag_z,10.3
1779907450707,baro,presion,1012.1
1779907450707,baro,temp,19.71
1779907450707,baro,alt,500.1
1779907450806,gps,lat,-33.300054
1779907450806,gps,lon,-70.600949
1779907450806,gps,alt,499.0
1779907451609,imu,accel_x,-0.73
1779907451609,imu,accel_y,-1.8800000000000001
1779907451609,imu,accel_z,9.72
1779907451609,imu,gyro_x,-0.17
1779907451609,imu,gyro_y,-0.13
1779907451609,imu,gyro_z,0.26
1779907451609,imu,mag_x,20.0
1779907451609,imu,mag_y,24.6
1779907451609,imu,mag_z,-20.3
1779907451708,baro,presion,1013.0
1779907451708,baro,temp,20.0
1779907451708,baro,alt,500.7
1779907451809,gps,lat,-33.300656
1779907451809,gps,lon,-70.600321
1779907451809,gps,alt,496.0
1779907452612,imu,accel_x,-1.48
1779907452612,imu,accel_y,1.9100000000000001
1779907452612,imu,accel_z,9.89
1779907452612,imu,gyro_x,0.18
1779907452612,imu,gyro_y,0.45
1779907452612,imu,gyro_z,-0.02
1779907452612,imu,mag_x,-26.3
1779907452612,imu,mag_y,12.5
1779907452612,imu,mag_z,-16.3
1779907452712,baro,presion,1012.9
1779907452712,baro,temp,19.72
1779907452712,baro,alt,500.5
1779907452812,gps,lat,-33.300386
1779907452812,gps,lon,-70.599957
1779907452812,gps,alt,501.0
1779907453615,imu,accel_x,0.26
1779907453615,imu,accel_y,1.55
1779907453615,imu,accel_z,9.71
1779907453615,imu,gyro_x,-0.25
1779907453615,imu,gyro_y,0.03
1779907453615,imu,gyro_z,0.36
1779907453615,imu,mag_x,24.1
1779907453615,imu,mag_y,-3.7
1779907453615,imu,mag_z,-13.3
1779907453713,baro,presion,1012.8
1779907453713,baro,temp,19.88
1779907453713,baro,alt,500.8
1779907453815,gps,lat,-33.30057
1779907453815,gps,lon,-70.600047
1779907453815,gps,alt,499.0
1779907454617,imu,accel_x,1.57
1779907454617,imu,accel_y,0.8
1779907454617,imu,accel_z,9.71
1779907454617,imu,gyro_x,0.21
1779907454617,imu,gyro_y,-0.22
1779907454617,imu,gyro_z,-0.15
1779907454617,imu,mag_x,10.8
1779907454617,imu,mag_y,-15.3
1779907454617,imu,mag_z,-29.200000000000003
1779907454716,baro,presion,1013.4
1779907454716,baro,temp,19.64
1779907454716,baro,alt,500.2
1779907454817,gps,lat,-33.299318
1779907454817,gps,lon,-70.599042
1779907454817,gps,alt,504.0
1779907455620,imu,accel_x,-0.87
1779907455620,imu,accel_y,1.3800000000000001
1779907455620,imu,accel_z,9.790000000000001
1779907455620,imu,gyro_x,-0.47000000000000003
1779907455620,imu,gyro_y,-0.39
1779907455620,imu,gyro_z,-0.09
1779907455620,imu,mag_x,-9.8
1779907455620,imu,mag_y,1.8
1779907455620,imu,mag_z,3.8000000000000003
1779907455719,baro,presion,1013.4
1779907455719,baro,temp,19.99
1779907455719,baro,alt,499.6
1779907455820,gps,lat,-33.300079
1779907455820,gps,lon,-70.600481
1779907455820,gps,alt,501.0
1779907456622,imu,accel_x,-1.8900000000000001
1779907456622,imu,accel_y,-0.21
1779907456622,imu,accel_z,9.85
1779907456622,imu,gyro_x,0.09
1779907456622,imu,gyro_y,-0.01
1779907456622,imu,gyro_z,-0.3
1779907456622,imu,mag_x,-19.700000000000003
1779907456622,imu,mag_y,10.700000000000001
1779907456622,imu,mag_z,-19.200000000000003
1779907456721,baro,presion,1012.7
1779907456721,baro,temp,20.27
1779907456721,baro,alt,499.6
1779907456822,gps,lat,-33.29912
1779907456822,gps,lon,-70.599876
1779907456822,gps,alt,496.0
1779907457625,imu,accel_x,0.6900000000000001
1779907457625,imu,accel_y,-0.26
1779907457625,imu,accel_z,9.89
1779907457625,imu,gyro_x,-0.41000000000000003
1779907457625,imu,gyro_y,0.47000000000000003
1779907457625,imu,gyro_z,-0.03
1779907457625,imu,mag_x,4.0
1779907457625,imu,mag_y,9.1
1779907457625,imu,mag_z,-13.4
1779907457725,baro,presion,1012.6
1779907457725,baro,temp,19.66
1779907457725,baro,alt,499.4
1779907457826,gps,lat,-33.300729
1779907457826,gps,lon,-70.60061
1779907457826,gps,alt,495.0
1779907458628,imu,accel_x,0.41000000000000003
1779907458628,imu,accel_y,1.7
1779907458628,imu,accel_z,9.82
1779907458628,imu,gyro_x,0.23
1779907458628,imu,gyro_y,-0.42
1779907458628,imu,gyro_z,-0.25
1779907458628,imu,mag_x,-27.400000000000002
1779907458628,imu,mag_y,21.200000000000003
1779907458628,imu,mag_z,19.3
1779907458728,baro,presion,1012.0
1779907458728,baro,temp,19.75
1779907458728,baro,alt,500.5
1779907458829,gps,lat,-33.299369
1779907458829,gps,lon,-70.600122
1779907458829,gps,alt,495.0
1779907459629,imu,accel_x,0.97
1779907459629,imu,accel_y,0.07
1779907459629,imu,accel_z,9.71
1779907459629,imu,gyro_x,0.26
1779907459629,imu,gyro_y,-0.12
1779907459629,imu,gyro_z,0.07
1779907459629,imu,mag_x,-9.1
1779907459629,imu,mag_y,8.8
1779907459629,imu,mag_z,-13.600000000000001
1779907459730,baro,presion,1012.6
1779907459730,baro,temp,19.94
1779907459730,baro,alt,499.2
1779907459830,gps,lat,-33.300652
1779907459830,gps,lon,-70.599902
1779907459830,gps,alt,504.0
1779907460633,imu,accel_x,-0.06
1779907460633,imu,accel_y,1.1500000000000001
1779907460633,imu,accel_z,9.8
1779907460633,imu,gyro_x,0.23
1779907460633,imu,gyro_y,0.11
1779907460633,imu,gyro_z,-0.42
1779907460633,imu,mag_x,14.0
1779907460633,imu,mag_y,-16.8
1779907460633,imu,mag_z,-7.9
1779907460733,baro,presion,1012.5
1779907460733,baro,temp,20.31
1779907460733,baro,alt,499.4
1779907460833,gps,lat,-33.300648
1779907460833,gps,lon,-70.59909
1779907460833,gps,alt,495.0
1779907461636,imu,accel_x,1.16
1779907461636,imu,accel_y,-1.1500000000000001
1779907461636,imu,accel_z,9.86
1779907461636,imu,gyro_x,0.02
1779907461636,imu,gyro_y,-0.31
1779907461636,imu,gyro_z,0.02
1779907461636,imu,mag_x,-26.8
1779907461636,imu,mag_y,-7.9
1779907461636,imu,mag_z,17.400000000000002
1779907461735,baro,presion,1013.0
1779907461735,baro,temp,19.84
1779907461735,baro,alt,500.2
1779907461835,gps,lat,-33.300028
1779907461835,gps,lon,-70.599231
1779907461835,gps,alt,495.0
1779907462640,imu,accel_x,-0.44
1779907462640,imu,accel_y,-0.86
1779907462640,imu,accel_z,9.72
1779907462640,imu,gyro_x,-0.33
1779907462640,imu,gyro_y,-0.24
1779907462640,imu,gyro_z,-0.46
1779907462640,imu,mag_x,9.1
1779907462640,imu,mag_y,6.800000000000001
1779907462640,imu,mag_z,17.8
1779907462737,baro,presion,1012.0
1779907462737,baro,temp,20.23
1779907462737,baro,alt,500.1
1779907462840,gps,lat,-33.299548
1779907462840,gps,lon,-70.599281
1779907462840,gps,alt,503.0
1779907463641,imu,accel_x,-1.1400000000000001
1779907463641,imu,accel_y,1.8900000000000001
1779907463641,imu,accel_z,9.84
1779907463641,imu,gyro_x,-0.39
1779907463641,imu,gyro_y,0.17
1779907463641,imu,gyro_z,-0.32
1779907463641,imu,mag_x,14.3
1779907463641,imu,mag_y,18.2
1779907463641,imu,mag_z,-4.0
1779907463740,baro,presion,1012.5
1779907463740,baro,temp,19.5
1779907463740,baro,alt,499.9
1779907463842,gps,lat,-33.300975
1779907463842,gps,lon,-70.600578
1779907463842,gps,alt,502.0
1779907464644,imu,accel_x,-0.44
1779907464644,imu,accel_y,0.81
1779907464644,imu,accel_z,9.790000000000001
1779907464644,imu,gyro_x,0.22
1779907464644,imu,gyro_y,0.08
1779907464644,imu,gyro_z,-0.26
1779907464644,imu,mag_x,16.6
1779907464644,imu,mag_y,1.7000000000000002
1779907464644,imu,mag_z,-18.2
1779907464743,baro,presion,1012.7
1779907464743,baro,temp,19.99
1779907464743,baro,alt,499.6
1779907464843,gps,lat,-33.3001
1779907464843,gps,lon,-70.599278
1779907464843,gps,alt,497.0
1779907465647,imu,accel_x,1.04
1779907465647,imu,accel_y,0.15
1779907465647,imu,accel_z,9.8
1779907465647,imu,gyro_x,0.2
1779907465647,imu,gyro_y,-0.06
1779907465647,imu,gyro_z,0.41000000000000003
1779907465647,imu,mag_x,11.600000000000001
1779907465647,imu,mag_y,-26.5
1779907465647,imu,mag_z,12.100000000000001
1779907465746,baro,presion,1013.6
1779907465746,baro,temp,20.23
1779907465746,baro,alt,499.8
1779907465847,gps,lat,-33.299894
1779907465847,gps,lon,-70.600436
1779907465847,gps,alt,502.0
1779907466649,imu,accel_x,1.21
1779907466649,imu,accel_y,-0.12
1779907466649,imu,accel_z,9.700000000000001
1779907466649,imu,gyro_x,0.38
1779907466649,imu,gyro_y,0.13
1779907466649,imu,gyro_z,-0.36
1779907466649,imu,mag_x,21.700000000000003
1779907466649,imu,mag_y,9.8
1779907466649,imu,mag_z,-11.4
1779907466749,baro,presion,1013.0
1779907466749,baro,temp,20.44
1779907466749,baro,alt,499.2
1779907466849,gps,lat,-33.300754
1779907466849,gps,lon,-70.60076
1779907466849,gps,alt,501.0
1779907467653,imu,accel_x,-1.03
1779907467653,imu,accel_y,-1.21
1779907467653,imu,accel_z,9.790000000000001
1779907467653,imu,gyro_x,0.06
1779907467653,imu,gyro_y,-0.17
1779907467653,imu,gyro_z,0.05
1779907467653,imu,mag_x,25.3
1779907467653,imu,mag_y,-11.100000000000001
1779907467653,imu,mag_z,13.4
1779907467753,baro,presion,1013.2
1779907467753,baro,temp,20.48
1779907467753,baro,alt,500.2
1779907467853,gps,lat,-33.300751
1779907467853,gps,lon,-70.60047
1779907467853,gps,alt,502.0
1779907468655,imu,accel_x,-0.38
1779907468655,imu,accel_y,-0.47000000000000003
1779907468655,imu,accel_z,9.89
1779907468655,imu,gyro_x,-0.33
1779907468655,imu,gyro_y,0.12
1779907468655,imu,gyro_z,-0.4
1779907468655,imu,mag_x,-0.1
1779907468655,imu,mag_y,-12.9
1779907468655,imu,mag_z,4.7
1779907468755,baro,presion,1012.5
1779907468755,baro,temp,19.75
1779907468755,baro,alt,500.4
1779907468856,gps,lat,-33.300319
1779907468856,gps,lon,-70.599227
1779907468856,gps,alt,500.0
1779907469658,imu,accel_x,-0.24
1779907469658,imu,accel_y,-0.02
1779907469658,imu,accel_z,9.73
1779907469658,imu,gyro_x,0.11
1779907469658,imu,gyro_y,0.42
1779907469658,imu,gyro_z,-0.01
1779907469658,imu,mag_x,19.0
1779907469658,imu,mag_y,4.3
1779907469658,imu,mag_z,-14.0
1779907469757,baro,presion,1012.3
1779907469757,baro,temp,20.31
1779907469757,baro,alt,499.4
1779907469858,gps,lat,-33.299497
1779907469858,gps,lon,-70.599421
1779907469858,gps,alt,498.0
1779907470661,imu,accel_x,1.37
1779907470661,imu,accel_y,0.58
1779907470661,imu,accel_z,9.71
1779907470661,imu,gyro_x,0.13
1779907470661,imu,gyro_y,0.25
1779907470661,imu,gyro_z,0.19
1779907470661,imu,mag_x,-20.3
1779907470661,imu,mag_y,2.1
1779907470661,imu,mag_z,12.700000000000001
1779907470760,baro,presion,1012.6
1779907470760,baro,temp,20.34
1779907470760,baro,alt,500.8
1779907470861,gps,lat,-33.299781
1779907470861,gps,lon,-70.599274
1779907470861,gps,alt,504.0
1779907471664,imu,accel_x,1.6500000000000001
1779907471664,imu,accel_y,1.5
1779907471664,imu,accel_z,9.76
1779907471664,imu,gyro_x,0.22
1779907471664,imu,gyro_y,0.07
1779907471664,imu,gyro_z,0.34
1779907471664,imu,mag_x,-3.7
1779907471664,imu,mag_y,-23.0
1779907471664,imu,mag_z,8.9
1779907471763,baro,presion,1012.6
1779907471763,baro,temp,19.91
1779907471763,baro,alt,499.5
1779907471864,gps,lat,-33.300038
1779907471864,gps,lon,-70.600359
1779907471864,gps,alt,503.0
1779907472667,imu,accel_x,0.23
1779907472667,imu,accel_y,-1.56
1779907472667,imu,accel_z,9.89
1779907472667,imu,gyro_x,0.03
1779907472667,imu,gyro_y,-0.32
1779907472667,imu,gyro_z,-0.38
1779907472667,imu,mag_x,-5.2
1779907472667,imu,mag_y,-0.7000000000000001
1779907472667,imu,mag_z,18.400000000000002
1779907472765,baro,presion,1013.1
1779907472765,baro,temp,19.56
1779907472765,baro,alt,500.6
1779907472866,gps,lat,-33.299602
1779907472866,gps,lon,-70.599028
1779907472866,gps,alt,501.0
1779907473669,imu,accel_x,1.93
1779907473669,imu,accel_y,-0.26
1779907473669,imu,accel_z,9.78
1779907473669,imu,gyro_x,-0.29
1779907473669,imu,gyro_y,-0.48
1779907473669,imu,gyro_z,0.38
1779907473669,imu,mag_x,-10.100000000000001
1779907473669,imu,mag_y,22.0
1779907473669,imu,mag_z,10.0
1779907473769,baro,presion,1012.2
1779907473769,baro,temp,19.52
1779907473769,baro,alt,499.7
1779907473868,gps,lat,-33.300175
1779907473868,gps,lon,-70.600519
1779907473868,gps,alt,497.0
1779907474672,imu,accel_x,-1.78
1779907474672,imu,accel_y,-0.24
1779907474672,imu,accel_z,9.88
1779907474672,imu,gyro_x,0.13
1779907474672,imu,gyro_y,-0.27
1779907474672,imu,gyro_z,0.08
1779907474672,imu,mag_x,12.600000000000001
1779907474672,imu,mag_y,27.700000000000003
1779907474672,imu,mag_z,24.400000000000002
1779907474771,baro,presion,1013.0
1779907474771,baro,temp,19.78
1779907474771,baro,alt,500.5
1779907474871,gps,lat,-33.300565
1779907474871,gps,lon,-70.60051
1779907474871,gps,alt,495.0
1779907475673,imu,accel_x,-0.13
1779907475673,imu,accel_y,-0.34
1779907475673,imu,accel_z,9.790000000000001
1779907475673,imu,gyro_x,0.03
1779907475673,imu,gyro_y,0.49
1779907475673,imu,gyro_z,0.46
1779907475673,imu,mag_x,26.0
1779907475673,imu,mag_y,16.0
1779907475673,imu,mag_z,-10.200000000000001
1779907475773,baro,presion,1012.1
1779907475773,baro,temp,19.95
1779907475773,baro,alt,500.6
1779907475874,gps,lat,-33.299998
1779907475874,gps,lon,-70.60029
1779907475874,gps,alt,502.0
1779907476677,imu,accel_x,-1.74
1779907476677,imu,accel_y,-2.0
1779907476677,imu,accel_z,9.78
1779907476677,imu,gyro_x,0.01
1779907476677,imu,gyro_y,0.46
1779907476677,imu,gyro_z,-0.45
1779907476677,imu,mag_x,20.400000000000002
1779907476677,imu,mag_y,6.4
1779907476677,imu,mag_z,-26.6
1779907476776,baro,presion,1012.6
1779907476776,baro,temp,19.51
1779907476776,baro,alt,500.6
1779907476877,gps,lat,-33.299763
1779907476877,gps,lon,-70.600337
1779907476877,gps,alt,499.0
1779907477679,imu,accel_x,-0.07
1779907477679,imu,accel_y,-0.03
1779907477679,imu,accel_z,9.88
1779907477679,imu,gyro_x,-0.03
1779907477679,imu,gyro_y,-0.24
1779907477679,imu,gyro_z,-0.29
1779907477679,imu,mag_x,-3.5
1779907477679,imu,mag_y,-6.6000000000000005
1779907477679,imu,mag_z,-13.8
1779907477778,baro,presion,1013.8
1779907477778,baro,temp,20.28
1779907477778,baro,alt,499.6
1779907477879,gps,lat,-33.300079
1779907477879,gps,lon,-70.599259
1779907477879,gps,alt,498.0
1779907478682,imu,accel_x,0.2
1779907478682,imu,accel_y,1.71
1779907478682,imu,accel_z,9.85
1779907478682,imu,gyro_x,0.37
1779907478682,imu,gyro_y,0.1
1779907478682,imu,gyro_z,-0.33
1779907478682,imu,mag_x,1.9000000000000001
1779907478682,imu,mag_y,-24.6
1779907478682,imu,mag_z,10.700000000000001
1779907478781,baro,presion,1012.1
1779907478781,baro,temp,20.43
1779907478781,baro,alt,500.8
1779907478883,gps,lat,-33.299422
1779907478883,gps,lon,-70.599758
1779907478883,gps,alt,503.0
1779907479685,imu,accel_x,-1.6500000000000001
1779907479685,imu,accel_y,-1.8800000000000001
1779907479685,imu,accel_z,9.86
1779907479685,imu,gyro_x,0.33
1779907479685,imu,gyro_y,-0.21
1779907479685,imu,gyro_z,0.49
1779907479685,imu,mag_x,11.100000000000001
1779907479685,imu,mag_y,10.600000000000001
1779907479685,imu,mag_z,-16.900000000000002
1779907479783,baro,presion,1012.4
1779907479783,baro,temp,20.0
1779907479783,baro,alt,499.8
1779907479886,gps,lat,-33.300068
1779907479886,gps,lon,-70.599499
1779907479886,gps,alt,501.0
1779907480687,imu,accel_x,-0.48
1779907480687,imu,accel_y,1.1300000000000001
1779907480687,imu,accel_z,9.81
1779907480687,imu,gyro_x,-0.09
1779907480687,imu,gyro_y,-0.25
1779907480687,imu,gyro_z,-0.33
1779907480687,imu,mag_x,23.0
1779907480687,imu,mag_y,23.5
1779907480687,imu,mag_z,-13.9
1779907480787,baro,presion,1013.5
1779907480787,baro,temp,19.79
1779907480787,baro,alt,500.4
1779907480887,gps,lat,-33.299975
1779907480887,gps,lon,-70.599569
1779907480887,gps,alt,502.0
1779907481690,imu,accel_x,-1.71
1779907481690,imu,accel_y,1.21
1779907481690,imu,accel_z,9.81
1779907481690,imu,gyro_x,-0.15
1779907481690,imu,gyro_y,-0.27
1779907481690,imu,gyro_z,-0.03
1779907481690,imu,mag_x,29.0
1779907481690,imu,mag_y,-12.3
1779907481690,imu,mag_z,13.5
1779907481789,baro,presion,1013.4
1779907481789,baro,temp,20.24
1779907481789,baro,alt,499.5
1779907481890,gps,lat,-33.300499
1779907481890,gps,lon,-70.600972
1779907481890,gps,alt,495.0
1779907482692,imu,accel_x,-1.76
1779907482692,imu,accel_y,-1.72
1779907482692,imu,accel_z,9.700000000000001
1779907482692,imu,gyro_x,-0.37
1779907482692,imu,gyro_y,-0.16
1779907482692,imu,gyro_z,0.07
1779907482692,imu,mag_x,-22.0
1779907482692,imu,mag_y,1.3
1779907482692,imu,mag_z,6.5
1779907482792,baro,presion,1012.1
1779907482792,baro,temp,19.75
1779907482792,baro,alt,499.7
1779907482892,gps,lat,-33.300487
1779907482892,gps,lon,-70.600096
1779907482892,gps,alt,498.0
1779907483696,imu,accel_x,-0.74
1779907483696,imu,accel_y,1.75
1779907483696,imu,accel_z,9.77
1779907483696,imu,gyro_x,0.47000000000000003
1779907483696,imu,gyro_y,-0.3
1779907483696,imu,gyro_z,0.09
1779907483696,imu,mag_x,-7.5
1779907483696,imu,mag_y,13.100000000000001
1779907483696,imu,mag_z,22.3
1779907483794,baro,presion,1012.3
1779907483794,baro,temp,19.63
1779907483794,baro,alt,500.5
1779907483896,gps,lat,-33.300056
1779907483896,gps,lon,-70.599467
1779907483896,gps,alt,499.0
1779907484698,imu,accel_x,1.49
1779907484698,imu,accel_y,-1.09
1779907484698,imu,accel_z,9.86
1779907484698,imu,gyro_x,0.47000000000000003
1779907484698,imu,gyro_y,-0.45
1779907484698,imu,gyro_z,-0.21
1779907484698,imu,mag_x,-7.9
1779907484698,imu,mag_y,-16.6
1779907484698,imu,mag_z,27.0
1779907484797,baro,presion,1012.1
1779907484797,baro,temp,19.52
1779907484797,baro,alt,500.4
1779907484898,gps,lat,-33.300722
1779907484898,gps,lon,-70.600698
1779907484898,gps,alt,499.0
1779907485701,imu,accel_x,0.25
1779907485701,imu,accel_y,-1.85
1779907485701,imu,accel_z,9.71
1779907485701,imu,gyro_x,0.41000000000000003
1779907485701,imu,gyro_y,0.22
1779907485701,imu,gyro_z,-0.4
1779907485701,imu,mag_x,-7.7
1779907485701,imu,mag_y,-28.400000000000002
1779907485701,imu,mag_z,16.2
1779907485800,baro,presion,1012.1
1779907485800,baro,temp,19.68
1779907485800,baro,alt,500.9
1779907485902,gps,lat,-33.300073
1779907485902,gps,lon,-70.599055
1779907485902,gps,alt,496.0
1779907486704,imu,accel_x,-0.86
1779907486704,imu,accel_y,1.8800000000000001
1779907486704,imu,accel_z,9.790000000000001
1779907486704,imu,gyro_x,-0.48
1779907486704,imu,gyro_y,0.07
1779907486704,imu,gyro_z,0.4
1779907486704,imu,mag_x,-16.0
1779907486704,imu,mag_y,20.200000000000003
1779907486704,imu,mag_z,2.4000000000000004
1779907486803,baro,presion,1012.2
1779907486803,baro,temp,20.09
1779907486803,baro,alt,499.6
1779907486904,gps,lat,-33.299391
1779907486904,gps,lon,-70.600847
1779907486904,gps,alt,503.0
1779907487707,imu,accel_x,1.81
1779907487707,imu,accel_y,0.6
1779907487707,imu,accel_z,9.74
1779907487707,imu,gyro_x,0.4
1779907487707,imu,gyro_y,0.41000000000000003
1779907487707,imu,gyro_z,-0.32
1779907487707,imu,mag_x,18.5
1779907487707,imu,mag_y,0.9
1779907487707,imu,mag_z,-23.3
1779907487806,baro,presion,1012.1
1779907487806,baro,temp,20.48
1779907487806,baro,alt,499.8
1779907487906,gps,lat,-33.300795
1779907487906,gps,lon,-70.599631
1779907487906,gps,alt,495.0
1779907488709,imu,accel_x,0.09
1779907488709,imu,accel_y,-0.63
1779907488709,imu,accel_z,9.81
1779907488709,imu,gyro_x,-0.2
1779907488709,imu,gyro_y,0.2
1779907488709,imu,gyro_z,-0.23
1779907488709,imu,mag_x,-10.4
1779907488709,imu,mag_y,-14.3
1779907488709,imu,mag_z,0.1
1779907488808,baro,presion,1013.0
1779907488808,baro,temp,19.81
1779907488808,baro,alt,499.7
1779907488909,gps,lat,-33.299441
1779907488909,gps,lon,-70.600665
1779907488909,gps,alt,502.0
1779907489712,imu,accel_x,-1.59
1779907489712,imu,accel_y,0.51
1779907489712,imu,accel_z,9.71
1779907489712,imu,gyro_x,-0.36
1779907489712,imu,gyro_y,-0.41000000000000003
1779907489712,imu,gyro_z,0.25
1779907489712,imu,mag_x,3.5
1779907489712,imu,mag_y,-12.700000000000001
1779907489712,imu,mag_z,-16.5
1779907489811,baro,presion,1013.8
1779907489811,baro,temp,19.85
1779907489811,baro,alt,500.1
1779907489912,gps,lat,-33.299486
1779907489912,gps,lon,-70.600357
1779907489912,gps,alt,497.0
1779907490714,imu,accel_x,-1.6500000000000001
1779907490714,imu,accel_y,-1.05
1779907490714,imu,accel_z,9.8
1779907490714,imu,gyro_x,0.25
1779907490714,imu,gyro_y,-0.36
1779907490714,imu,gyro_z,-0.05
1779907490714,imu,mag_x,-24.1
1779907490714,imu,mag_y,-27.3
1779907490714,imu,mag_z,-9.5
1779907490813,baro,presion,1012.0
1779907490813,baro,temp,20.38
1779907490813,baro,alt,499.6
1779907490915,gps,lat,-33.299943
1779907490915,gps,lon,-70.600124
1779907490915,gps,alt,497.0
1779907491718,imu,accel_x,-1.72
1779907491718,imu,accel_y,-1.87
1779907491718,imu,accel_z,9.76
1779907491718,imu,gyro_x,0.05
1779907491718,imu,gyro_y,-0.46
1779907491718,imu,gyro_z,-0.37
1779907491718,imu,mag_x,27.1
1779907491718,imu,mag_y,9.4
1779907491718,imu,mag_z,11.0
1779907491816,baro,presion,1013.4
1779907491816,baro,temp,19.57
1779907491816,baro,alt,499.2
1779907491917,gps,lat,-33.299664
1779907491917,gps,lon,-70.599997
1779907491917,gps,alt,498.0
1779907492720,imu,accel_x,-0.31
1779907492720,imu,accel_y,-1.28
1779907492720,imu,accel_z,9.8
1779907492720,imu,gyro_x,0.09
1779907492720,imu,gyro_y,0.39
1779907492720,imu,gyro_z,0.23
1779907492720,imu,mag_x,-15.100000000000001
1779907492720,imu,mag_y,11.5
1779907492720,imu,mag_z,-12.200000000000001
1779907492819,baro,presion,1012.1
1779907492819,baro,temp,19.51
1779907492819,baro,alt,500.7
1779907492920,gps,lat,-33.299011
1779907492920,gps,lon,-70.599826
1779907492920,gps,alt,496.0
1779907493722,imu,accel_x,0.97
1779907493722,imu,accel_y,-1.93
1779907493722,imu,accel_z,9.77
1779907493722,imu,gyro_x,0.47000000000000003
1779907493722,imu,gyro_y,-0.07
1779907493722,imu,gyro_z,-0.06
1779907493722,imu,mag_x,-27.900000000000002
1779907493722,imu,mag_y,-20.900000000000002
1779907493722,imu,mag_z,-2.5
1779907493821,baro,presion,1012.1
1779907493821,baro,temp,19.91
1779907493821,baro,alt,500.1
1779907493923,gps,lat,-33.300013
1779907493923,gps,lon,-70.599297
1779907493923,gps,alt,497.0
1779907494726,imu,accel_x,-1.8900000000000001
1779907494726,imu,accel_y,1.52
1779907494726,imu,accel_z,9.73
1779907494726,imu,gyro_x,-0.15
1779907494726,imu,gyro_y,-0.04
1779907494726,imu,gyro_z,0.15
1779907494726,imu,mag_x,2.8000000000000003
1779907494726,imu,mag_y,22.900000000000002
1779907494726,imu,mag_z,16.8
1779907494824,baro,presion,1013.6
1779907494824,baro,temp,19.93
1779907494824,baro,alt,500.0
1779907494925,gps,lat,-33.29932
1779907494925,gps,lon,-70.600732
1779907494925,gps,alt,496.0
1779907495728,imu,accel_x,-0.37
1779907495728,imu,accel_y,-0.96
1779907495728,imu,accel_z,9.870000000000001
1779907495728,imu,gyro_x,-0.5
1779907495728,imu,gyro_y,-0.08
1779907495728,imu,gyro_z,0.31
1779907495728,imu,mag_x,11.200000000000001
1779907495728,imu,mag_y,-7.5
1779907495728,imu,mag_z,11.8
1779907495827,baro,presion,1013.4
1779907495827,baro,temp,20.0
1779907495827,baro,alt,500.1
1779907495927,gps,lat,-33.299557
1779907495927,gps,lon,-70.600769
1779907495927,gps,alt,499.0
1779907496730,imu,accel_x,0.89
1779907496730,imu,accel_y,-1.79
1779907496730,imu,accel_z,9.71
1779907496730,imu,gyro_x,0.25
1779907496730,imu,gyro_y,-0.1
1779907496730,imu,gyro_z,-0.39
1779907496730,imu,mag_x,22.400000000000002
1779907496730,imu,mag_y,9.4
1779907496730,imu,mag_z,18.6
1779907496830,baro,presion,1013.3
1779907496830,baro,temp,19.69
1779907496830,baro,alt,499.4
1779907496931,gps,lat,-33.299896
1779907496931,gps,lon,-70.599379
1779907496931,gps,alt,495.0
1779907497734,imu,accel_x,-0.14
1779907497734,imu,accel_y,-0.07
1779907497734,imu,accel_z,9.77
1779907497734,imu,gyro_x,-0.46
1779907497734,imu,gyro_y,0.03
1779907497734,imu,gyro_z,-0.33
1779907497734,imu,mag_x,16.1
1779907497734,imu,mag_y,13.100000000000001
1779907497734,imu,mag_z,-21.900000000000002
1779907497832,baro,presion,1012.5
1779907497832,baro,temp,20.42
1779907497832,baro,alt,499.1
1779907497934,gps,lat,-33.299126
1779907497934,gps,lon,-70.599739
1779907497934,gps,alt,500.0
1779907498736,imu,accel_x,0.26
1779907498736,imu,accel_y,-1.0
1779907498736,imu,accel_z,9.78
1779907498736,imu,gyro_x,0.21
1779907498736,imu,gyro_y,-0.37
1779907498736,imu,gyro_z,-0.21
1779907498736,imu,mag_x,-10.700000000000001
1779907498736,imu,mag_y,3.9000000000000004
1779907498736,imu,mag_z,4.1000000000000005
1779907498836,baro,presion,1012.8
1779907498836,baro,temp,19.85
1779907498836,baro,alt,500.0
1779907498935,gps,lat,-33.299244
1779907498935,gps,lon,-70.599462
1779907498935,gps,alt,495.0
1779907499739,imu,accel_x,-1.71
1779907499739,imu,accel_y,0.28
1779907499739,imu,accel_z,9.8
1779907499739,imu,gyro_x,-0.22
1779907499739,imu,gyro_y,-0.11
1779907499739,imu,gyro_z,-0.43
1779907499739,imu,mag_x,-23.400000000000002
1779907499739,imu,mag_y,-10.0
1779907499739,imu,mag_z,9.0
1779907499837,baro,presion,1012.8
1779907499837,baro,temp,19.7
1779907499837,baro,alt,499.0
1779907499938,gps,lat,-33.299773
1779907499938,gps,lon,-70.599874
1779907499938,gps,alt,498.0
1779907500741,imu,accel_x,1.44
1779907500741,imu,accel_y,1.27
1779907500741,imu,accel_z,9.82
1779907500741,imu,gyro_x,-0.36
1779907500741,imu,gyro_y,0.09
1779907500741,imu,gyro_z,0.04
1779907500741,imu,mag_x,22.3
1779907500741,imu,mag_y,26.900000000000002
1779907500741,imu,mag_z,3.4000000000000004
1779907500841,baro,presion,1012.8
1779907500841,baro,temp,19.73
1779907500841,baro,alt,500.2
1779907500942,gps,lat,-33.29984
1779907500942,gps,lon,-70.600805
1779907500942,gps,alt,503.0
1779907501745,imu,accel_x,1.21
1779907501745,imu,accel_y,-1.33
1779907501745,imu,accel_z,9.78
1779907501745,imu,gyro_x,0.45
1779907501745,imu,gyro_y,-0.18
1779907501745,imu,gyro_z,-0.38
1779907501745,imu,mag_x,-26.900000000000002
1779907501745,imu,mag_y,21.900000000000002
1779907501745,imu,mag_z,5.6000000000000005
1779907501844,baro,presion,1013.7
1779907501844,baro,temp,19.69
1779907501844,baro,alt,500.0
1779907501944,gps,lat,-33.300257
1779907501944,gps,lon,-70.600839
1779907501944,gps,alt,495.0
1779907502746,imu,accel_x,-1.9100000000000001
1779907502746,imu,accel_y,-0.88
1779907502746,imu,accel_z,9.82
1779907502746,imu,gyro_x,-0.45
1779907502746,imu,gyro_y,0.47000000000000003
1779907502746,imu,gyro_z,-0.01
1779907502746,imu,mag_x,-18.3
1779907502746,imu,mag_y,2.4000000000000004
1779907502746,imu,mag_z,-19.0
1779907502846,baro,presion,1012.7
1779907502846,baro,temp,20.15
1779907502846,baro,alt,499.0
1779907502947,gps,lat,-33.300232
1779907502947,gps,lon,-70.600699
1779907502947,gps,alt,497.0
1779907503750,imu,accel_x,0.32
1779907503750,imu,accel_y,0.45
1779907503750,imu,accel_z,9.72
1779907503750,imu,gyro_x,0.24
1779907503750,imu,gyro_y,0.12
1779907503750,imu,gyro_z,-0.38
1779907503750,imu,mag_x,-10.700000000000001
1779907503750,imu,mag_y,24.3
1779907503750,imu,mag_z,-17.6
1779907503849,baro,presion,1012.4
1779907503849,baro,temp,20.25
1779907503849,baro,alt,500.8
